city,region4,city_tier,pop_10k,gdp_100m,OCR_w1,Q_w1,K_100m,V_100m,ln_Pop,ln_OCR,ln_Q,ln_GDP,ln_K,ln_V
深圳市,东部,一线,1103.7245093062606,18497.7323,0.1259157403675395,7.610126961623662,22599.51285646059,172094.539607651,7.00644565702522,-2.072142322970205,2.0294798552592175,9.825403425174695,10.025683630004197,12.055799253675664
上海市,东部,一线,2430.016664415935,26651.050000000003,0.2681363259402531,6.82768619984688,56699.92600098543,389540.63232522673,7.795653394095415,-1.3162597489229837,1.9209858460329368,10.19058382844261,10.945528184617734,12.872723458043925
北京市,东部,一线,2108.946922803273,24341.86,0.2999787637290331,6.501892241263212,57360.34593826046,375701.2275400651,7.653944013165055,-1.2040435944013839,1.8720932485766153,10.099952781041742,10.957108506257066,12.83654949889786
厦门市,东部,二线,411.4957720588235,3625.1475,0.4824211851418585,4.17462705006293,11691.156240174474,49374.554642947056,6.019798745602188,-0.7289377184018989,1.4290250249864727,8.195650256116146,9.366587958058695,10.807190482273064
阜阳市,中部,三线及以下,802.3305439330545,1334.6547,1.630950800605942,4.073842565600295,4723.933551478175,19101.465202376578,6.6875206724986835,0.4891631580128027,1.4045866733662962,7.196427885692841,8.460397111062138,9.857520323258806
广州市,东部,一线,1643.5056256358089,18823.9278,0.1875333029610909,3.6445777353781104,35541.097719040765,129789.67243954842,7.404586816059054,-1.6737988335510041,1.2932405111168745,9.842884094870731,10.478444988092676,11.773670514905975
温州市,东部,二线,938.3858198198196,4859.8176,0.7719607456083429,3.400204050267544,17728.88563028563,60088.43650876267,6.844161186206145,-0.2588215779077337,1.2238354446058723,8.488756185326041,9.782950544881219,11.003572697830919
丽水市,东部,三线及以下,248.68022181146023,1210.2414,0.7813434360732107,2.867834258035095,4583.464257842509,13144.615819120148,5.516167821356104,-0.24674048690910755,1.0535571309820704,7.098575122824715,8.430210379366082,9.483767510348153
茂名市,东部,三线及以下,594.6758469945355,2541.18675,0.4807232250772636,2.709274993657017,4667.817782333759,12557.368754593806,6.388016462123764,-0.7324635901312745,0.9966810690832101,7.840386475306693,8.448446957154774,9.438062924014242
东莞市,东部,新一线,783.0537358490567,6551.38025,0.2874931107300765,2.628650908830774,10929.378640379848,28929.369084636983,6.663201321795714,-1.2465563817098362,0.9664707521576819,8.787431031620702,9.29920973055003,10.272612589389375
河源市,东部,三线及以下,281.8690469798658,854.39775,1.2864929958347504,2.5836750697732955,2961.5359442553013,7524.780475790605,5.641442590672031,0.25191990836786526,0.9492128310217809,6.750396834775497,7.993463312822261,8.925956916539135
汕头市,东部,三线及以下,530.611304347826,1974.4990000000005,0.8924451433589057,2.502227916886434,5936.245676539481,14717.434330490432,6.27402974631617,-0.11379023124096851,0.9171815017753939,7.588069974269245,8.688832171547965,9.596788078890793
金华市,东部,二线,686.0360081053698,3543.63805,0.4995635562847551,2.467753170218044,10396.629398966425,25585.13327777783,6.530930116297855,-0.6940204491785074,0.9033080889743581,8.172909176148137,9.249236936345694,10.149766730441096
保定市,东部,二线,1148.4170243499796,3238.73345,1.42711270191604,2.4053243721134328,15047.421196504933,36513.36007571293,7.046139772544882,0.35565331359335106,0.8776847685226756,8.082937621867123,9.618961906425653,10.505433502069724
湛江市,东部,三线及以下,672.8233023255814,2482.2285,0.7638961045014584,2.395496613017459,6221.477571264629,14882.180027801302,6.511482742906739,-0.2693234879353783,0.873590563446264,7.816912024379566,8.735762709172562,9.607919804900655
菏泽市,东部,三线及以下,865.023283000487,2480.6,0.821034978476552,2.3773475021570976,6366.446657844937,15079.077502191914,6.762756423333198,-0.19718956571551993,0.8659853712801517,7.81625574538123,8.758796768410093,9.621063466096066
杭州市,东部,新一线,1071.8290490797544,10681.9651,0.3497908674014482,2.2758519874822776,32514.08615268977,74514.5786914432,6.977121859772172,-1.050419824796066,0.8223544822875045,9.276312093715948,10.389428694501238,11.218750072356887
亳州市,中部,三线及以下,481.2124624624624,994.3567,1.6911485145966587,2.146579564701936,3791.0623973691736,8085.817534084085,6.1763088824818295,0.5254078925511462,0.763875675175538,6.902095995402906,8.240401574723844,8.997866884287449
赣州市,中部,三线及以下,880.8704168784951,2090.53235,1.5396048225357413,2.093954158928357,9040.395309920192,18845.343798855065,6.780910528714389,0.43152577475285564,0.7390542205794729,7.645174025443689,9.10945818140361,9.844021149040003
宿州市,中部,三线及以下,527.1402352048558,1293.81875,1.577145475626855,1.9280631465317315,5177.700223342485,9890.193397647952,6.267466614100763,0.4556165520629085,0.6565159480024905,7.165353395698412,8.55211626434093,9.19929897929391
福州市,东部,二线,792.7282065596651,5907.86195,0.7175353902620778,1.9118876545790695,26075.54987002353,50226.30520276052,6.675480422103538,-0.3319330081576924,0.6480910548375466,8.684039276756737,10.168753367662866,10.824294176458677
南京市,东部,新一线,849.6432132963989,10111.895,0.4291918066741079,1.9089466204645436,35499.15736149927,68170.18604610748,6.7448165123020045,-0.8458513581699026,0.6465515823120911,9.221467732630195,10.477264238886,11.129762593502402
廊坊市,东部,三线及以下,523.2245342886387,2590.0832,0.8824912415046688,1.8984738800406895,11531.01661643943,22517.580263301617,6.260010691797072,-0.12500641486453667,0.6410503423863256,7.8594452777297565,9.352795780793357,10.022051628137017
宜宾市,西部,三线及以下,461.5324137931035,1589.4786,1.1555400022691216,1.849483896186488,6352.88116098385,11679.954933581706,6.134552287214529,0.14456776914572805,0.614906625135129,7.37116131690697,8.756663715123347,9.36562939794855
上饶市,中部,三线及以下,641.6156763590392,1817.7664,1.763940888457979,1.8438450704455709,9090.508281209197,16761.488882152215,6.463989489481747,0.5675504470786725,0.6118531034081306,7.505363773632226,9.114986102132917,9.726839205541049
台州市,东部,三线及以下,654.5225638911788,3726.25635,0.599828254904354,1.805636645890167,11694.69913694672,21255.38473337055,6.483906059761326,-0.5111119065670783,0.5909132420009714,8.223159349116962,9.366890952902562,9.964365541469842
六安市,中部,三线及以下,487.4693361702127,1062.3177,2.0245335164317915,1.790206107975865,5474.111021213077,9724.58917162635,6.189227388295937,0.705339311765137,0.5823307573446832,6.968208309607057,8.607785170946487,9.182412923031476
周口市,中部,三线及以下,903.075944333996,2263.8615,1.408290347543636,1.7718006246404303,9262.568300657094,16411.42430087889,6.805806652133077,0.34237644922098487,0.5719963315414097,7.724827262540152,9.13373664346726,9.70573297500867
珠海市,东部,二线,198.31049822064057,2125.89095,0.3878761746003544,1.763248134950025,7015.906402161158,12436.979710320284,5.289833975226994,-0.9470691279220662,0.5671576393713089,7.661946264077399,8.855935193336059,9.428429548255794
保山市,西部,三线及以下,239.78449905482043,613.3904,1.8222206481027896,1.745992306592237,2706.6384853443033,4725.769972137618,5.479740599364888,0.6000558936475302,0.557323051103142,6.419001601084907,7.903462732614804,8.460785783717945
揭阳市,东部,三线及以下,549.6221408450704,1948.4568,1.0420888642683566,1.7286974203226595,6227.079694719678,10625.658047282028,6.30923102547711,0.04122722210208941,0.5473681886811645,7.574792953632293,8.736662753043273,9.271026925736633
贵港市,西部,三线及以下,421.2915901060071,911.97995,1.715370322507373,1.6998829935333597,3736.462812259562,6322.734065985584,6.043325207015039,0.5396289887992339,0.530559421360143,6.815618005183543,8.225894670760818,8.751906998971641
齐齐哈尔市,东北,三线及以下,423.1126053639847,1297.818,1.5493977414512528,1.6810866067210828,4867.205145366074,8144.581093982835,6.047638350153848,0.4378663015221106,0.5194403740517785,7.168439671716405,8.490275159215564,9.005108088649415
宁波市,东部,新一线,904.7886949429038,8345.0507,0.4059573500595005,1.6129784863711918,26896.3403400779,43416.37631492046,6.807701430186833,-0.9015071740129799,0.47808246140452243,9.029423911571788,10.199745509497467,10.67859198336093
驻马店市,中部,三线及以下,689.0201967892284,1972.9881,1.3606068022319269,1.5781669650856918,8040.319916429917,12688.967280830244,6.535270583775949,0.3079307783518156,0.45626402486550166,7.587304474580199,8.992224151982123,9.448488176847624
玉溪市,西部,三线及以下,219.92607223476296,1278.20265,0.6597666748192221,1.57726640828121,3521.8077204057768,5473.817648207674,5.393291454583318,-0.4158690294668321,0.45569322730942985,7.153210190442009,8.166729693700372,8.607731576697871
自贡市,西部,三线及以下,255.82502354788068,1188.8375,0.7684068691899444,1.558573924105933,3280.632948858977,5119.58283428044,5.544493709019647,-0.2634359085259959,0.4437712519562607,7.0807312178805155,8.09579165497455,8.540828237034466
普洱市,西部,三线及以下,237.6649015748031,540.7782,2.2225260903943216,1.5528740133984438,2627.5318600087335,4067.8217270555906,5.470861704964624,0.7986444275470621,0.44010741621281985,6.29300921326537,7.873800228275587,8.31086293296718
石家庄市,东部,二线,1104.6733999048977,5684.164049999999,1.1417299065150748,1.5519520268842335,30909.331582411683,48627.2670518292,7.007305004566779,0.132544574079916,0.4395135107705511,8.6454393505176,10.338813410253449,10.791939703007786
定西市,西部,三线及以下,251.5848434925865,331.0768,5.197116290913495,1.5190882083532604,3003.8163072686048,4563.061932430972,5.527780282521239,1.6481039123227104,0.41811029194295074,5.8023503726328025,8.007638861636364,8.425749153579316
内江市,西部,三线及以下,325.39459926017264,1248.1248,1.0298320648855204,1.5016857013814835,3838.244569625203,5727.574111047892,5.785038597413559,0.029395745147993386,0.4065882780375934,7.129397543929707,8.252770397733137,8.653047353754697
苏州市,东部,新一线,1154.8065656565657,14989.58,0.2845605241664702,1.5012544933246534,40067.08793871671,60473.22305146263,7.051688133308265,-1.2568093093192094,0.40630108746313304,9.615110572024994,10.598310526637315,11.009955951854515
泉州市,东部,二线,833.357408616188,6392.17165,0.4610163619893422,1.4738736815519944,16941.768272344078,24897.90734999452,6.72546261211029,-0.774321744230638,0.38789409236896527,8.762829340965402,9.737537347194266,10.122539036752164
达州市,西部,三线及以下,563.2302752293579,1398.92295,1.760996059458434,1.4724851783956383,6803.458946997439,9971.76669522202,6.33368855913299,0.5658795918388988,0.3869515708872676,7.243457898095185,8.825186430512236,9.207513048383198
葫芦岛市,东北,三线及以下,248.81956124314445,683.75955,1.7939868950379516,1.4724470866136286,3277.3158379922565,4825.015793769653,5.516727980134354,0.5844404587258386,0.386925701509921,6.527606320731888,8.094780024277993,8.481569287087865
莆田市,东部,三线及以下,304.8665663474692,1739.29495,0.8984627493078066,1.4627428578992565,7686.764049486731,11144.417957279342,5.719874193496539,-0.10707003237388053,0.3803133430212419,7.46123510894298,8.94725517413194,9.318694019896268
南充市,西部,三线及以下,578.2822307157749,1583.801,1.7211190281824789,1.4583595532637117,7071.469595478854,10258.221976287145,6.360062037933969,0.5429746770588864,0.3773122103606718,7.367582933168966,8.863823600865489,9.235834807048986
兰州市,西部,二线,422.54236526946113,2180.1119,0.8367374143437102,1.456242602853124,9343.040968803029,13566.57894292455,6.046289714597371,-0.17824498012277987,0.3758595587331348,7.687131484741011,9.142387063756372,9.515364616618173
邵阳市,中部,三线及以下,659.3418867924528,1458.6282500000002,2.1379303301635666,1.4102258903413012,7063.955089111956,9919.228051757029,6.491242196320875,0.7598382256189412,0.3437498974742961,7.285251718249593,8.862760384550102,9.202230379887787
惠州市,东部,二线,548.9553015075377,3276.0988500000003,0.5427180476701206,1.3984594847030547,10276.539870989203,14472.760462811457,6.308017020175847,-0.6111653431310633,0.33537126270254336,8.094408618510409,9.237618893925383,9.580023572876131
漳州市,东部,三线及以下,486.7274809160306,2946.3611499999997,0.837062765149465,1.3972141219877376,11652.365889392677,16256.774087218322,6.187704379013688,-0.17785622307299762,0.3344803412482569,7.988326179461519,9.36326451901033,9.696264967798758
怀化市,中部,三线及以下,457.1349376797699,1336.7923500000002,1.254938105576982,1.3869741384790029,4634.7375102498045,6397.95188682769,6.124978615756942,0.22708625310220854,0.32712449550565587,7.198028254643625,8.441334844303483,8.763733200448003
郑州市,中部,新一线,1152.5445510317904,7712.7438,0.6033935009290238,1.3803383086402832,31869.22957670488,44360.60058254251,7.0497274301165564,-0.5051857230658877,0.3223286203130819,8.950629278735095,10.369396233184606,10.700106980203639
三亚市,东部,三线及以下,89.85910447761194,455.68845,1.5614921919991942,1.3800514519967908,3491.7684875043665,4793.151796842985,4.49824293784132,0.4456418974077736,0.3221207825297257,6.121809352326511,8.158163616796156,8.474943469186607
绥化市,东北,三线及以下,392.3072463768116,1294.2599,1.341047366146381,1.3787344034274986,3748.362042657829,5134.524278604058,5.972045324563676,0.2934509251868486,0.32116597941098435,7.165694304970449,8.22907423491994,8.5437424751507
邢台市,东部,三线及以下,696.5179825109307,1870.23915,2.045341215372849,1.3569384898107877,10485.64598256085,14160.38680177814,6.5460936112798676,0.7155646290593266,0.3052310517566941,7.5338215893722325,9.257762551601363,9.558203683384377
张家口市,东部,三线及以下,419.1463921993499,1414.7677,1.9976680866048484,1.3393350812927365,8697.27255180162,11737.77934205261,6.038220243625493,0.6919805436060416,0.29217328282039895,7.254720626988725,9.070764755698425,9.370567922343238
太原市,中部,二线,503.5834146341464,2845.47435,0.7130999431692884,1.3387645771479706,11372.812842417246,15189.43591134439,6.221749368018152,-0.33813369564317275,0.2917472313464759,7.95348506376955,9.338980947741753,9.628355459373246
广安市,西部,三线及以下,332.9788925438596,1042.11935,1.4525249865868748,1.3352674691239783,4814.370650819199,6368.923709872808,5.808079102217307,0.37330341206541756,0.2891316231882798,6.949011755101591,8.479360609732906,8.759185771947106
济南市,东部,二线,720.6112267657992,6318.17425,0.5098980024673316,1.3300172207183492,20792.148605756876,27778.713280968914,6.580099777939784,-0.6735445684275597,0.28519189005837214,8.751185560912068,9.942330723552272,10.23202529705595
张家界市,中部,三线及以下,154.25519287833828,493.099,1.079824736620846,1.329391707144737,1618.1814599673105,2151.1970135359056,5.03860832755652,0.07679874706053318,0.28472147456221164,6.200709965241814,7.389058242113266,7.673779716675477
绵阳市,西部,三线及以下,501.9506238185256,1765.3762499999998,1.0840459137986471,1.325065969070932,6919.076859386429,9169.051498696712,6.218501755926933,0.08070025802327954,0.28146224617686727,7.476119119453836,8.84203763789013,9.123589124644086
中山市,东部,二线,370.72837696335074,3106.4053,0.3285796450795293,1.3212672006391843,7224.339613643706,9611.835503768794,5.915469656898749,-1.1129760196690883,0.2785912765767455,8.041221484571038,8.88521110584724,9.170750483077876
乌鲁木齐市,西部,二线,468.8444805194805,2545.3082,0.506453234973455,1.3127351330853645,8135.754992993576,10692.31376131948,6.150271115416006,-0.6803232893221846,0.2721128484557934,7.84200702184905,9.00402382333612,9.27728042225655
玉林市,西部,三线及以下,559.5158108108108,1499.9776499999998,1.6194701611416722,1.30430418462721,6793.4125937257395,8814.985210336217,6.327071786174531,0.4820990347245123,0.26566970672078694,7.313205486979295,8.82370868541921,9.08420841704681
海口市,东部,二线,240.3263157894737,1209.81505,0.9044903348730072,1.2988925298842342,4992.685848843825,6439.287752862156,5.481997648978913,-0.10038365980586074,0.2615120013053436,7.098222775668176,8.515729290204291,8.770173215600405
天津市,东部,新一线,1270.9461504424778,17211.79,0.5764113490922865,1.2933943557543588,69257.8047838321,90522.4304027214,7.147516902426039,-0.5509337254387298,0.25727004613832144,9.753349893093914,11.145591122158583,11.413352948732168
秦皇岛市,东部,三线及以下,310.1546755407654,1299.89825,0.8633156274043627,1.2817084081076078,5469.465457140286,7017.317364295774,5.7370711264006635,-0.14697492196500703,0.2481938818535311,7.170041271155663,8.6069361679974,8.85613628214685
宁德市,东部,三线及以下,311.46067415730334,1623.1142,0.7972930464184386,1.2804680712689416,6143.264679048935,7866.2542748764035,5.741273083571699,-0.22653298092343535,0.24722569176550238,7.392101928563532,8.72311158652077,8.970337278286271
衡水市,东部,三线及以下,416.5283097055617,1320.09525,1.5565444635380532,1.275955313031002,5967.314264532235,7586.456751013653,6.0319544297785495,0.4424682768506884,0.24369516317376544,7.185459172067984,8.694052233226259,8.934119930166558
开封市,中部,三线及以下,477.3549911190053,1680.4703,1.0395579869093887,1.2649148155458547,6298.459933819785,7919.831794524192,6.168260430279199,0.03879561022270648,0.23500478042263545,7.4268289736974715,8.748060427546402,8.977125246517813
遂宁市,西部,三线及以下,296.39375,962.13165,1.942284915620956,1.2573722150554838,5172.133845276148,6483.5320934500005,5.69168880682984,0.6638650715800819,0.2290239995821373,6.869151291614407,8.551040618380592,8.777020716995967
青岛市,东部,新一线,948.9594454382824,9655.68,0.4980232655991973,1.2509387599043769,36160.03547301436,45174.32357990811,6.855366063701317,-0.6971084849780619,0.2238942773723739,9.175301622211656,10.495709795507135,10.71828414202034
丽江市,西部,三线及以下,123.88809716599192,299.45079999999996,2.783778706807089,1.2494046047798764,1861.6273264528709,2317.645756368583,4.819378715949174,1.0238092518154212,0.22266712166352642,5.701950130271437,7.529206290894566,7.748307189256705
汕尾市,东部,三线及以下,271.1192145862553,828.4882,1.6425094548948391,1.23466270412664,3585.590642321153,4426.995038339411,5.60255863037167,0.4962252277648332,0.2107978187100036,6.7196025941580695,8.184678493248844,8.395476311958848
衢州市,东部,三线及以下,227.7249805447471,1198.86025,0.9650039602103146,1.2315844643982323,5309.85369349083,6528.97849257712,5.428138675197769,-0.03562307380668623,0.20830152282677208,7.089126592771513,8.577319560841483,8.78400577704384
江门市,东部,三线及以下,469.4854296388542,2329.40245,0.7148157455198549,1.2269606480513515,7429.232690396194,9100.191730705854,6.151637264383702,-0.33573046807174184,0.20454009353667701,7.753367054440987,8.913177860561433,9.116050761591323
成都市,西部,新一线,1800.9390543193715,11485.6984,0.5999123153042376,1.2118816594134674,45862.29179791673,55709.77924588221,7.496063504691864,-0.5109717756052544,0.19217424213199036,9.34885792302621,10.733398528951227,10.927910980448802
商丘市,中部,三线及以下,751.4062369856223,1900.65805,1.632764837860285,1.2085249680974472,9037.955209339085,10846.943338627269,6.621946433592008,0.4902747974091824,0.18940058135132645,7.549955447297212,9.109188234143398,9.2916385993359
昆明市,西部,新一线,808.7165552699229,4134.04155,0.8821386809205732,1.2080728295058831,20569.064594035102,24783.53424512576,6.695448491352512,-0.12540600073158595,0.18902638702135702,8.327010790989464,9.931543507331787,10.117934769917357
泸州市,西部,三线及以下,425.0272440944882,1417.6619,1.3649324723309404,1.2061863176246677,6265.460308312602,7499.821396656378,6.052153270621596,0.3111049565933778,0.1874635785983913,7.2567642442474,8.742807337625988,8.9226344854617
南宁市,西部,二线,824.8270688566015,3556.70795,1.0203968219695492,1.1979119932853337,17760.719499854695,21233.88114702464,6.715173750855549,0.02019159278591146,0.18058003563034333,8.17659066287054,9.784744528104763,9.963353352262226
抚州市,中部,三线及以下,335.3025,1158.02235,1.8720056961801856,1.1961680606435696,5791.289502379029,6896.146082331852,5.815033109453931,0.6270104208820666,0.17912316458933006,7.054468958464823,8.66411025775297,8.838717995751969
平凉市,西部,三线及以下,184.78969957081543,367.3,5.088496871733855,1.192827938162053,3546.050364241869,4229.827944597426,5.2192184194009865,1.6269824768778915,0.1763269065298182,5.906178952825622,8.173589689647184,8.349916596177003
湖州市,东部,三线及以下,331.79752327746735,2184.32045,0.6716459584346604,1.189979064259087,8512.479876428672,10095.518003736312,5.804524913224167,-0.3980239248594016,0.17393571390908763,7.689060052292037,9.049288586452468,9.219846842331547
合肥市,中部,新一线,867.8910044785669,5967.323850000001,0.8488965590643296,1.1677112791016593,31631.00888478315,37599.087161976306,6.76606613589844,-0.16381793865162544,0.15504566129897193,8.694053839553602,10.361893212243215,10.534735051476266
武汉市,中部,新一线,1114.5716902173913,11409.105,0.4740522695708744,1.1663981524837816,41699.948016625945,48993.69864197739,7.016225475761548,-0.7464376900104451,0.1539204983236271,9.342166999814603,10.638255161182421,10.799446969679867
绍兴市,东部,二线,524.9275865921788,4627.49785,0.4902872089034961,1.155582435621037,15240.958749499669,17542.97363687446,6.263260322777754,-0.7127639189714023,0.144604490135689,8.439771579833822,9.631741737334039,9.772408786156264
安庆市,中部,三线及以下,454.9845497630331,1474.3038,1.7021625126883535,1.1522206491721445,7962.587398449347,9077.490684912227,6.1202634618096505,0.5318995089585961,0.14169107967278036,7.295941157346856,8.982509276077556,9.113553077114704
邯郸市,东部,三线及以下,933.3283223374176,3241.2610999999997,1.7021391413029523,1.1517972711707245,19067.822446039085,21899.613651245618,6.838757038556578,0.5318857784565566,0.14132356690089853,8.083717761451716,9.855757504661847,9.994224274153344
常德市,中部,三线及以下,538.6747826086956,2831.4185500000003,0.7241753413999916,1.1495125363805188,8331.43678553534,9508.40947308522,6.289112017023493,-0.32272173166416096,0.13933797110379492,7.948533119468214,9.027791203544906,9.159931893716545
肇庆市,东部,三线及以下,398.5693421052632,2027.0145,0.8273947702000186,1.1475824832665589,7052.788589968107,8058.50992846421,5.98788149088505,-0.18947334573861807,0.1376575412115763,7.614319299855127,8.861178362275469,8.994483946010684
濮阳市,中部,三线及以下,373.9675143843498,1388.94825,1.3257995129058004,1.1344363353142175,6674.7665266705735,7518.171221986559,5.9241689337070955,0.2820156834286471,0.12613590670784883,7.236302085040846,8.806089505378914,8.925078198803135
鸡西市,东北,三线及以下,161.80329341317366,516.53305,1.2505728903863478,1.1330226797646383,1683.7623891402832,1904.8124275688624,5.086381359257615,0.22360175863028015,0.1248889992900404,6.247139274895874,7.428786085761517,7.552138819494536
安康市,西部,三线及以下,250.15049504950497,807.6603,1.451079471299261,1.1322372746952607,3392.2650220288992,3814.430691009901,5.5220627169428695,0.37230774242239406,0.12419556443784759,6.694141549327417,8.129253125354056,8.24654670348971
哈尔滨市,东北,二线,1016.5223706441396,5926.41075,0.9009094318299372,1.1221446879107195,28087.763476697823,31224.343999084776,6.9241426403462984,-0.1043505460378463,0.11524175414362478,8.687174038927546,10.243089297017377,10.348953325936733
资阳市,西部,三线及以下,292.12824742268043,1106.9111,1.2434685390916536,1.1103710378878628,4417.548247444326,4832.420691473815,5.677192909348985,0.21790468365308896,0.10469422783646277,7.009328622347441,8.393340126023134,8.483102799457658
遵义市,西部,三线及以下,643.3519417475728,2403.94,1.1013518454641853,1.0982683512782894,9971.574894707375,10951.465119258251,6.466691917808729,0.09653837568487439,0.09373471329780848,7.78486433694097,9.207493813841806,9.301228527139614
聊城市,东部,三线及以下,576.7594594594595,2761.3999999999996,0.9619776542431672,1.0863220331965202,10739.141363650626,11618.639261145949,6.357425298236154,-0.038764057023671056,0.08279770904347983,7.9234930764820515,9.281650417348319,9.360365920377186
临汾市,中部,三线及以下,399.1188720930232,1183.14255,2.159117749908535,1.0851266825733947,6761.552293645388,7283.828104626697,5.989259297564181,0.7696996891415934,0.08169673830888373,7.075929355451035,8.819007771913736,8.893411841533712
吉安市,中部,三线及以下,441.75873840445274,1394.94595,1.9437545555806297,1.0790203666414444,7549.499345753783,8102.129218304416,6.090763892338516,0.6646214406497372,0.07605356157649044,7.240610947985126,8.929236528223653,8.999882172574532
韶关市,东部,三线及以下,281.8457863501484,1184.1863,1.0789147133214538,1.0741207118443736,4519.658188539765,4850.7342272282485,5.641360064442968,0.07595564081783926,0.07150238441181232,7.07681115103903,8.416191647962313,8.486885359531035
平顶山市,中部,三线及以下,494.749745614035,1765.45975,1.3914197717397851,1.073726117356088,8351.922825476177,8922.736507041262,6.20405207031182,0.33032464436747916,0.07113495179291182,7.476166417034361,9.030247069835019,9.09635796182627
汉中市,西部,三线及以下,324.4630880420499,1110.661,1.2000897807208153,1.0723361557134834,4068.8337267937495,4312.648214570303,5.782171779418469,0.18239637126262856,0.06983959158421245,7.012710612564792,8.31111168375898,8.36930742934504
济宁市,东部,三线及以下,814.7098043599776,4157.47215,0.8595729036714617,1.0710199194109369,15690.80559739895,16741.791592719597,6.702831981563538,-0.15131963673078122,0.06861139018241817,8.332662512307424,9.660830189048818,9.725663362971432
桂林市,西部,三线及以下,483.8820036934442,1998.8942,1.332573367762645,1.069131356607254,9787.012251070511,10427.428848432724,6.181841082972229,0.2871119357767339,0.06684650251764616,7.600349406636513,9.188811505194783,9.252195002593755
十堰市,中部,三线及以下,320.6690670553936,1364.635,1.1520611100686504,1.0680244730660158,5554.595321009979,5887.187842677551,5.77040964758931,0.14155260780135298,0.06581065513128181,7.218642272594102,8.622380849916922,8.680533716567036
荆州市,中部,三线及以下,525.8672252964427,1658.625,1.770446643168491,1.0590747636446305,8482.868939796415,8933.763234957914,6.26504875748277,0.5712318555263187,0.057395662469750995,7.4137442248566,9.045803989941412,9.097592999989134
曲靖市,西部,三线及以下,560.5604555638537,1712.68185,1.5398850439324772,1.0561284596900802,7480.583541314089,7847.128319104705,6.328937096756135,0.4317077668422342,0.0546098253194087,7.445815754279667,8.920066081470289,8.96790292462595
沧州市,东部,三线及以下,723.6497448979592,3432.6564,1.1323293609118603,1.0483476713149955,15968.654771916394,16765.236672581636,6.584307497562248,0.12427689233096625,0.04721527832080921,8.14108970106149,9.678383002965838,9.727062775864903
佳木斯市,东北,三线及以下,221.78579175704988,827.6004,1.084179843931801,1.0428422165772278,2907.3819971795183,3017.420021049891,5.401712014059409,0.08082379694245952,0.04194988612545055,6.718530429196549,7.975008297904373,8.012157447583103
南昌市,中部,二线,607.0221933085502,4177.50335,0.7789358079565205,1.0428371971233463,20585.165328526848,21410.61241703792,6.408565352678676,-0.24982663964340118,0.04194507287002073,8.337469062384248,9.93232596567658,9.971641985426755
临沂市,东部,三线及以下,1044.892982015893,3894.96,1.1510011931929758,1.0380776902214652,16805.683105108255,17396.74075004788,6.9516697496005255,0.14063216639687617,0.03737062801364525,8.267438688675735,9.729472388253516,9.76403815444167
阳江市,东部,三线及以下,254.13794701986757,1260.3820500000002,0.7079444092300562,1.03587329289632,3722.822180814512,3850.56275469139,5.537877218097335,-0.3453897064077635,0.03524483220339702,7.139170168271077,8.22223731039376,8.25597458664974
佛山市,东部,二线,794.8142222222222,8316.9594,0.2862952934874456,1.0349531640904044,18665.519932633524,19371.861130168887,6.678108404606923,-1.2507315061069892,0.03435617360686003,9.0260520102889,9.834433246981796,9.871576834912297
永州市,中部,三线及以下,530.5304143862393,1491.9917,1.5996038275657891,1.034101870581459,6843.838098687968,7047.541044576075,6.273877287958695,0.4697559908144883,0.033533292105192326,7.307867217745551,8.831103978783705,8.860434046962238
赤峰市,西部,三线及以下,409.14061269146606,1897.27705,1.2027270351022536,1.0280486273266838,8696.803648298272,8932.242893368228,6.014058893270044,0.1845915077566519,0.02766246876119764,7.548175005660314,9.07071084038863,9.097422806205202
南阳市,中部,三线及以下,937.9603238866398,2990.89045,1.6730923975428855,1.0262137011599286,15297.267188244829,15620.457338234815,6.843707649483297,0.5146736491364762,0.02587601079104105,8.003326431412875,9.635429476279544,9.656336701981369
信阳市,中部,三线及以下,621.9451152579583,2037.801,1.782889529330463,1.019304899785913,11548.352695393736,11771.29248687069,6.4328518497107625,0.5782353792108208,0.01912092419128477,7.6196265642653564,9.354298082002767,9.373419006194052
锦州市,东北,三线及以下,280.9487091222031,1180.07155,1.3607132144451777,1.0179404416622848,5164.3385873233565,5257.194565408606,5.638172122858928,0.3080089846727576,0.017781411173497342,7.0733303512146675,8.549532316688413,8.567352810864758
重庆市,西部,新一线,3177.450235690236,16728.93,0.903244486281494,1.0144796608976954,78921.8822996502,80194.28292878879,8.063834341474479,-0.10176201328357071,0.014375831682263094,9.724894834971998,11.276213810582616,11.2922075061365
南通市,东部,三线及以下,784.1297685185186,6458.29775,0.5632195544792453,1.0090244769286287,24363.456625637373,24514.731911161005,6.664574527722846,-0.5740857544298804,0.00898399967845457,8.773121055860841,10.100839609361483,10.107029518319276
益阳市,中部,三线及以下,396.8543803418803,1423.79605,1.3285955729803285,0.9994337878478794,5684.623419772095,5656.3793105017085,5.983569413253165,0.2841224241497661,-0.0005663725107554043,7.2610818583998755,8.645520162965466,8.640539268712079
龙岩市,东部,三线及以下,268.0043149606299,1817.06025,0.8894513834257871,0.9927329343759528,8504.491976795905,8380.79227598211,5.591003080980609,-0.11715042943988604,-0.007293599371914561,7.5049752268998065,9.048349770746787,9.03369773268044
徐州市,东部,二线,904.8086663456908,5564.2002,0.7558962940608833,0.987573926807496,22617.628153846184,22239.331158720463,6.807723502945353,-0.27985108938039605,-0.012503922419054582,8.624108533704433,10.026484888020516,10.009617674113752
清远市,东部,三线及以下,376.00497772828504,1332.7837,1.255643574852214,0.985443870413375,5488.809277618632,5412.318741355278,5.92960238194132,0.22764824978950957,-0.014663109451897279,7.195025041445835,8.610466621657032,8.59643288285488
晋中市,中部,三线及以下,333.7926567164179,1068.6098000000002,1.9113746481717595,0.980648766086078,6397.901241987675,6240.5283342619705,5.810520011933678,0.6478226942754058,-0.019540920136686447,6.974113830359403,8.76372528462723,8.738820126731499
淮南市,中部,三线及以下,299.659628681178,932.46085,2.0064932525715653,0.9741169289073444,4860.308514354213,4715.842008584788,5.7026472594804725,0.6963885479340146,-0.026223932332172867,6.837827166722413,8.488857195199547,8.458682759947822
承德市,东部,三线及以下,336.4727690288714,1398.65095,1.6474434449054196,0.9739640825102648,8103.233205613945,7885.371654002624,5.818517221676136,0.499224658978556,-0.02638085229237718,7.2432634438926655,9.000018422203803,8.972764632592328
运城市,中部,三线及以下,483.5953261927946,1198.18145,2.3955760553160994,0.9699425315335376,6971.247494086261,6730.132961367868,6.181248454080193,0.8736237260819187,-0.030518455081526563,7.088560227974317,8.849549468239651,8.814350178961872
蚌埠市,中部,三线及以下,322.8919793014231,1319.4389,1.3692919333023026,0.9652578447224898,6491.427108214122,6198.674488005176,5.777317837881313,0.31429376922813274,-0.035360016730189806,7.184961849452531,8.77823767893254,8.732090755919131
巴中市,西部,三线及以下,279.18956043956047,544.6605,4.719083883438124,0.9640183301901722,4675.300108616235,4507.075003846154,5.631890979213371,1.5516146882671558,-0.03664496983227324,6.300162664778321,8.450048634018831,8.413403664186559
泰安市,东部,三线及以下,544.5018213660246,3237.59,0.9454107738415134,0.9614886398529052,14357.045142281657,13758.035766329109,6.299871287392259,-0.056135764621177336,-0.039272529048680185,8.082584504849201,9.57199605139256,9.529378351757614
宿迁市,东部,三线及以下,497.0090617075233,2238.6549999999997,1.0332648258125356,0.9595137136999548,9541.837299880444,9118.486444905497,6.2086082587423315,0.03272352302443585,-0.04132867108836492,7.713630518080364,9.163441334985436,9.118059109307062
衡阳市,中部,三线及以下,670.8288748419723,2727.2953500000003,0.9883439769408744,0.9564038789342,9284.069506337146,8828.410906194687,6.5085140744042205,-0.011724487027632072,-0.04457498764061275,7.911065682811519,9.136055254046305,9.085730312078939
乐山市,西部,三线及以下,321.3452510760402,1353.9087,1.0439411115662427,0.9528966618351424,5207.5969819258025,4939.044106172051,5.772516093665591,0.04300308132379341,-0.04824881579800673,7.210751021361208,8.557873796471227,8.50492709068339
扬州市,东部,三线及以下,463.083300330033,4233.110000000001,0.5417757048955321,0.9524107959496358,15254.925925164607,14457.287364570824,6.13790695222332,-0.6129031917992085,-0.04875882891326863,8.350692226481419,9.632657741364783,9.578953882303313
嘉兴市,东部,二线,515.6259239130435,3689.9586,0.6673431508578818,0.9523183502237308,15470.95671570929,14822.936322072172,6.245381548918697,-0.4044508963080476,-0.04885589859497468,8.213370517459438,9.646719784945734,9.60393101161798
长治市,中部,三线及以下,316.5247422680412,1232.9095,1.7728295106995744,0.9433030821040764,7084.308422132702,6645.42665397349,5.757401413151317,0.5725768638106482,-0.05836764596807526,7.117132102254829,8.865637535805446,8.801684175854199
忻州市,中部,三线及以下,270.10764705882355,698.68565,3.3197605668686654,0.9373743488471824,5198.305651453216,4828.825225187451,5.598820572351972,1.1998926619146868,-0.06467255801645105,6.54920092720523,8.556088015214353,8.482358492463847
盐城市,东部,三线及以下,685.0517723076923,4394.29,0.8305881369847496,0.9367057752069016,17715.492686877653,16503.178339515325,6.52949441541743,-0.1856212303522642,-0.06538605330415244,8.38806124985638,9.782194828760284,9.711308267975836
宜春市,中部,三线及以下,501.0,1781.952,1.514397597156808,0.9297748393843128,8277.444031822066,7696.1591952,6.2166061010848646,0.41501773424822547,-0.0728128303366653,7.485464671641037,9.021289507915252,8.948476677578586
襄阳市,中部,三线及以下,529.8343925233645,3538.315,0.714656265539677,0.9256370595154186,12373.280654593482,11425.148229676262,6.272564490781154,-0.33595359938121244,-0.07727306553402596,8.171405904108674,9.423294640781705,9.343572189829336
连云港市,东部,三线及以下,458.9480787253983,2268.56,1.1492369599061942,0.9205443251389992,11423.611062419466,10493.808247674602,6.128937085416874,0.1390982090278577,-0.08279012613971394,7.726900547949748,9.34343763834324,9.258540671512016
新乡市,中部,三线及以下,603.1782582582583,2070.9996,1.5275100445299918,0.9143060608425906,11349.758961817224,10390.094407512794,6.402212772042585,0.4236389878390415,-0.0895899048907213,7.635786668252156,9.336951785839746,9.248608170434359
柳州市,西部,三线及以下,403.70407079646014,2387.7782500000003,0.9118092985657896,0.9112050062421566,10722.432471510476,9732.782613709836,6.000682111524825,-0.09232441322256306,-0.09298737274424344,7.77811861006672,9.28009331854052,9.183255117204274
岳阳市,中部,三线及以下,509.4611307420495,3100.872,0.8074403284175514,0.9071722448318172,10896.876736165465,9885.344130402827,6.233353560728187,-0.2138861233123516,-0.09742294079785432,8.039438641241112,9.296231489190918,9.198808548393062
阜新市,东北,三线及以下,171.34615384615384,407.8179,2.7650891220900733,0.903360723801178,2680.29205155615,2421.270567692308,5.143685801883428,1.0170728666754927,-0.1016333326850695,6.010820751242757,7.8936810420288674,7.792047709343797
钦州市,西部,三线及以下,321.5485065710872,1023.2354,1.3925895736921907,0.8949377214742682,4419.263232211168,3938.416081954601,5.773148408101379,0.3311650165617538,-0.11100114807337802,6.9307248470078315,8.393728271632513,8.278533911808243
晋城市,中部,三线及以下,216.75081081081083,1044.7908,1.4535821798637736,0.8799985635320404,5620.731113375834,4925.309849107027,5.378748356418641,0.3740309787124698,-0.12783500386117125,6.951571952970381,8.634217025774605,8.502142465151486
许昌市,中部,三线及以下,434.05201171875,2274.43475,0.95446245895434,0.8745840607513463,9563.388542885845,8322.775011537657,6.073164369589777,-0.04660696717718864,-0.13400686478481555,7.729486838974908,9.165697393335515,9.026751013245391
娄底市,中部,三线及以下,382.02447397563674,1345.9009500000002,1.1266078394080186,0.8743367141398246,5017.823354396207,4366.034386897896,5.945484674553358,0.11921120592046444,-0.13428972106592552,7.20481891908681,8.520751523914601,8.38161041314344
黄冈市,中部,三线及以下,590.2475598086124,1657.705,1.9967526774228777,0.8706406356865111,9076.732242146709,7855.520203747587,6.3805420417912355,0.691522199704848,-0.13852597545755904,7.413189394653575,9.113469521594975,8.968971774308168
池州市,中部,三线及以下,134.25306501547988,566.88,1.7165877453706124,0.8671016529839655,3206.103780634313,2766.375129895728,4.899726563783703,0.5403384513802011,-0.14259906226481642,6.340147641117162,8.072811703398637,7.925293124827788
拉萨市,西部,三线及以下,81.68078947368421,400.84,1.1716484825562246,0.8656510668452141,2385.0838730181013,2070.663418909474,4.402818839256373,0.15841171660741948,-0.14427337673683974,5.993562345190128,7.776989569588001,7.63562432713955
德州市,东部,三线及以下,554.0849121338913,2841.965,1.0515047168720943,0.8613578982801773,12606.436993628744,10814.326248877054,6.317317946002288,0.05022220200133524,-0.14924518347930404,7.952250993310276,9.441962834998854,9.288627038608109
德阳市,西部,三线及以下,353.6843660130719,1678.7591,0.817020825390607,0.8544125836689642,5632.464085293017,4792.50395938719,5.8684048939709506,-0.20209069437281815,-0.1573410828076925,7.4258101685226805,8.636302295951054,8.47480830108267
丹东市,东北,三线及以下,224.67683982683985,868.0679,2.010823920354562,0.8531642743138326,5344.011811558672,4559.386237227706,5.414663102347405,0.6985445487047364,-0.1588031658426908,6.766269937407323,8.583731925460796,8.424943296350243
长春市,东北,二线,850.9930323785804,5758.22725,0.693463256842879,0.8526656430792253,25020.3270821373,21258.314616329517,6.7464039409706205,-0.3660570228329062,-0.1593877859665671,8.658384937222086,10.127443856762683,9.964503373886611
眉山市,西部,三线及以下,303.0034553440703,1073.54745,1.36771607380634,0.8524673698518168,4952.1788835156985,4192.153978958712,5.713744209220156,0.3131422492720333,-0.15962034639064956,6.978723817552983,8.507582937200626,8.340969956948118
九江市,中部,三线及以下,455.4263610315186,1999.4065,1.4141156602098062,0.8431570642325272,10368.59414145719,8687.777908511174,6.121234037399047,0.34650436060009926,-0.17060202251934553,7.600605665503089,9.246536722260469,9.069672478830308
中卫市,西部,三线及以下,106.12295081967213,339.1289,2.309698664489594,0.8382954367508517,2095.9847298950563,1757.054434570492,4.66459833532539,0.8371170677516832,-0.1763846908091213,5.826380271097267,7.647778760058983,7.471394069249861
孝感市,中部,三线及以下,426.3834347399411,1516.9450000000002,1.8078110193379984,0.8244835491640573,7950.438353711728,6516.771881620099,6.055339022988033,0.5921167318044628,-0.1929980896811645,7.324453722923313,8.980982344959951,8.782134422132215
榆林市,西部,三线及以下,359.70428015564204,2773.054,0.5807967833004107,0.8203943080261882,9772.10118892095,8016.976192846693,5.885282249868042,-0.5433543538814973,-0.1979701908550445,7.927704518920582,9.18728678730979,8.989316596454744
淮北市,中部,三线及以下,194.97602739726028,779.71205,1.917773529511802,0.818421941528178,4601.905640537648,3756.277772294064,5.272876614582139,0.6511648931141881,-0.20037725443018695,6.658924684858182,8.43422576637329,8.231183791878564
安阳市,中部,三线及以下,540.8020634920636,1957.1651,1.311652037342096,0.8108749284312866,9560.878838548204,7708.080558684445,6.293053340350291,0.27128743990558707,-0.20964145571001397,7.579252327659826,9.165434930538693,8.95002448078795
日照市,东部,三线及以下,286.40315533980583,1736.645,0.9678194844728631,0.8042931622680577,7908.509788729241,6325.132413792233,5.657400452273727,-0.03270969207825283,-0.2177914465777806,7.459710369993799,8.975694647150673,8.752286248363502
淮安市,东部,三线及以下,463.13650224215246,2896.545,0.8884277727626286,0.8027123037726364,12043.552434246292,9627.394342024038,6.138021831892336,-0.1183019258986861,-0.21975890597822828,7.971273926407711,9.396284728021595,9.17236789102734
西安市,西部,新一线,1087.0630674846625,6029.1900000000005,0.8575185368113171,0.8003527745106525,32382.83598906082,25875.220429687364,6.9912349052032265,-0.15371248290301898,-0.22270268037377064,8.70436795234016,10.38538380798745,10.161041049553118
贵阳市,西部,二线,543.9647308132876,3024.43005,0.8966060363334971,0.7854278950954243,15287.349983524728,11974.744300116472,6.298884411690379,-0.10913871481246257,-0.2415266204133994,8.014477939489801,9.634780966931727,9.390555069242497
西宁市,西部,三线及以下,236.56395734597157,1189.8935,1.1743386991733966,0.7798992045858097,5955.384444246593,4694.071806655166,5.4662186041241645,0.16070517994543684,-0.2485905925387426,7.081619086302267,8.692051037933416,8.454055673834475
舟山市,东部,三线及以下,116.60103626943004,1241.1989,0.7471493974562304,0.7584653161893838,6168.061866420985,4678.260993790674,4.758758161264807,-0.29149011725128654,-0.27645820808231863,7.123833046334709,8.727139945416758,8.45068173733444
黄山市,中部,三线及以下,131.9690268456376,553.8587,1.9603784122024184,0.7451747028707891,3675.3847562233577,2732.5129576354366,4.882567249944094,0.6731375220575176,-0.29413658759581807,6.316909600063817,8.20941310173772,7.912976962083526
鹤壁市,中部,三线及以下,155.50345029239767,744.5210999999999,1.2922671364094611,0.7426957375561063,3627.47848656094,2671.4051551649127,5.046667919748678,0.2563981459149363,-0.2974688234426411,6.61274119289103,8.196293054089052,7.890359888302658
六盘水市,西部,三线及以下,286.1713884992987,1257.39,1.2315199819809788,0.7294795686327529,5857.344451591595,4223.982879201122,5.656590891822047,0.20824916417234063,-0.3154239187689427,7.136793422998615,8.675451614603245,8.348533772158452
大连市,东北,二线,736.67680798005,7270.91805,0.690590893822179,0.7258232502044666,36657.34563461966,26603.168658169245,6.602149272237687,-0.3702076800063466,-0.32044875081645285,8.891637841784725,10.509369113824695,10.188785610162835
烟台市,东部,二线,713.4245775729646,6685.86935,0.6218286762245899,0.7247303565649237,28247.881561074508,20450.14656797542,6.570076723653147,-0.4750906643369561,-0.3219556152870109,8.807751525957531,10.24877374477426,9.925745328583426
辽阳市,东北,三线及以下,166.01043478260868,841.3788,1.44796737460668,0.7176393689287117,3920.024003733094,2813.164136032464,5.112050646517124,0.370160762360712,-0.33178810780162077,6.735041974737258,8.27385305616706,7.942065155892649
泰州市,东部,三线及以下,461.935814889336,3894.84,0.6004045877303142,0.7105825489923672,14103.776327269738,10154.809377532394,6.1354259526192765,-0.5101515381289151,-0.34167015382740623,8.267407879155591,9.554197865136706,9.225702702546563
长沙市,中部,新一线,924.3111882510012,8933.520799999998,0.4213389061539407,0.7094857524910934,33596.4062623336,23893.9943517804,6.829048798764172,-0.8643177663997268,-0.3432148636392082,9.097565862685281,10.422174383752877,10.081382423990616
枣庄市,东部,三线及以下,372.72614117647055,2086.81815,0.961455021118246,0.7043812019918719,8744.283604124292,6127.4296544039535,5.9208439440214145,-0.03930749495573716,-0.350435589269455,7.643395768637729,9.076155463470872,8.720530635026936
三明市,东部,三线及以下,246.89041666666668,1786.93375,1.0298169220330011,0.7036394516828743,9462.001748293676,6598.805761071668,5.508944580963021,0.029381040843895263,-0.35148919650977367,7.488256441164977,9.15503924096107,8.79464396634977
梧州市,西部,三线及以下,275.1969491525424,1127.1172,1.436847989400281,0.701855359249843,5330.775238642925,3721.271893445424,5.617487020069477,0.3624518182030971,-0.35402793714031916,7.027418501534398,8.581251954733975,8.221820795670537
株洲市,中部,三线及以下,393.86583229036296,2411.7808999999997,0.8334297139893497,0.7015514692425002,9619.516067739389,6703.762055501377,5.976010324123568,-0.1822059066944655,-0.35446101186380313,7.788120716241832,9.171549237585628,8.810424148617559
黄石市,中部,三线及以下,243.36738095238096,1266.8249999999998,1.170003482725902,0.7009228130473415,6223.075466631237,4350.019309535239,5.494572157408309,0.1570067254940396,-0.3553575077856204,7.144269049234518,8.736019511545539,8.377935563046496
唐山市,东部,三线及以下,776.0777173191773,6228.9637999999995,0.6816382970920369,0.6932308040347905,25506.494079135773,17620.995019911563,6.654252666352931,-0.38325611799728787,-0.3663922846860055,8.73696527371053,10.146688368493706,9.776846368946341
呼和浩特市,西部,二线,328.2839285714286,3132.0550000000003,0.4807665228016073,0.6893232353025938,10574.611156755933,7314.572257523811,5.793878869825974,-0.7323735263017463,-0.37204498110998774,8.049444617620619,9.266211233191724,8.897623837038266
漯河市,中部,三线及以下,238.3492134831461,1037.38765,1.3343668086386553,0.688447257815546,4653.818685275361,3200.9098224251684,5.473736881805433,0.28845687869088077,-0.3733165682276627,6.944460957084533,8.445443384202452,8.071190367884551
南平市,东部,三线及以下,271.81042654028437,1457.7378,1.3239306439556873,0.6864494876133063,8699.254114146679,5971.598529273934,5.605104862056642,0.2806050724234721,-0.37622263606853984,7.284641061005334,9.070992566961177,8.694769930892637
郴州市,中部,三线及以下,469.0012818096136,2108.09695,1.1814336522990645,0.6863405240252731,9893.376107580258,6755.941931633102,6.150605501512083,0.166728660586934,-0.37638138370996815,7.653540900064779,9.19962073214634,8.818177682809802
莱芜市,东部,三线及以下,128.66,684.2950000000001,1.3255940219965898,0.6805901227302831,3537.016053153825,2401.67981024,4.857173265982854,0.2818606774614702,-0.3847950296120552,6.528389111194946,8.171038727830698,7.7839236924389485
庆阳市,西部,三线及以下,218.00000000000003,597.8324,4.091328338758799,0.6749920288347044,6559.068712623546,4427.3190976000005,5.384495062789089,1.4088696945286514,-0.3930543973131068,6.393310447109811,8.788603907321122,8.395549510008015
铁岭市,东北,三线及以下,249.80846153846153,664.4712999999999,3.327801278561507,0.6665303858671062,5443.148111610104,3626.5113895955246,5.520694470370239,1.2023118092054306,-0.4056695502043663,6.498991686851871,8.60211286945661,8.19602641545634
白城市,东北,三线及以下,161.4942513368984,699.9106999999999,1.7840781083840125,0.6656044013444524,3636.295905049764,2411.0471966631017,5.084469546592017,0.5789018159258464,-0.40705977690016776,6.5509527554769065,8.198720834012919,7.787816453544571
洛阳市,中部,三线及以下,691.1207080828324,3644.5674,1.1064742837089574,0.6651635793566466,18870.664979083213,12498.38221308163,6.538314494594079,0.101178639126333,-0.4077222845804281,8.200992954271786,9.84536387775669,9.43335449196105
宜昌市,中部,三线及以下,405.7507317073171,3547.08,0.6479043662976949,0.6611514014023858,13945.693119844924,9170.326643274148,6.00573900973828,-0.43401217639521394,-0.4137724163379219,8.173880008790492,9.542926002651775,9.12372818547479
常州市,东部,二线,509.45510996119015,5523.504999999999,0.4834552940993085,0.6513588813904371,21153.88187754187,13838.396440250452,6.233341742718779,-0.7267964314468887,-0.42869451157351884,8.616767901535058,9.95957870794227,9.53520235831514
淄博市,东部,三线及以下,467.5271889400922,4271.125,0.5515419115600155,0.6507206399322678,15200.764789664438,9863.70902888848,6.147457505198246,-0.5950374476003666,-0.4296748534018538,8.359632537563742,9.629101020678107,9.19661754612123
无锡市,东部,二线,708.5534381139489,8864.14,0.3809630095172274,0.6495883134565645,30130.651505200083,19644.515015174853,6.563225480582795,-0.9650529964500625,-0.43141648066508653,9.089769203086163,10.3132982550303,9.885553444244444
镇江市,东部,三线及以下,324.38302973977693,3668.16,0.4973294830328734,0.6443278271194763,13522.60561233838,8660.415273826171,5.781925008110187,-0.6985025288075144,-0.43954763407675923,8.207445452926645,9.512118053834394,9.066517953504478
滨州市,东部,三线及以下,386.1138490566038,2412.71555,0.9037892663310862,0.6387178791074505,10728.557404315678,6840.789345011321,5.956132271719383,-0.10115905823050722,-0.44829242584028556,7.788508176372181,9.280664381508439,8.830658405275821
潍坊市,东部,三线及以下,916.8839445048966,5170.55,0.9960735102380612,0.6318033445520159,25472.63780663091,16048.264043524963,6.820980904274226,-0.003934218661126933,-0.45917709694026265,8.55073434482293,10.145360127849742,9.68335596342659
大同市,中部,三线及以下,310.107570977918,1039.58325,2.1368419102946192,0.6230852601550061,6356.327807143809,3943.895303439748,5.736919240442096,0.759328996199808,-0.4730719153769729,6.946575190671395,8.75720610076719,8.279924169589183
牡丹江市,东北,三线及以下,240.46153846153848,1339.40905,1.1828929129201242,0.6226147221397373,5959.201728717011,3694.456446276923,5.482560153519885,0.16796305927603297,-0.47382737502911276,7.19998378820988,8.692691812954152,8.214588717358813
大庆市,东北,三线及以下,281.8225,2796.7309,0.4494371759556979,0.621988608231802,8461.524337027226,5263.413839852941,5.641277440138123,-0.799759199119383,-0.4748335011505426,7.936206478348218,9.043284618051205,8.568535114193468
北海市,西部,三线及以下,176.31570247933888,949.36685,1.0751137360177314,0.6191711809997897,4789.819287607992,2946.559680158678,5.1722761522517855,0.07242645692982759,-0.4793735001027478,6.855795288718061,8.474247962680334,7.988393558665983
四平市,东北,三线及以下,222.55787476280835,1193.8035,1.501384900980469,0.6182293444115898,4932.814211135171,3049.61049585427,5.405187179076738,0.4063879494793611,-0.48089578290566937,7.084899707544626,8.503664938074698,8.022769155169028
芜湖市,中部,三线及以下,362.5557197943445,2578.38095,0.992231872191923,0.6148295937368529,13570.94176185332,8335.090587895116,5.893178172260094,-0.007798456881744936,-0.4864101329250152,7.854916942171111,9.515686150704786,9.028229663499573
随州市,中部,三线及以下,205.06882591093117,852.18,1.565552079299236,0.6095913614041268,4464.871267020319,2721.746954157085,5.323345658942522,0.44823852811009607,-0.49496644563509784,6.747797772121092,8.403995661320565,7.909029215685467
咸阳市,西部,三线及以下,458.7137349397591,2273.4399999999996,1.541030750546657,0.5974703077044202,13579.516641847622,7962.012586444337,6.128426344341581,0.43245151106857477,-0.5150506906298135,7.729049381889765,9.5163178070954,8.982437084373423
沈阳市,东北,二线,873.254352399737,6409.37745,1.0348607325638863,0.5970352959343788,38896.73232517976,23220.67604032683,6.772226867813927,0.034266859754316176,-0.5157790451690428,8.765517423513232,10.56866552415478,10.052798369398554
银川市,西部,三线及以下,253.3750731707317,1555.78305,0.8743552586281436,0.5937105694984927,7810.308960475832,4641.636448759415,5.534870893556461,-0.13426851151203217,-0.5213633351041755,7.349734266996781,8.96319980165125,8.442822265964585
呼伦贝尔市,西部,三线及以下,229.76633663366337,1620.85,0.8931373604749651,0.5849727473928256,6716.978834625092,3929.249563070099,5.437062864839163,-0.11301489081368446,-0.5361900184887154,7.390705981982074,8.812393754245836,8.27620373575712
通辽市,西部,三线及以下,289.8927056962025,1913.3259,1.009828991309889,0.5775536972591685,8872.470375036624,5129.171777708734,5.669510874162978,0.009781000982911401,-0.548953858641813,7.556598315620534,9.09070854555048,8.54269947829047
抚顺市,东北,三线及以下,196.02941176470588,865.0721,1.8653871171306584,0.5757103781129723,5693.629341754281,3277.881501176471,5.278264707996648,0.6234686010632647,-0.5521505605165784,6.7628128560594005,8.647103169434315,8.094952608917737
景德镇市,中部,三线及以下,159.02999999999997,806.10205,1.2263338162218544,0.5675875418265356,3874.684394979761,2191.408189768421,5.069092863667824,0.20402908122057223,-0.5663602827980602,6.692210347395117,8.262219492013669,7.692299625195496
巴彦淖尔市,西部,三线及以下,155.64682080924854,901.405,1.4508302417258094,0.5591109425239398,5309.041777280947,2968.011919616185,5.047589471425235,0.3721359730713728,-0.5814073594652601,6.803954657168166,8.577166641695854,7.995647620322396
荆门市,中部,三线及以下,263.7241941074523,1454.73,1.1007372381254958,0.5550937688289699,6355.169314326421,3500.0756320019404,5.574903837756785,0.09598017178728598,-0.5886182266616363,7.2825755953755955,8.757023825963596,8.160539856387443
焦作市,中部,三线及以下,352.321288590604,2010.57905,1.0912258041018723,0.5462901032349923,10077.904441094985,5461.20450050749,5.864543510971439,0.08730165528152584,-0.6046051197339589,7.606178044141842,9.218100627264153,8.60542464889791
本溪市,东北,三线及以下,138.46153846153848,766.7098,1.8157960845374832,0.5388257333636876,4641.49139177967,2500.9550030769237,4.930592586422719,0.5965239856240194,-0.6183630750747555,6.642108372536113,8.442791014217923,7.824427939143168
广元市,西部,三线及以下,237.22222222222223,660.01,2.3378837198285907,0.5381025784882174,3821.857843123179,2056.55156,5.468997348326505,0.8492461269236594,-0.6197060706598916,6.49225498642084,8.248491929739883,7.628785859079991
湘潭市,中部,三线及以下,276.96352014010506,1784.94205,0.9494538760790956,0.5230317979546812,8167.914963414193,4262.544748286375,5.623885801269519,-0.05186832697226408,-0.6481130176168773,7.487141228700746,9.007968948846893,8.357621619668368
攀枝花市,西部,三线及以下,124.17064814814816,969.9339,0.7073811528661549,0.5145208660748208,3697.3335373092,1891.3077993251852,4.821656814260083,-0.34618564538989166,-0.6645191685054871,6.877227924845601,8.215367173235931,7.545023826076518
鞍山市,东北,三线及以下,341.3976225854384,1899.48395,1.5307722010187987,0.5083350851096865,10937.23202371778,5560.287963497177,5.8330478466144715,0.42577231463106685,-0.6766144324972565,7.549337522999984,9.299928029677062,8.623405177899365
松原市,东北,三线及以下,228.73080438756855,1644.49505,1.1098985750020127,0.4759280617708713,7571.96983642568,3595.2826628665453,5.432545785388948,0.1042686372773356,-0.7424885669055807,7.405188655591137,8.93220852875362,8.187377893730865
咸宁市,中部,三线及以下,265.9800985221675,1069.0,1.4653882027225067,0.4698951512077218,6045.7550547606415,2820.2114506981943,5.583421488396888,0.3821201921602811,-0.7552456917014053,6.974478911025045,8.70711166091643,7.944567143638201
吉林市,东北,三线及以下,377.22712530712533,2423.8475500000004,1.484070234861086,0.4502932001882459,15583.395140041946,7024.2213562307625,5.932847460440773,0.3947884716987588,-0.7978563524143297,7.793111453297234,9.653961212246758,8.857119649088144
朔州市,中部,三线及以下,159.0,918.064,1.3111547689172742,0.4493135489996992,4734.458654843333,2127.2564208,5.0689042022202315,0.2709082519077573,-0.8000343075634613,6.822267104965988,8.462622670645606,7.662588363082145
威海市,东部,三线及以下,289.72368421052636,3106.885,0.6307591501053,0.4400591787678775,14097.984282829011,6189.497211653802,5.668927655698455,-0.4608311848594135,-0.8208460639140461,8.041375895512033,9.553787107482087,8.730609136475568
萍乡市,中部,三线及以下,180.7006015037594,955.33115,1.5274784266821024,0.4298444558632905,5787.9469422617385,2476.023663872481,5.196841526335085,0.4236182886788395,-0.8443318662852933,6.862058034302183,8.663532920857552,7.814409191057879
宝鸡市,西部,三线及以下,340.20704,1859.884,1.5197207370034225,0.4290441610825067,11228.50157850794,4753.661050432,5.829554373457232,0.4185265923229161,-0.846195425765773,7.528269399171035,9.326210608599068,8.466670347614766
马鞍山市,中部,三线及以下,216.2363238512035,1429.53305,1.398822722857279,0.4194873767675859,9393.986913231349,3912.281901374179,5.376371901505537,0.335630970611373,-0.8687218446656786,7.265103131467122,9.147825073487327,8.271876089236933
防城港市,西部,三线及以下,100.84158415841584,676.0383,0.9595194648192024,0.4125435068511895,3454.1314900244274,1424.9795180198018,4.613550811819647,-0.041322677320969954,-0.8854136076146937,6.516249731242762,8.14732632689471,7.261912719280017
辽源市,东北,三线及以下,104.24242424242424,745.94445,1.1957369409596217,0.4085397987281827,3732.4189454161938,1520.2573077056277,4.646719188900963,0.1787626823056879,-0.8951659429205542,6.614651133624223,8.22481181328102,7.326634880899126
鄂州市,中部,三线及以下,106.69339285714288,763.915,0.971989367811236,0.3705054909923128,3743.480254667923,1393.67363103,4.669959233776955,-0.028410413047329997,-0.9928870138637456,6.63845652643255,8.227771007092363,7.239698439827369
乌海市,西部,三线及以下,56.0,572.2261,0.6621547805209971,0.3613604211811741,2340.875128590505,845.8996224,4.02535169073515,-0.4122559429402968,-1.01787942209193,6.34953419299763,7.7582801250133375,6.7404007029214075
酒泉市,西部,三线及以下,119.91919191919192,577.9341,2.4098885468224966,0.3596847961461827,5891.704969289437,2119.156700832323,4.786818115272572,0.8795805003014342,-1.0225271973246115,6.359459848331475,8.681300703227912,7.6587735059033
三门峡市,中部,三线及以下,206.2516556291391,1325.8631,1.4757281377906757,0.3317100251215297,8559.554359531036,2839.2899916291394,5.329097052475367,0.3891515207247958,-1.103494110026309,7.1898189225803035,9.054803406978127,7.951309296951819
通化市,东北,三线及以下,134.92470588235295,974.40215,2.0809131469745785,0.3090621469339862,5708.201823173692,1767.1831494964704,4.90471688864206,0.7328068103437754,-1.1742128995431538,6.881824103439241,8.64965933592079,7.477142116918116
包头市,西部,三线及以下,270.3119376391983,3794.78,0.6298056087384432,0.3079018663061194,18687.543084118777,5745.074343106282,5.599576616714132,-0.46234406476826334,-1.177974162666612,8.241381717134853,9.835612435635069,8.656098130687603
东营市,东部,三线及以下,212.1534848484848,3465.12,0.5146955169654629,0.3006985695250956,16129.530003491904,4843.240561936969,5.357309997855562,-0.6641797823565754,-1.2016469461486343,8.15050254305896,9.688407032659514,8.485339313260665
克拉玛依市,西部,三线及以下,43.787619047619046,625.2144000000001,0.6223094479202564,0.2971644500819298,2715.976102342098,807.0898357257144,3.779351107277981,-0.47431780526244166,-1.2134695894373613,6.438094630911634,7.906906689796761,6.693434982676147
石嘴山市,西部,三线及以下,75.503355704698,513.5744,1.3071464961957835,0.2823683866671249,3022.2979017703688,853.4013825503358,4.324177101687107,0.26784651420315775,-1.2645427248591128,6.241394906896726,8.013772715661307,6.7492299908021955
盘锦市,东北,三线及以下,131.2731274131274,1131.8364,1.213700289153715,0.2761381521017133,6852.89956049858,1892.7561700935908,4.877280094810699,0.19367378337165567,-1.2868539874057325,7.03159672535048,8.832427135196292,7.545789336834709
营口市,东北,三线及以下,236.5533769063181,1156.2477,1.639990563628906,0.2083770988627503,7448.575829780411,1552.1126220688454,5.466173877630801,0.49469048793474,-1.5684058654352104,7.052935299635467,8.915778129311615,7.347372263876405
鄂尔多斯市,西部,三线及以下,207.67513677811547,4322.03205,0.401779612023291,0.1810971769220875,18692.939752705686,3379.8384144962915,5.3359750163410995,-0.9118515694932539,-1.7087215027173774,8.371480952587694,9.835901178220228,8.12558318097226
滁州市,中部,三线及以下,398.56105610561053,1422.8257,1.6686443616745523,0.1756738133616434,7986.232421958002,1402.9719039577558,5.987860701313678,0.5120115372972115,-1.739126336663314,7.260400102885583,8.985474390875847,7.2463480542125325
铜陵市,中部,三线及以下,94.32,934.45,1.591886149866336,0.144929621602672,4614.418403292076,607.4254827105881,4.546693256229116,0.46491957096189485,-1.9315070226482984,6.839958120916312,8.436941115873395,6.4092295054862864
