region_code,region_name,region_type,country_iso3,country_name,continent,year,gdp_usd,gdp_share,gfcf_pct_gdp,gfcf_est_usd,population,capital_city,urban_pct_national,delta_gdp,muq,muq_ma3,gdp_per_capita,ln_gdp,ln_pop,ln_gdp_pc,gdp_growth,pop_growth,invest_intensity
ZA-EC,Eastern Cape,province,ZAF,South Africa,Africa,1993,12511553543.08875,0.085,13.593872585792036,1700804647.1506338,6550000.0,Bhisho,52.893505042748,,,,1910.1608462730917,23.249918337814844,15.694975607611434,7.554942730203409,,,0.13593872585792036
ZA-EC,Eastern Cape,province,ZAF,South Africa,Africa,1994,12938928615.040464,0.0842857142857143,13.815822854013732,1787619456.661283,6571428.571428572,Bhisho,53.0838026074521,427375071.95171356,0.2390749722258658,0.45971732399788995,1968.96739794094,23.283506326226632,15.698241805398055,7.585264520828577,0.0341584336813065,0.0032715376226826,0.13815822854013732
ZA-EC,Eastern Cape,province,ZAF,South Africa,Africa,1995,14352217332.848375,0.0835714285714285,14.473491964111771,2077267022.3416662,6592857.142857143,Bhisho,53.2962166180026,1413288717.807911,0.6803596757699141,0.16656406165843166,2176.9343733464493,23.3871702851839,15.701497369857822,7.685672915326076,0.1092276462647052,0.0032608695652172,0.1447349196411177
ZA-EC,Eastern Cape,province,ZAF,South Africa,Africa,1996,13525179531.532364,0.0828571428571428,14.567982633427958,1970345805.2935877,6614285.714285715,Bhisho,53.5749191516739,-827037801.3160114,-0.41974246302048496,0.14416797588853478,2044.8435576830784,23.327818935641307,15.70474237000115,7.62307656564016,-0.0576243922549267,0.0032502708559047,0.1456798263342796
ZA-EC,Eastern Cape,province,ZAF,South Africa,Africa,1997,13880340423.34925,0.0821428571428571,14.886160898786088,2066249808.7190156,6635714.285714285,Bhisho,54.0040163031993,355160891.8168869,0.17188671491617516,-0.3327986660795093,2091.7628194498334,23.353739317902207,15.707976874168809,7.6457624437334,0.0262592367804708,0.0032397408207343,0.14886160898786088
ZA-EC,Eastern Cape,province,ZAF,South Africa,Africa,1998,12457185885.374687,0.0814285714285714,15.221523738120714,1896173506.6441312,6657142.857142857,Bhisho,54.6562438276427,-1423154537.9745636,-0.7505402501342181,-0.238233445169969,1871.2510986614336,23.24556347290125,15.711200950040562,7.534362522860684,-0.1025302330179568,0.0032292787944026,0.15221523738120715
ZA-EC,Eastern Cape,province,ZAF,South Africa,Africa,1999,12229582964.19612,0.0807142857142857,13.6797402825711,1672975187.1435893,6678571.428571428,Bhisho,55.4408521794673,-227602921.1785679,-0.1360468002918641,-0.31403143105339815,1831.1675026603816,23.227123686652497,15.714414664643655,7.512709022008837,-0.0182708135908754,0.0032188841201716,0.13679740282571098
ZA-EC,Eastern Cape,province,ZAF,South Africa,Africa,2000,12140220577.22472,0.08,13.26106880720807,1609923004.0926027,6700000.0,Bhisho,56.2589954883628,-89362386.9713993,-0.05550724273411226,-0.38148680676880087,1811.9732204813015,23.21978979187108,15.717618084361195,7.502171707509885,-0.0073070673982116,0.0032085561497325,0.13261068807208068
ZA-EC,Eastern Cape,province,ZAF,South Africa,Africa,2001,10780220511.433071,0.0796,13.239178918779817,1427212681.347625,6696000.0,Bhisho,57.0014339378269,-1360000065.7916489,-0.9529063772804264,-0.4764655040804086,1609.949299795859,23.100978857824085,15.717020891151448,7.383957966672638,-0.112024329141353,-0.0005970149253731,0.13239178918779818
ZA-EC,Eastern Cape,province,ZAF,South Africa,Africa,2002,10223734483.70596,0.0792,12.92945607202187,1321873258.9909139,6692000.0,Bhisho,57.6723587528482,-556486027.7271118,-0.42098289222668733,0.3845616592119508,1527.7547046781174,23.047977764340803,15.716423341088852,7.3315544232519505,-0.0516210245548245,-0.0005973715651135,0.1292945607202187
ZA-EC,Eastern Cape,province,ZAF,South Africa,Africa,2003,15525094466.32532,0.0788,13.509806299848712,2097410190.2690818,6688000.0,Bhisho,58.3724341232066,5301359982.61936,2.527574247142966,1.2407786879507292,2321.3358950845277,23.4657235495349,15.715825433746677,7.749898115788227,0.518534591353911,-0.0005977286312014,0.13509806299848712
ZA-EC,Eastern Cape,province,ZAF,South Africa,Africa,2004,20055261633.81452,0.0784,13.980192574215257,2803764197.669979,6684000.0,Bhisho,59.0977390950102,4530167167.4892025,1.615744708935909,1.6314246414604792,3000.487976333711,23.721757381898065,15.71522716869742,8.006530213200646,0.2917964317264125,-0.0005980861244019,0.13980192574215258
ZA-EC,Eastern Cape,province,ZAF,South Africa,Africa,2005,22531642941.32965,0.078,14.635607765947654,3297642884.116839,6680000.0,Bhisho,59.8241758378997,2476381307.515129,0.7509549683025617,0.8762968963576024,3373.00044031881,23.83818651111666,15.714628545512827,8.123557965603833,0.123477885890044,-0.0005984440454817,0.14635607765947653
ZA-EC,Eastern Cape,province,ZAF,South Africa,Africa,2006,23518661473.14597,0.0774,16.006445725510126,3764501784.06557,6668000.0,Bhisho,60.5276465215157,987018531.8163185,0.26219101183433696,0.49094256343158826,3527.0938022114533,23.88106004820203,15.71283052285282,8.168229525349213,0.0438058837691697,-0.0017964071856287,0.16006445725510127
ZA-EC,Eastern Cape,province,ZAF,South Africa,Africa,2007,25580322605.08293,0.0768,17.53291154331598,4484975334.844052,6656000.0,Bhisho,61.1840533154988,2061661131.9369621,0.45968171015786613,0.13705975804795797,3843.197506773277,23.965089244631457,15.711029261483182,8.254059983148275,0.0876606491526315,-0.0017996400719856,0.1753291154331598
ZA-EC,Eastern Cape,province,ZAF,South Africa,Africa,2008,24089201906.562748,0.0762,19.92316319782824,4799331008.898849,6644000.0,Bhisho,61.7692983894896,-1491120698.5201836,-0.3106934478483292,0.11219648813764373,3625.70769213768,23.905029523367386,15.709224749715322,8.195804773652064,-0.0582917081047246,-0.0018028846153845,0.19923163197828242
ZA-EC,Eastern Cape,province,ZAF,South Africa,Africa,2009,24929406984.922955,0.0756,17.965435009236742,4478676410.064458,6632000.0,Bhisho,62.2592839131287,840205078.3602066,0.18760120210339426,0.37821321026094434,3758.957627400928,23.939313946991696,15.707416975797267,8.231896971194427,0.034878908882876,-0.0018061408789885,0.1796543500923674
ZA-EC,Eastern Cape,province,ZAF,South Africa,Africa,2010,31302286710.128475,0.075,16.187194651137066,5066962080.025505,6620000.0,Bhisho,62.6299120560569,6372879725.205521,1.2577318765277679,0.6528310048821179,4728.442101227866,24.166956989655507,15.70560592791319,8.461351061742315,0.2556370365753093,-0.0018094089264173,0.16187194651137066
ZA-EC,Eastern Cape,province,ZAF,South Africa,Africa,2011,34181682314.380215,0.0746,16.41553953830863,5611107575.176131,6608000.0,Bhisho,62.850627754452,2879395604.2517395,0.5131599360151914,0.46836294227994674,5172.772747333567,24.254955732684778,15.70379159418295,8.551164138501825,0.091986749431953,-0.0018126888217522,0.1641553953830863
ZA-EC,Eastern Cape,province,ZAF,South Africa,Africa,2012,32232520445.367176,0.0742,16.531276659563247,5328447129.173936,6596000.0,Bhisho,62.9616560303263,-1949161869.0130386,-0.365802985703119,-0.12504363693483664,4886.676841323101,24.19624173155814,15.701973962661626,8.494267768896512,-0.0570235792108169,-0.0018159806295399,0.16531276659563246
ZA-EC,Eastern Cape,province,ZAF,South Africa,Africa,2013,29585387803.353283,0.0737999999999999,17.12467082168553,5066400272.64335,6584000.0,Bhisho,63.0524024097034,-2647132642.013893,-0.5224878611165823,-0.4094741362649223,4493.527916669696,24.11054642109642,15.700153021339045,8.410393399757375,-0.0821261448201259,-0.0018192844147968,0.1712467082168553
ZA-EC,Eastern Cape,province,ZAF,South Africa,Africa,2014,27979997041.566177,0.0733999999999999,16.868876620156993,4719911179.265375,6572000.0,Bhisho,63.1352327065742,-1605390761.7871056,-0.3401315619750655,-0.49939328773350145,4257.4554232450055,24.054755700449867,15.698328758139295,8.35642694231057,-0.0542629615828509,-0.0018226002430133,0.16868876620156992
ZA-EC,Eastern Cape,province,ZAF,South Africa,Africa,2015,25309814703.475098,0.073,16.599503421138973,4201303557.587284,6560000.0,Bhisho,63.2096349937231,-2670182338.0910797,-0.6355604401088567,-0.49181410804921416,3858.203460895594,23.954458090397036,15.696501160920272,8.257956929476764,-0.0954318306082857,-0.0018259281801582,0.16599503421138972
ZA-EC,Eastern Cape,province,ZAF,South Africa,Africa,2016,23427590900.432423,0.0723999999999999,16.076464542466148,3766328344.262044,6594000.0,Bhisho,63.2750973439347,-1882223803.042675,-0.49975032206372033,-0.05954612837318929,3552.864862061332,23.877180263028674,15.701670702613814,8.175509560414861,-0.0743673482044197,0.0051829268292682,0.16076464542466148
ZA-EC,Eastern Cape,province,ZAF,South Africa,Africa,2017,27388024892.11814,0.0718,15.115371691785976,4139801761.482522,6628000.0,Bhisho,63.3311078299936,3960433991.6857185,0.9566723770530091,0.2677453894639095,4132.170321683486,24.033371707074323,15.70681365752859,8.326558049545735,0.1690499893274395,0.0051562026084319,0.15115371691785975
ZA-EC,Eastern Cape,province,ZAF,South Africa,Africa,2018,28854563541.147213,0.0712,14.67603749187785,4234706563.416482,6662000.0,Bhisho,63.3771545246841,1466538649.0290718,0.34631411340243984,0.31798851083962676,4331.21638263993,24.08553399906,15.711930297735762,8.373603701324237,0.0535467108272973,0.0051297525648763,0.1467603749187785
ZA-EC,Eastern Cape,province,ZAF,South Africa,Africa,2019,27486700275.033394,0.0706,14.258327106364138,3919143635.9601526,6696000.0,Bhisho,63.4127255007908,-1367863266.1138191,-0.3490209579365686,-0.42502174683890215,4104.943290775596,24.036968098271565,15.717020891151448,8.319947207120117,-0.0474054394953233,0.0051035725007504,0.14258327106364138
ZA-EC,Eastern Cape,province,ZAF,South Africa,Africa,2020,23658225878.56385,0.07,12.718447837393878,3008959117.617963,6730000.0,Bhisho,63.4373088310982,-3828474396.4695435,-1.2723583959825777,-0.023145613650044677,3515.3381691773925,23.886976708685378,15.72208570162091,8.164891007064464,-0.1392846124911911,0.0050776583034648,0.1271844783739388
ZA-EC,Eastern Cape,province,ZAF,South Africa,Africa,2021,29119049050.025517,0.0693333333333333,12.08384916666863,3518701965.973338,6780000.0,Bhisho,63.4503925883909,5460823171.461666,1.5519425129690123,-0.00982607322969383,4294.844992629132,24.094658403492545,15.72948765991658,8.365170743575968,0.2308213303690529,0.0074294205052005,0.1208384916666863
ZA-EC,Eastern Cape,province,ZAF,South Africa,Africa,2022,27988261623.99477,0.0686666666666666,13.07250937567316,3658768124.8846498,6830000.0,Bhisho,63.4766699210327,-1130787426.0307465,-0.30906233667551614,0.22288760199598365,4097.8421118586775,24.055051031506636,15.736835231546973,8.318215799959663,-0.0388332539324376,0.0073746312684366,0.1307250937567316
ZA-EC,Eastern Cape,province,ZAF,South Africa,Africa,2023,25937969265.403774,0.068,13.765864672490288,3570585747.8676066,6880000.0,Bhisho,63.5823705163545,-2050292358.5909958,-0.5742173703055453,-0.4416398534905307,3770.053672297061,23.978973726933813,15.744129209909527,8.234844517024287,-0.0732554378022979,0.007320644216691,0.13765864672490288
ZA-FS,Free State,province,ZAF,South Africa,Africa,1993,8537295358.8135,0.058,14.682592080983389,1253496252.2833135,2700000.0,Bloemfontein,52.893505042748,,,,3161.961244005,22.867710091870947,14.808762330974558,8.05894776089639,,,0.1468259208098339
ZA-FS,Free State,province,ZAF,South Africa,Africa,1994,8837946155.69713,0.0575714285714285,14.922318121520949,1318826440.7618568,2701428.5714285714,Bloemfontein,53.0838026074521,300650796.8836298,0.227968432836356,0.43193303656882237,3271.5823950227345,22.902320351273552,14.809291291579328,8.093029059694224,0.0352161643995661,0.0005291005291006,0.1492231812152095
ZA-FS,Free State,province,ZAF,South Africa,Africa,1995,9813481936.990343,0.0571428571428571,15.63265928493051,1534108195.197899,2702857.1428571427,Bloemfontein,53.2962166180026,975535781.2932129,0.6358976403012887,0.16078734651155943,3630.7808434953704,23.007022985060026,14.809819972532694,8.19720301252733,0.1103803716505289,0.0005288207297726,0.15632659284930508
ZA-FS,Free State,province,ZAF,South Africa,Africa,1996,9257752196.58336,0.0567142857142857,15.734717616305389,1456681165.7497013,2704285.714285714,Bloemfontein,53.5749191516739,-555729740.4069824,-0.3815040336029665,0.14001076790502914,3423.3632000044117,22.948727112788035,14.810348374130191,8.138378738657842,-0.0566292111174373,0.0005285412262157,0.15734717616305388
ZA-FS,Free State,province,ZAF,South Africa,Africa,1997,9511050655.30366,0.0562857142857142,16.078378456864616,1529222719.5838244,2705714.285714286,Bloemfontein,54.0040163031993,253298458.72029877,0.1656386970167652,-0.3011223957238555,3515.1718367014587,22.975720186402793,14.810876496666893,8.164843689735898,0.0273606868429447,0.0005282620179609,0.16078378456864617
ZA-FS,Free State,province,ZAF,South Africa,Africa,1998,8545192423.125443,0.0558571428571428,16.440600166535276,1404880919.7471216,2707142.8571428573,Bloemfontein,54.6562438276427,-965858232.178216,-0.6875018505853652,-0.21339496686326265,3156.535459729715,22.868634672058015,14.811404340437395,8.05723033162062,-0.1015511605586523,0.0005279831045406,0.16440600166535277
ZA-FS,Free State,province,ZAF,South Africa,Africa,1999,8398368478.067425,0.0554285714285714,14.775336834679127,1240887231.251977,2708571.4285714286,Bloemfontein,55.4408521794673,-146823945.05801868,-0.11832174702118788,-0.2830978408058861,3100.6634676409267,22.851303295129327,14.811931905735836,8.039371389393489,-0.0171820525258946,0.0005277044854881,0.14775336834679126
ZA-FS,Free State,province,ZAF,South Africa,Africa,2000,8346401646.841994,0.055,14.323134384648537,1195466324.1596975,2710000.0,Bloemfontein,56.2589954883628,-51966831.22543049,-0.0434699248111053,-0.36369668064790156,3079.853006214758,22.84509634242967,14.812459192855885,8.032637149573786,-0.0061877293620949,0.0005274261603376,0.14323134384648536
ZA-FS,Free State,province,ZAF,South Africa,Africa,2001,7367386882.185414,0.0544,14.299491357213796,1053498850.4706062,2723000.0,Bloemfontein,57.0014339378269,-979014764.65658,-0.9292983701114115,-0.4694587957696341,2705.6139853784116,22.720328918835644,14.817244771655895,7.903084147179748,-0.1172978255877498,0.0047970479704797,0.14299491357213795
ZA-FS,Free State,province,ZAF,South Africa,Africa,2002,6944910545.749757,0.0538,13.964963121171563,969854196.5123082,2736000.0,Bloemfontein,57.6723587528482,-422476336.4356575,-0.43560809238638576,0.3157995516269667,2538.3444977155546,22.66127493268816,14.82200755772458,7.839267374963583,-0.0573441225758374,0.0047741461623209,0.1396496312117156
ZA-FS,Free State,province,ZAF,South Africa,Africa,2003,10481408954.42268,0.0532,14.59179301129377,1529425499.296568,2749000.0,Bloemfontein,58.3724341232066,3536498408.672923,2.3123051173786973,1.1134917559868505,3812.8079135768207,23.072868949018662,14.826747767147385,8.246121181871285,0.5092215926146433,0.004751461988304,0.14591793011293772
ZA-FS,Free State,province,ZAF,South Africa,Africa,2004,13455443392.07454,0.0526,15.099852046232495,2031752044.3678222,2762000.0,Bloemfontein,59.0977390950102,2974034437.6518593,1.4637782429682396,1.478481480152028,4871.63048228622,23.322649574285368,14.831465612951376,8.491183961333995,0.2837437648491858,0.0047289923608584,0.15099852046232495
ZA-FS,Free State,province,ZAF,South Africa,Africa,2005,15021095294.219769,0.052,15.807758777236009,2374498509.8090105,2775000.0,Bloemfontein,59.8241758378997,1565651902.1452293,0.6593610801091471,0.7886295922922114,5413.007313232349,23.432721403008497,14.836161305162673,8.596560097845824,0.11635825416704,0.0047067342505431,0.15807758777236008
ZA-FS,Free State,province,ZAF,South Africa,Africa,2006,15679107648.76398,0.0516,17.288385761368556,2710664614.25856,2776000.0,Bloemfontein,60.5276465215157,658012354.5442123,0.24274945379924712,0.4425688931881128,5648.093533416419,23.47559494009387,14.836521600608831,8.639073339485037,0.0438058837691697,0.0003603603603603,0.17288385761368555
ZA-FS,Free State,province,ZAF,South Africa,Africa,2007,17053548403.388622,0.0512,18.937104681379104,3229448313.0393586,2777000.0,Bloemfontein,61.1840533154988,1374440754.6246414,0.42559614565594395,0.12689672758508141,6140.996904353123,23.559624136523293,14.836881766288936,8.722742370234357,0.0876606491526317,0.0003602305475505,0.18937104681379105
ZA-FS,Free State,province,ZAF,South Africa,Africa,2008,16059467937.708498,0.0508,21.518789171402915,3455803047.564539,2778000.0,Bloemfontein,61.7692983894896,-994080465.6801243,-0.28765541669994704,0.10387707810066098,5780.945981896508,23.499564415259226,14.837241802296424,8.662322612962797,-0.0582917081047247,0.0003601008282319,0.21518789171402916
ZA-FS,Free State,province,ZAF,South Africa,Africa,2009,16619604656.615305,0.0504,19.404268513869717,3224912713.513229,2779000.0,Bloemfontein,62.2592839131287,560136718.906807,0.17369050534598576,0.3501685643919557,5980.42628881443,23.533848838883532,14.83760170872464,8.69624713015889,0.034878908882876,0.0003599712023039,0.19404268513869716
ZA-FS,Free State,province,ZAF,South Africa,Africa,2010,20868191140.08565,0.05,17.483610685488422,3648513296.0361633,2780000.0,Bloemfontein,62.6299120560569,4248586483.4703465,1.164470604529828,0.5997952398667535,7506.543575570378,23.761491881547343,14.83796148566682,8.923530395880523,0.2556370365753093,0.0003598416696652,0.1748361068548842
ZA-FS,Free State,province,ZAF,South Africa,Africa,2011,22726694943.609367,0.0496,17.73024348353468,4029498349.262105,2790000.0,Bloemfontein,62.850627754452,1858503803.523716,0.46122460972444657,0.4236115865255477,8145.768796992605,23.846806059205942,14.841552153797547,9.005253905408393,0.0890591710152453,0.0035971223021582,0.1773024348353468
ZA-FS,Free State,province,ZAF,South Africa,Africa,2012,21372506818.2219,0.0492,17.85524987367732,3816114496.6622424,2800000.0,Bloemfontein,62.9616560303263,-1354188125.3874664,-0.35486045467763205,-0.1312160646734791,7633.038149364965,23.785371204883067,14.845129975145433,8.940241229737634,-0.0595857923357332,0.0035842293906809,0.1785524987367732
ZA-FS,Free State,province,ZAF,South Africa,Africa,2013,19563237463.463963,0.0488,18.496168373589153,3618449340.567366,2810000.0,Bloemfontein,63.0524024097034,-1809269354.7579384,-0.5000123490672522,-0.3953436081419052,6962.006214755858,23.696918002349097,14.848695041309927,8.848222961039165,-0.0846540543954993,0.0035714285714285,0.18496168373589153
ZA-FS,Free State,province,ZAF,South Africa,Africa,2014,18450025297.163532,0.0484,18.21988787338425,3361573921.754225,2820000.0,Bloemfontein,63.1352327065742,-1113212166.3004303,-0.3311580206808318,-0.47903497712670484,6542.5621621147275,23.63833157855198,14.852247442914296,8.786084135637685,-0.056903269122989,0.00355871886121,0.1821988787338425
ZA-FS,Free State,province,ZAF,South Africa,Africa,2015,16642069942.011024,0.048,17.928940847526075,2983746875.707073,2830000.0,Bloemfontein,63.2096349937231,-1807955355.1525078,-0.6059345616320311,-0.47558583407899185,5880.590085516263,23.535199660156536,14.85578726961942,8.679412390537115,-0.0979920258120436,0.00354609929078,0.17928940847526076
ZA-FS,Free State,province,ZAF,South Africa,Africa,2016,15337953158.5704,0.0474,17.36401231449903,2663284075.246257,2850000.0,Bloemfontein,63.2750973439347,-1304116783.4406242,-0.4896649199241132,-0.07768658670487234,5381.737950375579,23.453596192338033,14.862829552244833,8.5907666400932,-0.0783626548851671,0.0070671378091873,0.17364012314499028
ZA-FS,Free State,province,ZAF,South Africa,Africa,2017,17851804525.781742,0.0468,16.32594651026049,2914476057.995389,2870000.0,Bloemfontein,63.3311078299936,2513851367.211342,0.8625397214415268,0.22214415488636552,6220.140949749736,23.605370433943747,14.869822587735804,8.735547846207943,0.1638974471510024,0.0070175438596491,0.1632594651026049
ZA-FS,Free State,province,ZAF,South Africa,Africa,2018,18723045443.83429,0.0462,15.851426478991536,2967869783.157567,2890000.0,Bloemfontein,63.3771545246841,871240918.0525475,0.2935576631416825,0.2671545778230817,6478.562437312901,23.653020978729764,14.876767060088614,8.776253918641148,0.0488040812229535,0.0069686411149825,0.15851426478991537
ZA-FS,Free State,province,ZAF,South Africa,Africa,2019,17753449469.426666,0.0456,15.400262091523446,2734077748.5778856,2910000.0,Bloemfontein,63.4127255007908,-969595974.4076233,-0.35463365111396444,-0.42634017616795994,6100.841742071019,23.59984567029271,14.883663639147676,8.716182031145035,-0.0517862319629693,0.0069204152249136,0.15400262091523445
ZA-FS,Free State,province,ZAF,South Africa,Africa,2020,15208859493.362474,0.045,13.737055450622307,2089249462.010438,2930000.0,Bloemfontein,63.4373088310982,-2544589976.064192,-1.2179445405315983,-0.04081327665643819,5190.737028451356,23.445143956406337,14.89051298099325,8.554630975413085,-0.1433293276580558,0.0068728522336769,0.13737055450622307
ZA-FS,Free State,province,ZAF,South Africa,Africa,2021,18759387368.76644,0.0446666666666666,13.051632414722178,2448406282.625219,2956666.6666666665,Bloemfontein,63.4503925883909,3550527875.403967,1.4501383616762478,-0.012656625576497363,6344.775885715819,23.65496012374214,14.899573065617652,8.755387058124487,0.2334512904766792,0.0091012514220705,0.13051632414722178
ZA-FS,Free State,province,ZAF,South Africa,Africa,2022,18070091242.676235,0.0443333333333333,14.119473419108608,2551401729.8183436,2983333.3333333335,Bloemfontein,63.4766699210327,-689296126.0902061,-0.27016369787414196,0.2214497487647221,6057.013824360749,23.61752399093881,14.908551801582927,8.708972189355881,-0.0367440637873841,0.0090191657271703,0.14119473419108608
ZA-FS,Free State,province,ZAF,South Africa,Africa,2023,16783391877.614206,0.044,14.868358839808751,2495414929.8549957,3010000.0,Bloemfontein,63.5823705163545,-1286699365.062029,-0.51562541750794,-0.39289455769104076,5575.877700204055,23.54365565567597,14.91745063672506,8.626205018950909,-0.0712060247943421,0.0089385474860335,0.1486835883980875
ZA-GT,Gauteng,province,ZAF,South Africa,Africa,1993,48868656191.829,0.332,13.790446939090474,6739206101.98073,6670000.0,Johannesburg,52.893505042748,,,,7326.635111218741,24.612402050241016,15.713130417891806,8.89927163234921,,,0.13790446939090473
ZA-GT,Gauteng,province,ZAF,South Africa,Africa,1994,51075872448.18515,0.3327142857142857,14.01560672175809,7158593412.044426,6979571.428571428,Johannesburg,53.0838026074521,2207216256.356148,0.30833099874655234,0.5220343746463445,7317.909555177274,24.65657805921121,15.75849807293537,8.898079986275839,0.0451662973438831,0.0464125080316983,0.1401560672175809
ZA-GT,Gauteng,province,ZAF,South Africa,Africa,1995,57261667102.33865,0.3334285714285714,14.682786063704043,8407608077.146782,7289142.857142857,Johannesburg,53.2962166180026,6185794654.153503,0.7357377505461368,0.23563240846781466,7855.747681804064,24.77089725079854,15.801896519176662,8.969000731621879,0.1211099166329228,0.0443539308594469,0.14682786063704042
ZA-GT,Gauteng,province,ZAF,South Africa,Africa,1996,54543784352.162415,0.3341428571428572,14.778643116447492,8060831231.610815,7598714.285714285,Johannesburg,53.5749191516739,-2717882750.176239,-0.3371715238892451,0.21242418101059976,7178.028058602713,24.722269598685024,15.843489618012876,8.87877998067215,-0.0474642616555122,0.0424702100972091,0.14778643116447493
ZA-GT,Gauteng,province,ZAF,South Africa,Africa,1997,56583509482.31416,0.3348571428571428,15.101422402328044,8544914776.985604,7908285.714285714,Johannesburg,54.0040163031993,2039725130.1517487,0.2387063163749076,-0.25344490168149975,7154.96525120487,24.75898342780176,15.883421592398143,8.875561835403618,0.0373961057960747,0.0407399748077681,0.15101422402328044
ZA-GT,Gauteng,province,ZAF,South Africa,Africa,1998,51336718674.99148,0.3355714285714286,15.441634759917788,7927228595.51869,8217857.142857143,Johannesburg,54.6562438276427,-5246790807.322685,-0.6618694975301618,-0.15914372241006483,6246.971416339685,24.66167209673156,15.92182004483039,8.739852051901172,-0.0927265002705891,0.039145200332382,0.15441634759917788
ZA-GT,Gauteng,province,ZAF,South Africa,Africa,1999,50952988137.5534,0.3362857142857143,13.877556326701715,7071029628.926617,8527428.57142857,Johannesburg,55.4408521794673,-383730537.43807983,-0.05426798607494029,-0.2296187630006218,5975.187914006463,24.654169243326272,15.958798416978182,8.695370826348093,-0.0074747772616213,0.0376705780095609,0.13877556326701715
ZA-GT,Gauteng,province,ZAF,South Africa,Africa,2000,51140679181.559135,0.337,13.452830647579264,6879868962.316975,8837000.0,Johannesburg,56.2589954883628,187691044.0057373,0.027281194603236667,-0.30318579230173726,5787.108654697197,24.65784608754956,15.99445801050014,8.663388077049419,0.0036836121072829,0.0363030221805267,0.13452830647579264
ZA-GT,Gauteng,province,ZAF,South Africa,Africa,2001,45721136239.44478,0.3376,13.43062422016373,6140633997.508927,9081600.0,Johannesburg,57.0014339378269,-5419542942.114357,-0.8825705854335081,-0.4052280188598312,5034.480294160146,24.54582652769555,16.021760946507804,8.524065581187743,-0.1059732297037735,0.0276790766097092,0.1343062422016373
ZA-GT,Gauteng,province,ZAF,South Africa,Africa,2002,43657411646.33025,0.3382,13.116422622562787,5726290617.604623,9326200.0,Johannesburg,57.6723587528482,-2063724593.1145248,-0.36039466574922213,0.4271046482722365,4681.157561099939,24.499638901984905,16.048338201541856,8.451300700443046,-0.0451372114268258,0.0269335799859056,0.13116422622562787
ZA-GT,Gauteng,province,ZAF,South Africa,Africa,2003,66750025446.58655,0.3388,13.705165011637403,9148201132.764643,9570800.0,Johannesburg,58.3724341232066,23092613800.256294,2.5242791959994397,1.2646350855841657,6974.341272055267,24.92422051544897,16.07422735450166,8.849993160947308,0.5289505934829604,0.0262271879221975,0.13705165011637402
ZA-GT,Gauteng,province,ZAF,South Africa,Africa,2004,86820864776.99808,0.3394,14.18235331221837,12313241791.397219,9815400.0,Johannesburg,59.0977390950102,20070839330.41153,1.63002072650228,1.6452208980933982,8845.372045662742,25.18711280734183,16.099463138810318,9.087649668531514,0.3006866169133109,0.0255569022443264,0.14182353312218368
ZA-GT,Gauteng,province,ZAF,South Africa,Africa,2005,98214853846.82156,0.34,14.84724614298583,14582201099.611383,10060000.0,Johannesburg,59.8241758378997,11393989069.823486,0.7813627717784757,0.9107968178949588,9762.907937059796,25.310423302037275,16.124077722635867,9.18634557940141,0.1312356090795603,0.0249200236363265,0.1484724614298583
ZA-GT,Gauteng,province,ZAF,South Africa,Africa,2006,103615808299.00227,0.341,16.237907120873455,16825038714.13428,10438000.0,Johannesburg,60.5276465215157,5400954452.18071,0.3210069554041209,0.5368556579039984,9926.787535830836,25.36395574488987,16.160963551185496,9.202992193704375,0.0549912181369651,0.0375745526838966,0.16237907120873454
ZA-GT,Gauteng,province,ZAF,South Africa,Africa,2007,113912374100.75996,0.342,17.786446415466266,20260963380.017143,10816000.0,Johannesburg,61.1840533154988,10296565801.75769,0.5081972465293987,0.1930615000575897,10531.839321446,25.458695341540437,16.196537077264882,9.262158264275554,0.0993725375576384,0.036213834067829,0.17786446415466264
ZA-GT,Gauteng,province,ZAF,South Africa,Africa,2008,108433021705.39398,0.3429999999999999,20.211262331945893,21915682471.333008,11194000.0,Johannesburg,61.7692983894896,-5479352395.365982,-0.25001970176075033,0.16671459568040695,9686.709103572804,25.409398507840727,16.230888478433442,9.178510029407285,-0.0481014678047115,0.0349482248520709,0.20211262331945892
ZA-GT,Gauteng,province,ZAF,South Africa,Africa,2009,113435396862.61238,0.344,18.225224392017697,20673855618.18691,11572000.0,Johannesburg,62.2592839131287,5002375157.218399,0.24196624227257257,0.42806238813309544,9802.574910353644,25.454499321179608,16.264098945078164,9.190400376101444,0.0461333187855776,0.0337680900482402,0.18225224392017697
ZA-GT,Gauteng,province,ZAF,South Africa,Africa,2010,143990518866.59097,0.345,16.421269768450507,23645071544.074528,11950000.0,Johannesburg,62.6299120560569,30555122003.978592,1.2922406238874642,0.6950630723862544,12049.415804735649,25.693013293150557,16.296241836341792,9.39677145680876,0.2693614413936904,0.0326650535776011,0.16421269768450508
ZA-GT,Gauteng,province,ZAF,South Africa,Africa,2011,158537025211.46854,0.346,16.652916639529998,26401038651.256516,12240000.0,Johannesburg,62.850627754452,14546506344.877563,0.5509823509987265,0.5115553651158581,12952.371340806252,25.789254000532782,16.320219835048455,9.46903416548433,0.1010240567183113,0.0242677824267782,0.1665291663953
ZA-GT,Gauteng,province,ZAF,South Africa,Africa,2012,150736989144.7764,0.347,16.770327378778287,25279086560.49249,12530000.0,Johannesburg,62.9616560303263,-7800036066.692139,-0.30855687953861644,-0.07362767544860972,12030.086922966992,25.73880236133166,16.34363632687225,9.395166034459413,-0.0492000909963327,0.0236928104575162,0.16770327378778288
ZA-GT,Gauteng,province,ZAF,South Africa,Africa,2013,139508332731.2594,0.348,17.37230232411257,24235809329.403275,12820000.0,Johannesburg,63.0524024097034,-11228656413.516998,-0.46330849780593925,-0.35201677105143486,10882.08523644769,25.661390169264465,16.3665170094568,9.294873159807668,-0.0744917122016571,0.023144453312051,0.1737230232411257
ZA-GT,Gauteng,province,ZAF,South Africa,Africa,2014,133038405551.861,0.349,17.112809207545247,22766608514.850254,13110000.0,Johannesburg,63.1352327065742,-6469927179.398407,-0.28418493580974913,-0.4398545484888842,10147.857021499694,25.613903687031826,16.388885855739883,9.22501783129194,-0.0463766360957211,0.0226209048361933,0.17112809207545246
ZA-GT,Gauteng,province,ZAF,South Africa,Africa,2015,121348426660.49704,0.35,16.839540734236646,20434517737.84968,13400000.0,Johannesburg,63.2096349937231,-11689978891.363953,-0.5720702118509642,-0.42523957854733263,9055.852735857989,25.521931803732105,16.41076526492114,9.111166538810965,-0.08786920470726,0.0221205186880244,0.16839540734236647
ZA-GT,Gauteng,province,ZAF,South Africa,Africa,2016,113578513895.74284,0.351,16.30893844574986,18523449918.85415,13882000.0,Johannesburg,63.2750973439347,-7769912764.754196,-0.4194635879812846,0.004482831885463723,8181.711129213573,25.455760187102868,16.446103594881667,9.009656592221203,-0.0640297775470341,0.0359701492537314,0.1630893844574986
ZA-GT,Gauteng,province,ZAF,South Africa,Africa,2017,134269982758.0165,0.352,15.333947700677207,20588888933.822556,14364000.0,Johannesburg,63.3311078299936,20691468862.27365,1.00498229548864,0.33269383221137777,9347.673542050718,25.623118406618243,16.48023563432811,9.142882772290132,0.1821776685797016,0.034721221725976,0.15333947700677208
ZA-GT,Gauteng,province,ZAF,South Africa,Africa,2018,143057035534.0585,0.353,14.888260503440042,21298704118.809418,14846000.0,Johannesburg,63.3771545246841,8787052776.042007,0.41256278912677796,0.38499559173096826,9636.06597966176,25.686509237575365,16.513241026659628,9.173268210915737,0.0654431660416474,0.0335561125034808,0.14888260503440043
ZA-GT,Gauteng,province,ZAF,South Africa,Africa,2019,137822831407.3912,0.354,14.464509812017901,19935396972.12299,15328000.0,Johannesburg,63.4127255007908,-5234204126.667297,-0.262558309422513,-0.3341799333353986,8991.57303023168,25.649234866906145,16.54519177919278,9.104043087713364,-0.0365882328480178,0.0324666576855718,0.144645098120179
ZA-GT,Gauteng,province,ZAF,South Africa,Africa,2020,119981002669.85953,0.355,12.902363100893455,15480384616.557947,15810000.0,Johannesburg,63.4373088310982,-17841828737.531677,-1.1525442797104608,0.06542634566600254,7588.9312251650545,25.51059925611143,16.576153209185655,8.934446046925776,-0.1294548120608039,0.0314457202505218,0.12902363100893455
ZA-GT,Gauteng,province,ZAF,South Africa,Africa,2021,149515117237.63098,0.356,12.258587808678298,18328441933.823296,16056666.666666666,Johannesburg,63.4503925883909,29534114567.771454,1.6113816261309815,0.0837932897566513,9311.715833773987,25.730663343311367,16.591634689938292,9.139028653373074,0.2461565907149294,0.0156019397006113,0.12258587808678298
ZA-GT,Gauteng,province,ZAF,South Africa,Africa,2022,145511787375.23495,0.357,13.26154455018234,19297110508.533382,16303333.333333334,Johannesburg,63.4766699210327,-4003329862.3960266,-0.2074574771505668,0.3114278095420168,8925.278309664789,25.703522933164805,16.60688014384743,9.096642789317372,-0.0267754186757808,0.0153622586672204,0.1326154455018234
ZA-GT,Gauteng,province,ZAF,South Africa,Africa,2023,136555779367.86104,0.358,13.964926119367233,19069913700.447918,16550000.0,Johannesburg,63.5823705163545,-8956008007.373917,-0.46964072035436405,-0.33854909875246547,8251.104493526347,25.639999008158405,16.621896659787346,9.01810234837106,-0.0615483334300527,0.015129830300552,0.13964926119367232
ZA-KZN,KwaZulu-Natal,province,ZAF,South Africa,Africa,1993,24287133348.34875,0.165,14.062626812888311,3415408926.3268304,8150000.0,Pietermaritzburg,52.893505042748,,,,2980.016361760583,23.91321255522511,15.913528485217045,7.999684070008063,,,0.14062626812888313
ZA-KZN,KwaZulu-Natal,province,ZAF,South Africa,Africa,1994,25263806380.553585,0.1645714285714286,14.292230538634891,3610761450.7430696,8304285.714285714,Pietermaritzburg,53.0838026074521,976673032.204834,0.2704894924597806,0.48180484309804084,3042.261219058578,23.952638630582705,15.93228229062222,8.020356339960484,0.0402135986242788,0.0189307624890446,0.14292230538634892
ZA-KZN,KwaZulu-Natal,province,ZAF,South Africa,Africa,1995,28189226864.00476,0.1641428571428571,14.972577893908724,4220653949.903756,8458571.42857143,Pietermaritzburg,53.2962166180026,2925420483.4511757,0.6931201937363011,0.19992185160527653,3332.622665901593,24.062205715800797,15.950690855452644,8.111514860348152,0.1157949217701008,0.0185790469637021,0.14972577893908723
ZA-KZN,KwaZulu-Natal,province,ZAF,South Africa,Africa,1996,26723889212.3036,0.1637142857142857,15.07032686216685,4027377454.577498,8612857.142857144,Pietermaritzburg,53.5749191516739,-1465337651.7011604,-0.36384413138025207,0.17783887082191477,3102.7902552019436,24.00882372937553,15.968766661410276,8.040057067965254,-0.05198218662649,0.0182401621347745,0.1507032686216685
ZA-KZN,KwaZulu-Natal,province,ZAF,South Africa,Africa,1997,27591702789.370773,0.1632857142857142,15.399476791847674,4248977867.5247393,8767142.857142856,Pietermaritzburg,54.0040163031993,867813577.067173,0.20424055010969536,-0.280684477175225,3147.171574476054,24.04078094089967,15.986521525309966,8.054259415589701,0.0324733263999474,0.0179134184773592,0.15399476791847674
ZA-KZN,KwaZulu-Natal,province,ZAF,South Africa,Africa,1998,24914371770.749374,0.1628571428571428,15.746403867021426,3923117599.953374,8921428.57142857,Pietermaritzburg,54.6562438276427,-2677331018.621399,-0.6824498502551183,-0.18846893942992352,2792.643753326591,23.93871065346119,16.00396664548055,7.934744007980643,-0.0970339177346022,0.0175981750040736,0.15746403867021427
ZA-KZN,KwaZulu-Natal,province,ZAF,South Africa,Africa,1999,24610682885.470776,0.1624285714285714,14.15145546472872,3482769828.1030097,9075714.285714284,Pietermaritzburg,55.4408521794673,-303688885.2785988,-0.08719751814434766,-0.25919168553070737,2711.7075428662906,23.926446449256588,16.021112644187404,7.905333805069185,-0.0121893053564827,0.0172938350680544,0.1415145546472872
ZA-KZN,KwaZulu-Natal,province,ZAF,South Africa,Africa,2000,24583946668.88006,0.162,13.71834704193938,3372511120.642262,9230000.0,Pietermaritzburg,56.2589954883628,-26736216.590717316,-0.007927688192656178,-0.33180199361044355,2663.482846032509,23.925359492429585,16.037969606479034,7.887389885950547,-0.0010863663034113,0.01699984259405,0.1371834704193938
ZA-KZN,KwaZulu-Natal,province,ZAF,South Africa,Africa,2001,21885472797.0802,0.1616,13.695702329772223,2997369207.751379,9354000.0,Pietermaritzburg,57.0014339378269,-2698473871.799858,-0.9002807744943268,-0.43166898529115816,2339.6913402908062,23.809088911060744,16.05131461726797,7.7577742937927745,-0.1097656901125546,0.0134344528710725,0.13695702329772222
ZA-KZN,KwaZulu-Natal,province,ZAF,South Africa,Africa,2002,20808914125.92678,0.1612,13.375299384850207,2783254563.0790925,9478000.0,Pietermaritzburg,57.6723587528482,-1076558671.1534195,-0.3867984931864914,0.38945940820062913,2195.4963205240324,23.75864729559295,16.06448388150967,7.694163414083279,-0.0491905603838289,0.0132563609151166,0.13375299384850206
ZA-KZN,KwaZulu-Natal,province,ZAF,South Africa,Africa,2003,31680649621.638477,0.1608,13.975661689498665,4427580412.155632,9602000.0,Pietermaritzburg,58.3724341232066,10871735495.711697,2.4554574922827057,1.2148119625679064,3299.3802980252526,24.178971909415935,16.077481968073023,8.101489941342912,0.5224556855740061,0.013082928887951,0.13975661689498664
ZA-KZN,KwaZulu-Natal,province,ZAF,South Africa,Africa,2004,41031428138.56951,0.1604,14.462268180222678,5934075175.575273,9726000.0,Pietermaritzburg,59.0977390950102,9350778516.931034,1.5757768886075045,1.590843277023759,4218.736185335134,24.43760414997412,16.090313269945867,8.34729088002825,0.2951574108677455,0.0129139762549468,0.1446226818022268
ZA-KZN,KwaZulu-Natal,province,ZAF,South Africa,Africa,2005,46218754751.44544,0.16,15.140283895807915,6997650682.476049,9850000.0,Pietermaritzburg,59.8241758378997,5187326612.875931,0.7412954501810666,0.866880168279914,4692.259365628979,24.556651499660894,16.10298201314827,8.453669486512625,0.1264232528138558,0.0127493316882583,0.15140283895807916
ZA-KZN,KwaZulu-Natal,province,ZAF,South Africa,Africa,2006,48495844588.03742,0.1596,16.558392129838058,8030132113.564084,9970000.0,Pietermaritzburg,60.5276465215157,2277089836.59198,0.28356816605117086,0.4986267182777541,4864.176989773061,24.604743952622066,16.11509114193802,8.48965281068404,0.0492676587423801,0.0121827411167512,0.1655839212983806
ZA-KZN,KwaZulu-Natal,province,ZAF,South Africa,Africa,2007,53025877066.7865,0.1592,18.137494699982042,9617565642.607395,10090000.0,Pietermaritzburg,61.1840533154988,4530032478.749077,0.4710165386010249,0.16054113735553727,5255.290095816304,24.694045877888115,16.12705539232979,8.566990485558321,0.0934107348213193,0.0120361083249749,0.18137494699982043
ZA-KZN,KwaZulu-Natal,province,ZAF,South Africa,Africa,2008,50201643868.269875,0.1588,20.610168825339557,10346643554.346146,10210000.0,Pietermaritzburg,61.7692983894896,-2824233198.5166245,-0.27296129258558394,0.13577219225709938,4916.909291701261,24.63931360948782,16.138878190140847,8.500435419346973,-0.0532614141386003,0.0118929633300297,0.20610168825339556
ZA-KZN,KwaZulu-Natal,province,ZAF,South Africa,Africa,2009,52233043206.50524,0.1584,18.584932768175936,9707475962.701286,10330000.0,Pietermaritzburg,62.2592839131287,2031399338.2353668,0.20926133075585718,0.39263618524396854,5056.441743127322,24.678981143186533,16.15056284109582,8.528418302090712,0.040464797199984,0.0117531831537707,0.18584932768175935
ZA-KZN,KwaZulu-Natal,province,ZAF,South Africa,Africa,2010,65943484002.670654,0.158,16.745373777038342,11042482877.848686,10450000.0,Pietermaritzburg,62.6299120560569,13710440796.165413,1.2416085175616323,0.6630768735554216,6310.381244274704,24.912063909146163,16.162112536375094,8.749951372771068,0.2624859658657199,0.0116166505324297,0.16745373777038342
ZA-KZN,KwaZulu-Natal,province,ZAF,South Africa,Africa,2011,72578799981.2041,0.1584,16.98159262583651,12325036145.528784,10544000.0,Pietermaritzburg,62.850627754452,6635315978.533447,0.5383607723487752,0.4917152790560868,6883.421849507217,25.007938704855388,16.171067535724426,8.83687116913096,0.1006212528635084,0.0089952153110048,0.16981592625836509
ZA-KZN,KwaZulu-Natal,province,ZAF,South Africa,Africa,2012,68982806559.62679,0.1588,17.101320682306802,11796970965.417149,10638000.0,Pietermaritzburg,62.9616560303263,-3595993421.5773163,-0.30482345274214717,-0.07433736087851676,6484.565384435682,24.95712313019784,16.1799430542844,8.777180075913439,-0.0495460578365662,0.0089150227617602,0.17101320682306803
ZA-KZN,KwaZulu-Natal,province,ZAF,South Africa,Africa,2013,63821053364.41522,0.1592,17.715176712088475,11306012383.022444,10732000.0,Pietermaritzburg,63.0524024097034,-5161753195.211563,-0.4565494022421783,-0.347407103059302,5946.799605331273,24.879348962900274,16.188740490527653,8.690608472372622,-0.0748266626517999,0.0088362474149277,0.17715176712088476
ZA-KZN,KwaZulu-Natal,province,ZAF,South Africa,Africa,2014,60839339616.26652,0.1596,17.450562020852058,10616806692.813404,10826000.0,Pietermaritzburg,63.1352327065742,-2981713748.1487045,-0.2808484541935805,-0.4335608137328733,5619.743175343296,24.831502449845104,16.19746120633906,8.634041243506044,-0.0467199081018493,0.0087588520313082,0.17450562020852056
ZA-KZN,KwaZulu-Natal,province,ZAF,South Africa,Africa,2015,55473566473.37008,0.16,17.171900090833418,9525865411.629173,10920000.0,Pietermaritzburg,63.2096349937231,-5365773142.896439,-0.563284584762861,-0.42999333135354595,5079.996929795795,24.739172464482472,16.206106528281033,8.533065936201439,-0.0881957821491836,0.0086828006650656,0.17171900090833417
ZA-KZN,KwaZulu-Natal,province,ZAF,South Africa,Africa,2016,51644247344.047165,0.1596,16.63082538875808,8588864599.126817,11042000.0,Pietermaritzburg,63.2750973439347,-3829319129.322914,-0.4458469551041962,-0.01754794433118804,4677.073659123997,24.66764464865271,16.217216741826128,8.450427906826585,-0.069029618478941,0.0111721611721611,0.1663082538875808
ZA-KZN,KwaZulu-Natal,province,ZAF,South Africa,Africa,2017,60726651292.8302,0.1592,15.636591405295833,9495578336.778658,11164000.0,Pietermaritzburg,63.3311078299936,9082403948.783035,0.956487706873493,0.2940130893321704,5439.506565104819,24.82964850443043,16.22820487363835,8.60144363079208,0.1758647751854578,0.0110487230574172,0.15636591405295833
ZA-KZN,KwaZulu-Natal,province,ZAF,South Africa,Africa,2018,64355402954.13171,0.1588,15.182107750218462,9770506619.583551,11286000.0,Pietermaritzburg,63.3771545246841,3628751661.301506,0.37139851622721426,0.3442178489293454,5702.233116616313,24.887686729455105,16.239073577511224,8.648613151943882,0.0597555041163604,0.0109279828018631,0.15182107750218463
ZA-KZN,KwaZulu-Natal,province,ZAF,South Africa,Africa,2019,61669877104.32421,0.1584,14.749993558307727,9096302900.304113,11408000.0,Pietermaritzburg,63.4127255007908,-2685525849.807495,-0.295232676312671,-0.3669666145165788,5405.844767209345,24.845061433152697,16.249825421636213,8.59523601151648,-0.0417296097379976,0.0108098529151161,0.14749993558307728
ZA-KZN,KwaZulu-Natal,province,ZAF,South Africa,Africa,2020,53399995554.47269,0.158,13.157015004200561,7025845427.344404,11530000.0,Pietermaritzburg,63.4373088310982,-8269881549.851524,-1.1770656834642796,0.016269581776814368,4631.395971766929,24.70107649966298,16.260462892245243,8.44061360741774,-0.1340992059358531,0.0106942496493689,0.13157015004200562
ZA-KZN,KwaZulu-Natal,province,ZAF,South Africa,Africa,2021,65937846646.93277,0.157,12.500533620691684,8242582688.859955,11653333.333333334,Pietermaritzburg,63.4503925883909,12537851092.460083,1.5211071051073937,0.02347124574013504,5658.28203491986,24.91197841780765,16.2711028200835,8.640875597724147,0.2347912385061974,0.0106967331598728,0.12500533620691684
ZA-KZN,KwaZulu-Natal,province,ZAF,South Africa,Africa,2022,63584982718.590065,0.156,13.523285561041199,8598778786.97363,11776666.666666666,Pietermaritzburg,63.4766699210327,-2352863928.342705,-0.27362768442270896,0.23918579587493316,5399.234309532131,24.875643158634706,16.281630730667217,8.594012427967485,-0.0356830568177517,0.0105835240274598,0.13523285561041198
ZA-KZN,KwaZulu-Natal,province,ZAF,South Africa,Africa,2023,59123312296.14096,0.155,14.240549661196846,8419484648.876455,11900000.0,Pietermaritzburg,63.5823705163545,-4461670422.449104,-0.5299220330598852,-0.4017748587412971,4968.3455711042825,24.80289113867695,16.292048958081757,8.510842180595194,-0.0701686189362549,0.0104726861024626,0.14240549661196847
ZA-LP,Limpopo,province,ZAF,South Africa,Africa,1993,9862048086.90525,0.067,15.43864728597738,1522566819.3107815,4700000.0,Polokwane,52.893505042748,,,,2098.3081035968617,23.011959700715497,15.363073066680286,7.648886634035207,,,0.1543864728597738
ZA-LP,Limpopo,province,ZAF,South Africa,Africa,1994,10241490954.616774,0.0667142857142857,15.6907176128454,1606963425.0340226,4745714.285714285,Polokwane,53.0838026074521,379442867.71152306,0.23612414682275018,0.4291384005366122,2158.050472074576,23.04971304699577,15.37275251309411,7.676960533901656,0.0384750575507073,0.009726443768997,0.156907176128454
ZA-LP,Limpopo,province,ZAF,South Africa,Africa,1995,11408172751.751274,0.0664285714285714,16.43763659105463,1875233978.6125913,4791428.571428572,Polokwane,53.2962166180026,1166681797.1345005,0.6221526542504742,0.17201318315022873,2380.9543608306176,23.157595843539397,15.382339165304025,7.775256678235373,0.1139171827914928,0.0096327513546057,0.1643763659105463
ZA-LP,Limpopo,province,ZAF,South Africa,Africa,1996,10796824350.171524,0.0661428571428571,16.544950243303603,1786329216.592766,4837142.857142857,Polokwane,53.5749191516739,-611348401.5797501,-0.3422372516225382,0.1520534221211747,2232.0664634140776,23.102517886187076,15.39183478561395,7.710683100573128,-0.0535886346466748,0.0095408467501489,0.16544950243303602
ZA-LP,Limpopo,province,ZAF,South Africa,Africa,1997,11128412061.154793,0.0658571428571428,16.906307316641367,1881403542.5210133,4882857.142857143,Polokwane,54.0040163031993,331587710.98326874,0.17624486373558812,-0.26621434199783045,2279.0779528403614,23.132767320101507,15.401241086596404,7.7315262335051,0.0307115963202644,0.0094506792675723,0.16906307316641367
ZA-LP,Limpopo,province,ZAF,South Africa,Africa,1998,10031312844.538565,0.0655714285714285,17.28718101960094,1734131210.077862,4928571.428571428,Polokwane,54.6562438276427,-1097099216.616228,-0.6326506381065413,-0.18237518633295025,2035.3388380223175,23.02897732213319,15.410559732946275,7.61841758918692,-0.0985854235615338,0.0093622001170274,0.1728718101960094
ZA-LP,Limpopo,province,ZAF,South Africa,Africa,1999,9891892769.270138,0.0652857142857143,15.536167773643035,1536821056.6226728,4974285.714285715,Polokwane,55.4408521794673,-139420075.2684269,-0.09071978462789759,-0.24739793674712626,1988.6056687217392,23.01498134640026,15.419792343249004,7.595189003151253,-0.0138984874092858,0.0092753623188406,0.15536167773643034
ZA-LP,Limpopo,province,ZAF,South Africa,Africa,2000,9863929218.995085,0.065,15.060679924537746,1485574807.6558056,5020000.0,Polokwane,56.2589954883628,-27963550.275053024,-0.01882338750693996,-0.2809916550613683,1964.9261392420487,23.01215042709283,15.428940491667912,7.583209935424923,-0.0028269160338983,0.009190120620333,0.15060679924537745
ZA-LP,Limpopo,province,ZAF,South Africa,Africa,2001,8884201828.517706,0.0656,15.03581943945961,1335812545.5730915,5066000.0,Polokwane,57.0014339378269,-979727390.4773788,-0.7334317930492675,-0.3406982088336472,1753.6916361069298,22.90754046092379,15.438062109543758,7.469478351380034,-0.0993242519006225,0.0091633466135458,0.1503581943945961
ZA-LP,Limpopo,province,ZAF,South Africa,Africa,2002,8545596247.744125,0.0662,14.684065238636624,1254840928.0492308,5112000.0,Polokwane,57.6723587528482,-338605580.77358055,-0.26983944594473425,0.42743814225927146,1671.6737573834362,22.868681928463385,15.447101275039508,7.421580653423877,-0.0381132247228647,0.0090801421239636,0.14684065238636623
ZA-LP,Limpopo,province,ZAF,South Africa,Africa,2003,13160866882.620958,0.0668,15.3431726720195,2019294530.9351635,5158000.0,Polokwane,58.3724341232066,4615270634.876833,2.285585665771816,1.168785381523269,2551.544568170019,23.30051363321367,15.456059465423428,7.844454167790241,0.5400759058907301,0.0089984350547731,0.153431726720195
ZA-LP,Limpopo,province,ZAF,South Africa,Africa,2004,17241385639.27422,0.0674,15.877393346244464,2737482616.2904735,5204000.0,Polokwane,59.0977390950102,4080518756.653261,1.4906099247427251,1.503916214989068,3313.1025440573057,23.570578472459967,15.464938118614532,8.105640353845434,0.3100493905945984,0.0089181853431563,0.15877393346244464
ZA-LP,Limpopo,province,ZAF,South Africa,Africa,2005,19642970769.364315,0.068,16.62175253507514,3265005991.8208814,5250000.0,Polokwane,59.8241758378997,2401585130.0900955,0.735553054452663,0.8427153784468212,3741.518241783679,23.700985389603176,15.473738634567807,8.22724675503537,0.1392918864142518,0.0088393543428131,0.16621752535075138
ZA-LP,Limpopo,province,ZAF,South Africa,Africa,2006,20783933394.873184,0.0684,18.17862189738135,3778232667.257572,5292000.0,Polokwane,60.5276465215157,1140962625.5088692,0.3019831561450757,0.5015732316957179,3927.425055720557,23.757446092234854,15.481706804216984,8.275739288017874,0.0580850340259297,0.008,0.1817862189738135
ZA-LP,Limpopo,province,ZAF,South Africa,Africa,2007,22915705667.05346,0.0688,19.912238805034047,4563030036.282405,5334000.0,Polokwane,61.1840533154988,2131772272.180275,0.4671834844894148,0.18639291432351676,4296.157792848418,23.85508834941713,15.489611983724096,8.365476365693032,0.1025682786640436,0.0079365079365079,0.19912238805034047
ZA-LP,Limpopo,province,ZAF,South Africa,Africa,2008,21876283096.24859,0.0692,22.626862764163103,4949916554.087979,5376000.0,Polokwane,61.7692983894896,-1039422570.8048706,-0.2099878976639403,0.16222495311747628,4069.2490878438593,23.80866892329841,15.497455161185124,8.311213762113288,-0.0453585233597793,0.0078740157480314,0.22626862764163103
ZA-LP,Limpopo,province,ZAF,South Africa,Africa,2009,22950882621.040184,0.0696,20.403458447642613,4682773798.951164,5418000.0,Polokwane,62.2592839131287,1074599524.7915955,0.22947927252695433,0.39529203323314066,4236.043303994128,23.85662223114658,15.505237301627178,8.351384929519405,0.049121668432599,0.0078125,0.20403458447642614
ZA-LP,Limpopo,province,ZAF,South Africa,Africa,2010,29215467596.119915,0.07,18.383899598232414,5370942230.02481,5460000.0,Polokwane,62.6299120560569,6264584975.079731,1.1663847248364079,0.6338880173004858,5350.818241047604,24.097964118168555,15.512959347721088,8.585004770447467,0.2729561681142791,0.0077519379844961,0.18383899598232414
ZA-LP,Limpopo,province,ZAF,South Africa,Africa,2011,32257244436.090714,0.0704,18.6432323343861,6013793024.891224,5514000.0,Polokwane,62.850627754452,3041776839.9707985,0.5058000545380954,0.4707063705388705,5850.062465740064,24.197008488639057,15.52280087056588,8.674207618073178,0.1041152885868845,0.0098901098901098,0.18643232334386098
ZA-LP,Limpopo,province,ZAF,South Africa,Africa,2012,30755558592.075417,0.0708,18.77467571681209,5774256390.556297,5568000.0,Polokwane,62.9616560303263,-1501685844.015297,-0.2600656677578917,-0.0509404542027652,5523.6276207032,24.149336582084477,15.532546480996391,8.616790101088085,-0.0465534446685454,0.0097932535364526,0.18774675716812092
ZA-LP,Limpopo,province,ZAF,South Africa,Africa,2013,28543084168.0048,0.0712,19.448597229077777,5551229476.591919,5622000.0,Polokwane,63.0524024097034,-2212474424.0706177,-0.3985557493884991,-0.29917649447275046,5077.033825685663,24.07468050790792,15.542198030448612,8.532482477459308,-0.0719373838536195,0.0096982758620689,0.19448597229077777
ZA-LP,Limpopo,province,ZAF,South Africa,Africa,2014,27293839075.96919,0.0716,19.15809013256984,5228978290.812744,5676000.0,Polokwane,63.1352327065742,-1249245092.0356102,-0.23890806627186037,-0.37757450642876683,4808.639724448412,24.02992683879599,15.551757317262071,8.478169521533925,-0.0437669974513806,0.0096051227321238,0.19158090132569838
ZA-LP,Limpopo,province,ZAF,South Africa,Africa,2015,24963104913.016533,0.072,18.852161282517116,4706084799.32583,5730000.0,Polokwane,63.2096349937231,-2330734162.952656,-0.4952597036259408,-0.3697711212961044,4356.56281204477,23.9406647682647,15.561226088690924,8.379438679573777,-0.085394149077575,0.0095137420718816,0.18852161282517116
ZA-LP,Limpopo,province,ZAF,South Africa,Africa,2016,23362873798.497528,0.0722,18.25814271174408,4265626839.694344,5754000.0,Polokwane,63.2750973439347,-1600231114.5190048,-0.3751455939905119,0.008966403110460375,4060.283941344722,23.874414009535784,15.56540582309363,8.309008186442153,-0.0641038492645438,0.0041884816753927,0.18258142711744083
ZA-LP,Limpopo,province,ZAF,South Africa,Africa,2017,27616894180.91021,0.0723999999999999,17.166623467534457,4740888237.464291,5778000.0,Polokwane,63.3311078299936,4254020382.4126816,0.8973045069478341,0.2967455293870541,4779.663236571514,24.041693530411816,15.569568160008318,8.472125370403498,0.1820846364665231,0.0041710114702815,0.17166623467534456
ZA-LP,Limpopo,province,ZAF,South Africa,Africa,2018,29421928554.596737,0.0726,16.667668831153815,4903949615.218864,5802000.0,Polokwane,63.3771545246841,1805034373.6865273,0.3680776752038404,0.3434517451183558,5070.997682626118,24.10500610247282,15.573713243663486,8.531292858809334,0.0653597888981387,0.0041536863966771,0.16667668831153815
ZA-LP,Limpopo,province,ZAF,South Africa,Africa,2019,28343226345.926777,0.0727999999999999,16.193272497884074,4589695876.887994,5826000.0,Polokwane,63.4127255007908,-1078702208.66996,-0.23502694679660677,-0.2990218714407842,4864.954745267212,24.06765390897501,15.577841216501517,8.489812692473492,-0.0366632053595082,0.0041365046535677,0.16193272497884073
ZA-LP,Limpopo,province,ZAF,South Africa,Africa,2020,24672149844.788013,0.073,14.444421848697603,3563749402.7239714,5850000.0,Polokwane,63.4373088310982,-3671076501.1387634,-1.0301163427295859,0.06146419371809153,4217.461511929575,23.928940907784405,15.58195221920804,8.346988688576367,-0.1295221812906397,0.0041194644696189,0.14444421848697603
ZA-LP,Limpopo,province,ZAF,South Africa,Africa,2021,30798994187.526985,0.0733333333333333,13.723704114759363,4226762832.618138,5880000.0,Polokwane,63.4503925883909,6126844342.738972,1.4495358706804675,0.08202444036470831,5237.924181552208,24.15074787014359,15.58706731987481,8.56368055026878,0.2483303798527012,0.0051282051282051,0.13723704114759364
ZA-LP,Limpopo,province,ZAF,South Africa,Africa,2022,30026241839.33419,0.0736666666666666,14.846531782605442,4457855537.798724,5910000.0,Polokwane,63.4766699210327,-772752348.1927948,-0.17334620685675642,0.28946095188129023,5080.58237552186,24.12533756423481,15.59215638938228,8.533181174852528,-0.0250901813055227,0.0051020408163264,0.14846531782605443
ZA-LP,Limpopo,province,ZAF,South Africa,Africa,2023,28226613612.35117,0.074,15.633979789335461,4412943067.3687935,5940000.0,Polokwane,63.5823705163545,-1799628226.9830208,-0.4078068081798401,-0.29057650751829844,4751.955153594472,24.063531114961876,15.597219691338829,8.466311423623047,-0.0599351805867867,0.0050761421319796,0.15633979789335462
ZA-MP,Mpumalanga,province,ZAF,South Africa,Africa,1993,9273269096.64225,0.063,16.557608989368497,1535431637.553968,2850000.0,Mbombela,52.893505042748,,,,3253.7786304007896,22.95040180771606,14.862829552244833,8.087572255471228,,,0.16557608989368497
ZA-MP,Mpumalanga,province,ZAF,South Africa,Africa,1994,9715161655.021908,0.0632857142857142,16.827948860005602,1634862434.9739606,2884285.714285714,Mbombela,53.0838026074521,441892558.37965775,0.27029341975595395,0.4474994480631259,3368.307656520721,22.996953559372,14.874787841233706,8.122165718138296,0.0476522954067688,0.0120300751879698,0.168279488600056
ZA-MP,Mpumalanga,province,ZAF,South Africa,Africa,1995,10917498654.901756,0.0635714285714285,17.62900300411834,1924646165.8472097,2918571.4285714286,Mbombela,53.2962166180026,1202336999.8798485,0.6247054763702979,0.20934357951149837,3740.699490176813,23.11363272011828,14.886604817738492,8.22702790237979,0.1237588259026387,0.0118870728083211,0.17629003004118338
ZA-MP,Mpumalanga,province,ZAF,South Africa,Africa,1996,10423715949.301666,0.0638571428571428,17.74409453126097,1849594011.7142146,2952857.1428571427,Mbombela,53.5749191516739,-493782705.60009,-0.26696815759175674,0.18963909112512034,3530.0441047465733,23.06734942671441,14.898283782602638,8.169065644111775,-0.045228556577691,0.0117474302496327,0.1774409453126097
ZA-MP,Mpumalanga,province,ZAF,South Africa,Africa,1997,10838735391.45011,0.0641428571428571,18.13164202911097,1965240701.6602936,2987142.8571428573,Mbombela,54.0040163031993,415019442.1484432,0.21117995459681987,-0.1977684729522434,3628.462350078946,23.10639216484711,14.909827922349503,8.196564242497608,0.0398149224486732,0.0116110304789551,0.1813164202911097
ZA-MP,Mpumalanga,province,ZAF,South Africa,Africa,1998,9856475147.901728,0.0644285714285714,18.540120682138134,1827402387.4259336,3021428.5714285714,Mbombela,54.6562438276427,-982260243.5483818,-0.5375172158617932,-0.11921775987327472,3262.190356279532,23.011394451575327,14.921240314401247,8.09015413717408,-0.0906249860406422,0.0114777618364418,0.18540120682138134
ZA-MP,Mpumalanga,province,ZAF,South Africa,Africa,1999,9805311650.939545,0.0647142857142857,16.662197563309626,1633780398.9777637,3055714.285714286,Mbombela,55.4408521794673,-51163496.962183,-0.03131601835485073,-0.17734731819559266,3208.8443925468355,23.00619008098909,14.932523932003274,8.073666148985811,-0.0051908513129133,0.0113475177304964,0.16662197563309625
ZA-MP,Mpumalanga,province,ZAF,South Africa,Africa,2000,9863929218.995085,0.065,16.152247323573786,1593246243.2743464,3090000.0,Mbombela,56.2589954883628,58617568.055540085,0.03679127962986606,-0.24021057319351435,3192.210103234655,23.01215042709283,14.943681648873929,8.068468778218907,0.0059781443101731,0.0112201963534361,0.16152247323573785
ZA-MP,Mpumalanga,province,ZAF,South Africa,Africa,2001,8830029866.148697,0.0652,16.125585001183424,1423893971.6956909,3154000.0,Mbombela,57.0014339378269,-1033899352.8463879,-0.7261069808555582,-0.3269753861328548,2799.6290000471454,22.90142423390635,14.96418204650512,7.937242187401234,-0.1048161771939113,0.0207119741100323,0.16125585001183423
ZA-MP,Mpumalanga,province,ZAF,South Africa,Africa,2002,8442326202.4541645,0.0654,15.748336372484923,1329525928.0249145,3218000.0,Mbombela,57.6723587528482,-387703663.6945324,-0.2916104571728721,0.36326129405546714,2623.4699199671113,22.856523723983575,14.984270606534466,7.87225311744911,-0.0439074011720905,0.020291693088142,0.15748336372484922
ZA-MP,Mpumalanga,province,ZAF,South Africa,Africa,2003,12924444124.250525,0.0656,16.45521456989359,2126745012.6114285,3282000.0,Mbombela,58.3724341232066,4482117921.79636,2.107501320194832,1.059749677721068,3937.9781000153944,23.282386248621112,15.003963550632172,8.278422697988939,0.5309102982177376,0.0198881292728403,0.16455214569893592
ZA-MP,Mpumalanga,province,ZAF,South Africa,Africa,2004,16832094585.522903,0.0658,17.028154470262187,2866195066.603478,3346000.0,Mbombela,59.0977390950102,3907650461.272379,1.363358170141244,1.3759751197092671,5030.512428428841,23.546553292872975,15.023276160528908,8.52327713234407,0.3023457274994394,0.0195003046922608,0.17028154470262188
ZA-MP,Mpumalanga,province,ZAF,South Africa,Africa,2005,19065236334.971245,0.066,17.826463296677066,3398657357.6783886,3410000.0,Mbombela,59.8241758378997,2233141749.4483414,0.6570658687917257,0.7676193673089401,5590.978397352271,23.671132426453497,15.0422228492597,8.628909577193795,0.132671649277033,0.0191273161984459,0.17826463296677064
ZA-MP,Mpumalanga,province,ZAF,South Africa,Africa,2006,20176216044.145897,0.0664,19.496171378680298,3933589657.6994743,3456000.0,Mbombela,60.5276465215157,1110979709.174652,0.2824340629938505,0.4586182686808433,5838.02547573666,23.72777032408874,15.055622408906084,8.672147915182657,0.0582725380192004,0.0134897360703811,0.194961713786803
ZA-MP,Mpumalanga,province,ZAF,South Africa,Africa,2007,22249551432.546093,0.0668,21.355437308043378,4751489007.498248,3502000.0,Mbombela,61.1840533154988,2073335388.400196,0.43635487425695374,0.1745796438073568,6353.384189761877,23.82558768502043,15.068844791827932,8.756742893192497,0.1027613594077156,0.0133101851851851,0.2135543730804338
ZA-MP,Mpumalanga,province,ZAF,South Africa,Africa,2008,21244020579.01597,0.0672,24.266811681448193,5155246467.477905,3548000.0,Mbombela,61.7692983894896,-1005530853.5301247,-0.19505000582873377,0.15200696301281955,5987.6044472987505,23.77934130820389,15.081894622411609,8.697446685792283,-0.0451933090237163,0.0131353512278697,0.24266811681448192
ZA-MP,Mpumalanga,province,ZAF,South Africa,Africa,2009,22291374499.74593,0.0676,21.882259549626507,4877856425.213661,3594000.0,Mbombela,62.2592839131287,1047353920.7299614,0.21471602061023862,0.36930001943977,6202.38578178796,23.827465646855128,15.09477634632564,8.732689300529485,0.0493011158991483,0.0129650507328071,0.21882259549626507
ZA-MP,Mpumalanga,province,ZAF,South Africa,Africa,2010,28380739950.516487,0.068,19.716327189093533,5595639547.329613,3640000.0,Mbombela,62.6299120560569,6089365450.770557,1.088234043537805,0.5917750169027254,7796.906579812222,24.068976581295303,15.107494239612924,8.961482341682379,0.2731713762576626,0.0127991096271564,0.19716327189093533
ZA-MP,Mpumalanga,province,ZAF,South Africa,Africa,2011,31340845446.429047,0.0684,19.994455833646214,6266431500.677576,3780000.0,Mbombela,62.850627754452,2960105495.9125595,0.47237498656013227,0.43965963986142875,8291.228954081758,24.168188050103566,15.14523456759577,9.022953482507797,0.104299799831635,0.0384615384615385,0.19994455833646213
ZA-MP,Mpumalanga,province,ZAF,South Africa,Africa,2012,29886757501.903793,0.0688,20.13542596465156,6017825930.030785,3920000.0,Mbombela,62.9616560303263,-1454087944.5252533,-0.24163011051365102,-0.0466776632158357,7624.172832118315,24.1206813263241,15.181602211766643,8.939079114557456,-0.0463959387123339,0.0370370370370369,0.2013542596465156
ZA-MP,Mpumalanga,province,ZAF,South Africa,Africa,2013,27741312140.813656,0.0692,20.85819193520095,5786336131.674116,4060000.0,Mbombela,63.0524024097034,-2145445361.0901375,-0.37077786569398835,-0.2781163296869444,6832.835502663462,24.046188552113616,15.216693531577915,8.829495020535699,-0.0717858188849517,0.0357142857142858,0.20858191935200948
ZA-MP,Mpumalanga,province,ZAF,South Africa,Africa,2014,26531441336.41698,0.0696,20.546629476164522,5451316946.07955,4200000.0,Mbombela,63.1352327065742,-1209870804.396675,-0.2219410128531939,-0.3512152694813368,6317.009842004043,24.00159633216977,15.250595083253597,8.751001248916173,-0.0436126019654522,0.0344827586206897,0.2054662947616452
ZA-MP,Mpumalanga,province,ZAF,South Africa,Africa,2015,24269685332.09941,0.07,20.218527526303866,4906973009.417851,4340000.0,Mbombela,63.2096349937231,-2261756004.3175697,-0.4609269298968281,-0.3492728790217492,5592.093394492952,23.912493891298,15.283384906076588,8.629108985221416,-0.0852481392035452,0.0333333333333334,0.20218527526303867
ZA-MP,Mpumalanga,province,ZAF,South Africa,Africa,2016,22650985677.213673,0.07,19.581455699666773,4435392725.921461,4408000.0,Mbombela,63.2750973439347,-1618699654.8857384,-0.3649506943152256,-0.0006470634743985423,5138.608365974063,23.84346920568636,15.298931629814888,8.544537575871475,-0.0666963593773845,0.015668202764977,0.19581455699666772
ZA-MP,Mpumalanga,province,ZAF,South Africa,Africa,2017,26701417025.74192,0.07,18.410825364299935,4915951258.402795,4476000.0,Mbombela,63.3311078299936,4050431348.528248,0.8239364337888581,0.26256109540306016,5965.464036135371,24.007982473069504,15.314240348413954,8.693742124655552,0.1788192092939637,0.0154264972776769,0.18410825364299935
ZA-MP,Mpumalanga,province,ZAF,South Africa,Africa,2018,28368250672.476196,0.07,17.875707512353998,5071025516.5832405,4544000.0,Mbombela,63.3771545246841,1666833646.7342758,0.32869754673554796,0.3056746591142762,6243.012912076628,24.06853642269143,15.329318239383124,8.739218183308305,0.0624249134466285,0.0151921358355675,0.17875707512353997
ZA-MP,Mpumalanga,province,ZAF,South Africa,Africa,2019,27253102255.69883,0.07,17.36692789929781,4733026619.069121,4612000.0,Mbombela,63.4127255007908,-1115148416.7773666,-0.2356100031815775,-0.29592883599227343,5909.172215025766,24.02843319582173,15.344172160371087,8.684261035450643,-0.0393097350151139,0.0149647887323942,0.1736692789929781
ZA-MP,Mpumalanga,province,ZAF,South Africa,Africa,2020,23658225878.56385,0.07,15.49132411784905,3664972451.381167,4680000.0,Mbombela,63.4373088310982,-3594876377.1349792,-0.9808740515307908,0.036746670738620445,5055.1764697786,23.886976708685378,15.358808667893827,8.528168040791545,-0.1319070520268298,0.0147441457068517,0.1549132411784905
ZA-MP,Mpumalanga,province,ZAF,South Africa,Africa,2021,29399039906.27576,0.07,14.718370230814402,4327059537.710538,4740000.0,Mbombela,63.4503925883909,5740814027.71191,1.3267240669282296,0.05164553790348537,6202.329094151004,24.104227854508697,15.37154769367126,8.732680160837438,0.2426561508533709,0.0128205128205127,0.14718370230814404
ZA-MP,Mpumalanga,province,ZAF,South Africa,Africa,2022,28531723014.751953,0.07,15.922578160580768,4542985897.584291,4800000.0,Mbombela,63.4766699210327,-867316891.5238075,-0.1909134016869827,0.24228537557204663,5944.108961406657,24.07428239343453,15.38412647587812,8.690155917556405,-0.029501537951199,0.0126582278481013,0.1592257816058077
ZA-MP,Mpumalanga,province,ZAF,South Africa,Africa,2023,26700850714.38624,0.07,16.767098794634997,4476958018.2891445,4860000.0,Mbombela,63.5823705163545,-1830872300.365715,-0.4089545385251071,-0.2999339701060449,5494.002204606222,24.007961263807065,15.396548995876676,8.611412267930389,-0.0641697068003598,0.0124999999999999,0.16767098794634996
ZA-NC,Northern Cape,province,ZAF,South Africa,Africa,1993,2943894951.315,0.02,14.879166434281824,438027029.45657873,750000.0,Kimberley,52.893505042748,,,,3925.19326842,21.80299935487852,13.527828485512494,8.275170869366026,,,0.14879166434281824
ZA-NC,Northern Cape,province,ZAF,South Africa,Africa,1994,3048323860.1536007,0.0198571428571428,15.122101989265305,460970643.0955366,761428.5714285715,Kimberley,53.0838026074521,104428908.83860064,0.22654134358173791,0.42773448773523737,4003.427208456886,21.83785772245756,13.542951647086714,8.294906075370845,0.0354730418597148,0.0152380952380952,0.15122101989265305
ZA-NC,Northern Cape,province,ZAF,South Africa,Africa,1995,3385651268.261668,0.0197142857142857,15.84195338452278,536353295.6805178,772857.1428571428,Kimberley,53.2962166180026,337327408.1080675,0.6289276318887368,0.16023449976803042,4380.694801817316,21.942812123109245,13.55784950176735,8.384962621341895,0.1106599638304408,0.0150093808630393,0.1584195338452278
ZA-NC,Northern Cape,province,ZAF,South Africa,Africa,1996,3194740682.4481616,0.0195714285714285,15.945378099324923,509413481.1093128,784285.7142857143,Kimberley,53.5749191516739,-190910585.8135066,-0.3747654761663835,0.1397205195117601,4073.439850116053,21.88477175792897,13.5725286644304,8.31224309349857,-0.0563881423946914,0.0147874306839186,0.15945378099324922
ZA-NC,Northern Cape,province,ZAF,South Africa,Africa,1997,3283002256.65304,0.0194285714285714,16.29363996040657,534920567.59106916,795714.2857142857,Kimberley,54.0040163031993,88261574.20487833,0.16499940281292694,-0.2954755668920266,4125.855618774018,21.912024162840908,13.586995462848153,8.325028699992755,0.027627148171927,0.0145719489981783,0.1629363996040657
ZA-NC,Northern Cape,province,ZAF,South Africa,Africa,1998,2950386130.7466364,0.0192857142857142,16.660711188332346,491555312.1843107,807142.8571428572,Kimberley,54.6562438276427,-332616125.90640354,-0.6766606273226232,-0.2088680035400706,3655.345648712647,21.80520189051108,13.60125595406731,8.203945936443768,-0.1013146199434841,0.014362657091562,0.16660711188332347
ZA-NC,Northern Cape,province,ZAF,South Africa,Africa,1999,2900467464.074832,0.0191428571428571,14.973152878809742,434291427.59606063,818571.4285714285,Kimberley,55.4408521794673,-49918666.67180443,-0.1149427861105155,-0.2775394369242666,3543.328490143774,21.78813775545696,13.61531593963561,8.172821815821354,-0.016919367316566,0.0141592920353981,0.14973152878809742
ZA-NC,Northern Cape,province,ZAF,South Africa,Africa,2000,2883302387.090871,0.019,14.51489622501973,418508349.33975655,830000.0,Kimberley,56.2589954883628,-17165076.983961105,-0.041014897339661016,-0.3023815958615146,3473.858297699845,21.78220213636364,13.62918097977278,8.153021156590858,-0.0059180381081903,0.0139616055846423,0.1451489622501973
ZA-NC,Northern Cape,province,ZAF,South Africa,Africa,2001,2600254193.712499,0.0192,14.490936658597706,376801188.17340875,838000.0,Kimberley,57.0014339378269,-283048193.3783717,-0.7511871041343673,-0.3543173478115306,3102.928632115154,21.678875044007484,13.63877337946422,8.040101664543263,-0.0981680571020354,0.0096385542168675,0.14490936658597706
ZA-NC,Northern Cape,province,ZAF,South Africa,Africa,2002,2504298598.281511,0.0194,14.151929671712477,354406576.3984808,846000.0,Kimberley,57.6723587528482,-95955595.43098831,-0.27075004196056346,0.4516683392624916,2960.163827755923,21.641274531589705,13.64827463858836,7.992999893001344,-0.0369023904136034,0.0095465393794749,0.14151929671712477
ZA-NC,Northern Cape,province,ZAF,South Africa,Africa,2003,3861571720.050461,0.0196,14.78715172308246,571016469.1395067,854000.0,Kimberley,58.3724341232066,1357273121.76895,2.3769421638824055,1.2196286382744583,4521.746744789767,22.07434011890754,13.657686472770706,8.416653646136833,0.5419773515427961,0.0094562647754137,0.1478715172308246
ZA-NC,Northern Cape,province,ZAF,South Africa,Africa,2004,5064976790.172545,0.0198,15.302012784235606,775043395.9507692,862000.0,Kimberley,59.0977390950102,1203405070.1220846,1.5526937929015332,1.566450176217456,5875.843144051677,22.345615392242195,13.66701054964583,8.678604842596364,0.3116360791316235,0.009367681498829,0.15302012784235605
ZA-NC,Northern Cape,province,ZAF,South Africa,Africa,2005,5777344343.93068,0.02,16.01939715427418,925495735.4242517,870000.0,Kimberley,59.8241758378997,712367553.7581348,0.7697145718684292,0.8680047926016913,6640.625682678943,22.47720995798106,13.676248490630767,8.800961467350294,0.1406457686322126,0.0092807424593968,0.16019397154274181
ZA-NC,Northern Cape,province,ZAF,South Africa,Africa,2006,6077173507.272861,0.02,17.51984715673188,1064711509.9236073,916000.0,Kimberley,60.5276465215157,299829163.34218025,0.2816060130351112,0.5028109264825728,6634.468894402687,22.527805541160344,13.727771643656268,8.800033897504077,0.0518974022480003,0.0528735632183907,0.17519847156731883
ZA-NC,Northern Cape,province,ZAF,South Africa,Africa,2007,6661542345.073681,0.02,19.190639553529387,1278392580.1488187,962000.0,Kimberley,61.1840533154988,584368837.8008204,0.4571121945441779,0.16430219007242966,6924.680192384284,22.61961687803182,13.776769729647844,8.842847148383978,0.0961579979741367,0.0502183406113536,0.19190639553529387
ZA-NC,Northern Cape,province,ZAF,South Africa,Africa,2008,6322625172.32618,0.02,21.806888305520562,1378767809.3058972,1008000.0,Kimberley,61.7692983894896,-338917172.7475004,-0.24581163736200004,0.14046315913362975,6272.445607466449,22.56740033422878,13.82347872761345,8.743921606615325,-0.0508766821842895,0.0478170478170478,0.21806888305520564
ZA-NC,Northern Cape,province,ZAF,South Africa,Africa,2009,6595081212.942581,0.02,19.664057896650668,1296860588.0441604,1054000.0,Kimberley,62.2592839131287,272456040.6164007,0.21008892021871137,0.3830127193250387,6257.192801653303,22.6095899373602,13.868103008083445,8.741486929276755,0.0430922335565497,0.0456349206349206,0.1966405789665067
ZA-NC,Northern Cape,province,ZAF,South Africa,Africa,2010,8347276456.034261,0.02,17.717685802801856,1478944215.5714042,1100000.0,Kimberley,62.6299120560569,1752195243.0916796,1.1847608751184049,0.5958014076506529,7588.433141849328,22.845201149673187,13.9108207377686,8.934380411904588,0.2656821328679117,0.0436432637571158,0.17717685802801855
ZA-NC,Northern Cape,province,ZAF,South Africa,Africa,2011,8980710098.684345,0.0196,17.967620584756045,1613619916.3484733,1118000.0,Kimberley,62.850627754452,633433642.6500845,0.3925544276148422,0.3843636495462979,8032.835508662205,22.918344791711533,13.927051932697182,8.99129285901435,0.0758850681400606,0.0163636363636363,0.17967620584756044
ZA-NC,Northern Cape,province,ZAF,South Africa,Africa,2012,8340490465.64757,0.0192,18.09430059289236,1509153415.775799,1136000.0,Kimberley,62.9616560303263,-640219633.0367756,-0.42422435409435344,-0.20023090537707025,7341.981043703847,22.84438786041854,13.943023878263231,8.901363982155305,-0.07128830860831,0.0161001788908765,0.1809430059289236
ZA-NC,Northern Cape,province,ZAF,South Africa,Africa,2013,7536657055.596772,0.0188,18.743799876016194,1412655915.8427136,1154000.0,Kimberley,63.0524024097034,-803833410.0507975,-0.5690227896516996,-0.46559262805935075,6530.898661695644,22.743044559325895,13.95874472605018,8.784299833275712,-0.0963772350512945,0.0158450704225352,0.18743799876016193
ZA-NC,Northern Cape,province,ZAF,South Africa,Africa,2014,7014059203.880351,0.0184,18.4638204607725,1295063298.4167569,1172000.0,Kimberley,63.1352327065742,-522597851.7164211,-0.40353074043199927,-0.5515099711685906,5984.692153481528,22.671182429444336,13.974222249119094,8.696960180325242,-0.0693408029397246,0.0155979202772964,0.18463820460772498
ZA-NC,Northern Cape,province,ZAF,South Africa,Africa,2015,6240776228.254133,0.018,18.168978160623745,1133885269.9648917,1190000.0,Kimberley,63.2096349937231,-773282975.6262178,-0.6819763834220731,-0.5200141908127596,5244.349771642129,22.55437040714481,13.989463865087712,8.564906542057097,-0.1102475689395975,0.0153583617747439,0.18168978160623744
ZA-NC,Northern Cape,province,ZAF,South Africa,Africa,2016,5759822072.205762,0.0178,17.596486217782743,1013526297.1044953,1210000.0,Kimberley,63.2750973439347,-480954156.0483713,-0.4745354485842064,-0.09929914689794823,4760.1835307485635,22.47417242093504,14.006130917572923,8.46804150336212,-0.0770663998287467,0.0168067226890755,0.17596486217782745
ZA-NC,Northern Cape,province,ZAF,South Africa,Africa,2017,6713499137.9008255,0.0176,16.54452251915172,1110716376.6930587,1230000.0,Kimberley,63.3311078299936,953677065.6950636,0.8586143913124348,0.22750169012999763,5458.129380407176,22.627386133064253,14.0225247273486,8.604861405715653,0.1655740496389754,0.0165289256198346,0.1654452251915172
ZA-NC,Northern Cape,province,ZAF,South Africa,Africa,2018,7051536595.729795,0.0174,16.06364949055373,1132734122.4361591,1250000.0,Kimberley,63.3771545246841,338037457.82896996,0.29842612766176446,0.2724322588754504,5641.2292765838365,22.67651138686255,14.038654109278484,8.637857277584068,0.0503519030665531,0.0162601626016261,0.1606364949055373
ZA-NC,Northern Cape,province,ZAF,South Africa,Africa,2019,6696476554.257426,0.0172,15.606444797177208,1045081916.7960997,1270000.0,Kimberley,63.4127255007908,-355060041.4723692,-0.339743742347848,-0.4100637148127679,5272.816184454667,22.624847337591778,14.054527458434777,8.570319879157003,-0.0503521518540204,0.016,0.15606444797177207
ZA-NC,Northern Cape,province,ZAF,South Africa,Africa,2020,5745569141.936935,0.017,13.920970714121884,799838997.6086649,1290000.0,Kimberley,63.4373088310982,-950907412.3204908,-1.18887352975222,-0.05797253842980229,4453.929567392973,22.47169481069223,14.070152776337856,8.401542034354376,-0.1420011560730294,0.0157480314960629,0.13920970714121883
ZA-NC,Northern Cape,province,ZAF,South Africa,Africa,2021,6999771406.256133,0.0166666666666666,13.226371056731844,925815739.3144528,1310000.0,Kimberley,63.4503925883909,1254202264.3191977,1.354699656810661,-0.0645295006162655,5343.33695134056,22.669143329219377,14.085537695177337,8.583605634042039,0.2182903439738928,0.0155038759689922,0.13226371056731845
ZA-NC,Northern Cape,province,ZAF,South Africa,Africa,2022,6657402036.775455,0.0163333333333333,14.308508593617784,952574942.5437015,1330000.0,Kimberley,63.4766699210327,-342369369.4806776,-0.3594146289072375,0.13081667710200787,5005.565441184553,22.618995160827684,14.100689500197936,8.518305660629746,-0.0489115071921749,0.0152671755725191,0.14308508593617783
ZA-NC,Northern Cape,province,ZAF,South Africa,Africa,2023,6103051591.859712,0.016,15.067420286685694,919572433.6587644,1350000.0,Kimberley,63.5823705163545,-554350444.9157438,-0.6028349965973998,-0.4811248127523187,4520.77895693312,22.532054743997488,14.115615150414612,8.416439593582876,-0.0832682842125974,0.0150375939849625,0.15067420286685695
ZA-NW,North West,province,ZAF,South Africa,Africa,1993,8831684853.945,0.06,16.01324924177282,1414239707.9101126,2900000.0,Mahikeng,52.893505042748,,,,3045.408570325862,22.901611643546627,14.880221294956703,8.021390348589925,,,0.1601324924177282
ZA-NW,North West,province,ZAF,South Africa,Africa,1994,9254623517.876398,0.0602857142857142,16.274701226251988,1506162327.1488352,2928571.4285714286,Mahikeng,53.0838026074521,422938663.9313984,0.2808054990540237,0.4639572462324847,3160.1153475675505,22.94838910336288,14.890025295053324,8.058363808309556,0.0478887857669056,0.0098522167487684,0.1627470122625199
ZA-NW,North West,province,ZAF,South Africa,Africa,1995,10402290853.209764,0.0605714285714285,17.04941934370897,1773530188.9160144,2957142.8571428573,Mahikeng,53.2962166180026,1147667335.3333664,0.6471089934109456,0.21774104714301498,3517.6828972206927,23.065291893184,14.899734109180285,8.165557784003715,0.1240101591508837,0.0097560975609756,0.17049419343708969
ZA-NW,North West,province,ZAF,South Africa,Africa,1996,9934011173.159975,0.0608571428571428,17.160727039822252,1704748541.5314276,2985714.285714286,Mahikeng,53.5749191516739,-468279680.0497894,-0.27469135103592435,0.19732683640199797,3327.180775699513,23.019230178370215,14.909349567879726,8.109880610490489,-0.0450169762274329,0.0096618357487923,0.17160727039822252
ZA-NW,North West,province,ZAF,South Africa,Africa,1997,10331801219.46692,0.0611428571428571,17.535533250071705,1811736438.1709356,3014285.714285714,Mahikeng,54.0040163031993,397790046.3069458,0.21956286683097262,-0.20319470442453014,3427.611778970069,23.058492472686655,14.91887344939098,8.139619023295673,0.040043245308774,0.0095693779904304,0.17535533250071705
ZA-NW,North West,province,ZAF,South Africa,Africa,1998,9397526194.230028,0.0614285714285714,17.93058246793085,1685031184.201819,3042857.1428571427,Mahikeng,54.6562438276427,-934275025.2368927,-0.5544556290686387,-0.12197620591220955,3088.3888901225446,22.96371232076026,14.92830748162434,8.035404839135918,-0.090427119665887,0.009478672985782,0.1793058246793085
ZA-NW,North West,province,ZAF,South Africa,Africa,1999,9350760779.703938,0.0617142857142857,16.11439928725561,1506818928.4375882,3071428.5714285714,Mahikeng,55.4408521794673,-46765414.52609062,-0.031035855498962577,-0.18203002540898375,3044.433742229189,22.958723543750164,14.937653344042578,8.021070199707586,-0.0049763537296447,0.0093896713615022,0.1611439928725561
ZA-NW,North West,province,ZAF,South Africa,Africa,2000,9408670947.349155,0.062,15.621214534853552,1469748673.5638494,3100000.0,Mahikeng,56.2589954883628,57910167.645217896,0.03940140834064997,-0.2861286141330608,3035.05514430618,22.96489754224229,14.946912669455374,8.017984872786915,0.0061930969051111,0.0093023255813953,0.15621214534853553
ZA-NW,North West,province,ZAF,South Africa,Africa,2001,8288310242.4585905,0.0612,15.595428781966435,1292597521.091059,3120000.0,Mahikeng,57.0014339378269,-1120360704.890565,-0.8667513952408697,-0.41372495514938973,2656.509693095702,22.838111954492028,14.953343559785663,7.884768394706363,-0.1190774670684197,0.0064516129032257,0.15595428781966436
ZA-NW,North West,province,ZAF,South Africa,Africa,2002,7796888419.39192,0.0604,15.230582847910075,1187511550.2745926,3140000.0,Mahikeng,57.6723587528482,-491421823.0666704,-0.4138248785479494,0.2769176670576335,2483.085483882777,22.77699057046119,14.959733357884437,7.817257212576755,-0.0592909542103359,0.0064102564102563,0.15230582847910074
ZA-NW,North West,province,ZAF,South Africa,Africa,2003,11742330332.39834,0.0596,15.91422121417106,1868700424.7965798,3160000.0,Mahikeng,58.3724341232066,3945441913.00642,2.1113292749617196,1.0097881101769672,3715.927320379222,23.18646612674237,14.966082585563097,8.220383541179277,0.5060277511723228,0.0063694267515923,0.15914221214171062
ZA-NW,North West,province,ZAF,South Africa,Africa,2004,15041446225.360891,0.0588,16.468324734253564,2477074209.120557,3180000.0,Mahikeng,59.0977390950102,3299115892.962551,1.3318599341171318,1.3453927430572135,4730.014536277011,23.434075309446285,14.97239175475636,8.461683554689927,0.280959213339446,0.0063291139240506,0.16468324734253564
ZA-NW,North West,province,ZAF,South Africa,Africa,2005,16754298597.398972,0.058,17.240387791032884,2888506049.859166,3200000.0,Mahikeng,59.8241758378997,1712852372.0380802,0.5929890200927892,0.7171659687402386,5235.718311687179,23.541920694973488,14.978661367769956,8.563259327203534,0.1138755107969669,0.0062893081761006,0.17240387791032885
ZA-NW,North West,province,ZAF,South Africa,Africa,2006,17502259700.94584,0.0576,18.85520136075108,3300086309.294928,3262000.0,Mahikeng,60.5276465215157,747961103.5468674,0.22664895201079488,0.4044960067535421,5365.499601761447,23.585595835308197,14.997851062163097,8.587744773145102,0.0446429374049106,0.0193749999999999,0.1885520136075108
ZA-NW,North West,province,ZAF,South Africa,Africa,2007,19052011106.910725,0.0572,20.65334073901181,3934876771.5446477,3324000.0,Mahikeng,61.1840533154988,1549751405.9648857,0.39385004815704205,0.12016034228984869,5731.65195755437,23.670438502863583,15.016679434957476,8.653759067906106,0.0885457896548715,0.0190067443286328,0.2065334073901181
ZA-NW,North West,province,ZAF,South Africa,Africa,2008,17956255489.406353,0.0568,23.46899869466085,4214153366.4187446,3386000.0,Mahikeng,61.7692983894896,-1095755617.5043716,-0.26001797329829085,0.09897138032293708,5303.087858655154,23.61120438640189,15.035159841675217,8.576044544726674,-0.0575139081830006,0.0186522262334536,0.2346899869466085
ZA-NW,North West,province,ZAF,South Africa,Africa,2009,18598129020.498077,0.0564,21.162842797310017,3935892807.8489013,3448000.0,Mahikeng,62.2592839131287,641873531.0917244,0.16308206611006004,0.3247739838612988,5393.888927058607,23.646326822310225,15.05330491076572,8.5930219115445,0.0357465136019261,0.0183106910809214,0.21162842797310016
ZA-NW,North West,province,ZAF,South Africa,Africa,2010,23372374076.895927,0.056,19.068119171917854,4456672142.288951,3510000.0,Mahikeng,62.6299120560569,4774245056.39785,1.071257858772127,0.5537791543927967,6658.796033303683,23.874820566854343,15.071126595442047,8.803693971412295,0.2567056638404796,0.0179814385150811,0.19068119171917852
ZA-NW,North West,province,ZAF,South Africa,Africa,2011,25475891912.59437,0.0556,19.337103861033185,4926299678.662928,3558000.0,Mahikeng,62.850627754452,2103517835.6984444,0.4269975382962027,0.39255649700670214,7160.171982179419,23.960998426731596,15.084709147207915,8.87628927952368,0.0900001783634729,0.0136752136752136,0.19337103861033186
ZA-NW,North West,province,ZAF,South Africa,Africa,2012,23978910088.736767,0.0552,19.473439357594522,4669518514.7422695,3606000.0,Mahikeng,62.9616560303263,-1496981823.857605,-0.3205859060482234,-0.11574340995074063,6649.725482178804,23.900440534667855,15.0981096827454,8.802330851922454,-0.0587607228431342,0.0134907251264755,0.1947343935759452
ZA-NW,North West,province,ZAF,South Africa,Africa,2013,21968553545.0374,0.0548,20.172443159249134,4431593976.781879,3654000.0,Mahikeng,63.0524024097034,-2010356543.6993675,-0.4536418621002012,-0.3576811304648295,6012.193088406513,23.81287788344396,15.111333015920088,8.701544867523872,-0.0838385287846614,0.0133111480865224,0.20172443159249134
ZA-NW,North West,province,ZAF,South Africa,Africa,2014,20737218515.820168,0.0544,19.87112384955089,4120718374.230624,3702000.0,Mahikeng,63.1352327065742,-1231335029.2172318,-0.29881562324606403,-0.43427807665414625,5601.625747115118,23.755195918691292,15.12438377211558,8.630812146575714,-0.0560498908903078,0.0131362889983579,0.1987112384955089
ZA-NW,North West,province,ZAF,South Africa,Africa,2015,18722328684.7624,0.054,19.55380881311031,3660928356.3805504,3750000.0,Mahikeng,63.2096349937231,-2014889831.057766,-0.5503767446161735,-0.40189056690241015,4992.620982603307,23.65298269581292,15.137266397946592,8.515716297866325,-0.0971629743651797,0.0129659643435979,0.19553808813110313
ZA-NW,North West,province,ZAF,South Africa,Africa,2016,17538334624.35687,0.0542,18.93768181365033,3321354006.57397,3820000.0,Mahikeng,63.2750973439347,-1183994060.4055328,-0.3564793328449929,-0.012464906975564535,4591.187074438971,23.5876548720826,15.155760980582755,8.431893891499845,-0.0632396792269304,0.0186666666666666,0.18937681813650328
ZA-NW,North West,province,ZAF,South Africa,Africa,2017,20750815517.148006,0.0544,17.805537955062675,3694794332.8908234,3890000.0,Mahikeng,63.3311078299936,3212480892.7911377,0.8694613565344728,0.29093219570271994,5334.399875873523,23.755851384882043,15.173919715594629,8.581931669287414,0.1831690956751226,0.0183246073298428,0.17805537955062675
ZA-NW,North West,province,ZAF,South Africa,Africa,2018,22127235524.53143,0.0546,17.28801301879715,3825359358.1809015,3960000.0,Mahikeng,63.3771545246841,1376420007.3834229,0.35981456341867996,0.336091625468862,5587.685738518037,23.820075063392927,15.191754583230663,8.628320480162266,0.0663308873931234,0.0179948586118252,0.17288013018797152
ZA-NW,North West,province,ZAF,South Africa,Africa,2019,21335285765.889942,0.0548,16.795960406718155,3583466149.8990493,4030000.0,Mahikeng,63.4127255007908,-791949758.6414871,-0.2210010435465666,-0.2824817028760193,5294.115574662516,23.78362814772634,15.209276933922864,8.574351213803473,-0.0357907230554621,0.0176767676767677,0.16795960406718155
ZA-NW,North West,province,ZAF,South Africa,Africa,2020,18588606047.443024,0.055,14.982020311234832,2784948733.6033397,4100000.0,Mahikeng,63.4373088310982,-2746679718.4469185,-0.9862586285001712,0.05485516543560487,4533.806353034884,23.645814651868484,15.226497531674536,8.41931712019395,-0.1287388295889716,0.0173697270471464,0.1498202031123483
ZA-NW,North West,province,ZAF,South Africa,Africa,2021,23099245640.64524,0.055,14.234478606787627,3288057179.0469704,4156666.666666667,Mahikeng,63.4503925883909,4510639593.202217,1.3718251683535525,0.06272105472379114,5557.156128463169,23.863065797691807,15.24022402898811,8.6228417687037,0.2426561508533709,0.0138211382113822,0.14234478606787626
ZA-NW,North West,province,ZAF,South Africa,Africa,2022,22417782368.733677,0.055,15.399096138863042,3452135859.162388,4213333.333333333,Mahikeng,63.4766699210327,-681463271.9115639,-0.1974033756820079,0.250521705619822,5320.676195110841,23.833120336617636,15.253764658014877,8.579355678602761,-0.029501537951199,0.0136327185244584,0.15399096138863042
ZA-NW,North West,province,ZAF,South Africa,Africa,2023,20979239847.01776,0.055,16.215851710975763,3401962423.6823387,4270000.0,Mahikeng,63.5823705163545,-1438542521.7159157,-0.42285667581207853,-0.3101300257470431,4913.170924360132,23.76679920699018,15.267124385204808,8.49967482178537,-0.0641697068003598,0.0134493670886077,0.16215851710975762
ZA-WC,Western Cape,province,ZAF,South Africa,Africa,1993,20607264659.205,0.14,13.714841418591073,2826253668.719328,3460000.0,Cape Town,52.893505042748,,,,5955.856837920521,23.74890950393383,15.056779147033907,8.692130356899925,,,0.13714841418591073
ZA-WC,Western Cape,province,ZAF,South Africa,Africa,1994,21535640508.42328,0.1402857142857143,13.938766772625643,3001802703.4602118,3565714.285714286,Cape Town,53.0838026074521,928375849.218277,0.3092727740394556,0.5241973619554312,6039.642770791785,23.792975097681335,15.086874952410188,8.706100145271146,0.045050901445262,0.0305532617671346,0.13938766772625644
ZA-WC,Western Cape,province,ZAF,South Africa,Africa,1995,24141165564.996243,0.1405714285714285,14.602288333091629,3525162602.76978,3671428.5714285714,Cape Town,53.2962166180026,2605525056.5729637,0.7391219498714069,0.23619410786678305,6575.414745329716,23.907184335004295,15.116091400810134,8.79109293419416,0.1209866525935858,0.0296474358974359,0.1460228833309163
ZA-WC,Western Cape,province,ZAF,South Africa,Africa,1996,22992805203.605015,0.1408571428571428,14.69761985374767,3379395102.538578,3777142.857142857,Cape Town,53.5749191516739,-1148360361.3912277,-0.3398124003105134,0.21287729110068285,6087.353873874248,23.85844718670348,15.144478423892446,8.713968762811033,-0.0475685549771592,0.028793774319066,0.1469761985374767
ZA-WC,Western Cape,province,ZAF,South Africa,Africa,1997,23850045805.68532,0.1411428571428571,15.018629516350366,3581950019.035738,3882857.1428571423,Cape Town,54.0040163031993,857240602.080307,0.23932232374115495,-0.2555958847882576,6142.395902862298,23.895051974852723,15.17208181763196,8.722970157220766,0.0372829932880873,0.0279878971255673,0.15018629516350365
ZA-WC,Western Cape,province,ZAF,South Africa,Africa,1998,21636164958.808662,0.1414285714285714,15.35697667461122,3322660806.0046525,3988571.4285714286,Cape Town,54.6562438276427,-2213880846.8766594,-0.6662975777954144,-0.16077729266003524,5424.5399252027455,23.797632055201284,15.198943686803132,8.598688368398152,-0.092825014463868,0.0272259013980868,0.1535697667461122
ZA-WC,Western Cape,province,ZAF,South Africa,Africa,1999,21472117345.986816,0.1417142857142857,13.801473232805323,2963468528.022919,4094285.714285714,Cape Town,55.4408521794673,-164047612.821846,-0.05535662392584629,-0.2316748779333737,5244.411075432929,23.790021062790924,15.225102831308986,8.564918231481938,-0.0075821021486093,0.0265042979942693,0.13801473232805322
ZA-WC,Western Cape,province,ZAF,South Africa,Africa,2000,21548891524.573875,0.142,13.379076093590342,2883042594.3979783,4200000.0,Cape Town,56.2589954883628,76774178.58705902,0.02662956792113944,-0.29859161531955253,5130.688458231875,23.79359021479846,15.250595083253597,8.542995131544862,0.0035755290151395,0.0258199581297977,0.13379076093590342
ZA-WC,Western Cape,province,ZAF,South Africa,Africa,2001,19312304584.552204,0.1425999999999999,13.356991411939147,2579542864.806168,4316000.0,Cape Town,57.0014339378269,-2236586940.0216713,-0.8670477899539509,-0.39445656075464236,4474.584009395784,23.684008272953943,15.277839605360162,8.40616866759378,-0.1037912756426991,0.0276190476190476,0.13356991411939145
ZA-WC,Western Cape,province,ZAF,South Africa,Africa,2002,18485338106.9027,0.1432,13.044512410816278,2411322223.536273,4432000.0,Cape Town,57.6723587528482,-826966477.6495056,-0.3429514602311157,0.4465798900490434,4170.879536756024,23.640243720046968,15.304361507409256,8.33588221263771,-0.0428207039728956,0.0268767377201111,0.13044512410816278
ZA-WC,Western Cape,province,ZAF,South Africa,Africa,2003,28331327211.390625,0.1437999999999999,13.630027045564828,3861567561.2800097,4548000.0,Cape Town,58.3724341232066,9845989104.487926,2.5497389203321967,1.2862766308942957,6229.403520534438,24.067233997958013,15.330198133852564,8.73703586410545,0.5326377612109399,0.0261732851985558,0.1363002704556483
ZA-WC,Western Cape,province,ZAF,South Africa,Africa,2004,36938517601.05634,0.1444,14.104599182217171,5210029851.481739,4664000.0,Cape Town,59.0977390950102,8607190389.665718,1.6520424325818062,1.6672281554176653,7919.922298682749,24.33252068100043,15.355384007012466,8.977136673987966,0.3038047009038529,0.0255057167985928,0.1410459918221717
ZA-WC,Western Cape,province,ZAF,South Africa,Africa,2005,41885746493.49743,0.145,14.765846767201914,6184785144.528479,4780000.0,Cape Town,59.8241758378997,4947228892.441086,0.7999031133389933,0.9272392118840656,8762.708471442977,24.458211426847644,15.379951104467638,9.078260322380006,0.1339314410467735,0.0248713550600343,0.14765846767201915
ZA-WC,Western Cape,province,ZAF,South Africa,Africa,2006,44241823132.94642,0.1455999999999999,16.148883507272174,7144560479.23291,4900000.0,Cape Town,60.5276465215157,2356076639.44899,0.32977208973139727,0.5489198608916278,9028.943496519678,24.51293640336894,15.404745763080856,9.108190640288084,0.0562500811538539,0.0251046025104602,0.16148883507272174
ZA-WC,Western Cape,province,ZAF,South Africa,Africa,2007,48695874542.4886,0.1462,17.688933003100768,8613780623.094812,5020000.0,Cape Town,61.1840533154988,4454051409.542183,0.5170843796044928,0.20053346571684713,9700.373414838366,24.608860151793507,15.428940491667912,9.179919660125597,0.100675132581173,0.0244897959183674,0.17688933003100768
ZA-WC,Western Cape,province,ZAF,South Africa,Africa,2008,46408068764.87416,0.1467999999999999,20.10045497266987,9328232965.769201,5140000.0,Cape Town,61.7692983894896,-2287805777.614441,-0.24525607218534873,0.17376095495015406,9028.807152699252,24.5607391768552,15.452563637431348,9.108175539423854,-0.0469815112493412,0.0239043824701195,0.20100454972669868
ZA-WC,Western Cape,province,ZAF,South Africa,Africa,2009,48605748539.38682,0.1474,18.125305398640403,8809940364.059057,5260000.0,Cape Town,62.2592839131287,2197679774.512657,0.24945455743131806,0.43638433912307434,9240.636604446165,24.607007643561445,15.475641584713893,9.131366058847552,0.0473555533122305,0.0233463035019454,0.18125305398640404
ZA-WC,Western Cape,province,ZAF,South Africa,Africa,2010,61769845774.65353,0.148,16.331240877176104,10087782302.918852,5380000.0,Cape Town,62.6299120560569,13164097235.266708,1.3049545321232536,0.6900484262937193,11481.383972983927,24.84668114988331,15.498198932137967,9.348482217745344,0.2708341632595044,0.0228136882129277,0.16331240877176104
ZA-WC,Western Cape,province,ZAF,South Africa,Africa,2011,67538605538.06493,0.1474,16.561617754444853,11185485685.896639,5544000.0,Cape Town,62.850627754452,5768759763.411407,0.515736189326586,0.48878626829348787,12182.28815621662,24.935965205230296,15.528226819851875,9.40773838537842,0.0933911958345627,0.0304832713754645,0.16561617754444855
ZA-WC,Western Cape,province,ZAF,South Africa,Africa,2012,63770000018.597046,0.1467999999999999,16.678384794464808,10635805986.531895,5708000.0,Cape Town,62.9616560303263,-3768605519.467888,-0.3543319165693759,-0.11607357326818653,11172.039246425553,24.87854869756522,15.557379257578864,9.321169439986354,-0.0557992793816848,0.0295815295815295,0.16678384794464807
ZA-WC,Western Cape,province,ZAF,South Africa,Africa,2013,58609535187.67277,0.1462,17.277059438563708,10126004231.040136,5872000.0,Cape Town,63.0524024097034,-5160464830.924278,-0.5096249925617697,-0.39762599094439577,9981.187872560076,24.79416323680567,15.585705849276488,9.20845738752918,-0.0809230802794315,0.0287316047652417,0.17277059438563708
ZA-WC,Western Cape,province,ZAF,South Africa,Africa,2014,55502555439.40103,0.1455999999999999,17.018988981626688,9445973794.752905,6036000.0,Cape Town,63.1352327065742,-3106979748.271736,-0.3289210637020416,-0.4865644739368902,9195.254380285129,24.73969490059198,15.613252098869877,9.126442801722105,-0.0530115063755909,0.0279291553133516,0.17018988981626687
ZA-WC,Western Cape,province,ZAF,South Africa,Africa,2015,50272919616.49163,0.145,16.74721869073754,8419315790.392545,6200000.0,Cape Town,63.2096349937231,-5229635822.909401,-0.6211473655468591,-0.4544807881351682,8108.535422014779,24.640732391669214,15.64005985001532,9.000672541653898,-0.0942233340700724,0.027170311464546,0.1674721869073754
ZA-WC,Western Cape,province,ZAF,South Africa,Africa,2016,47114050208.60443,0.1455999999999999,16.219525406025355,7641675343.392138,6360000.0,Cape Town,63.2750973439347,-3158869407.8871994,-0.41337393515660376,-0.00565761175670243,7407.869529654785,24.57583709939959,15.665538935316304,8.910298164083283,-0.0628344132782564,0.0258064516129032,0.16219525406025354
ZA-WC,Western Cape,province,ZAF,South Africa,Africa,2017,55767816702.335266,0.1462,15.249880004949809,8504525128.4864855,6520000.0,Cape Town,63.3311078299936,8653766493.730835,1.0175484654333555,0.34232843662913726,8553.346119990072,24.744462778335823,15.690384933902836,9.054077844432989,0.1836769807608347,0.0251572327044025,0.1524988000494981
ZA-WC,Western Cape,province,ZAF,South Africa,Africa,2018,59492274267.42149,0.1467999999999999,14.806636268223812,8808804658.471214,6680000.0,Cape Town,63.3771545246841,3724457565.0862274,0.42281077961066,0.3951224808222112,8906.029081949326,24.809112296822484,15.714628545512827,9.094483751309657,0.0667850704101575,0.0245398773006135,0.14806636268223813
ZA-WC,Western Cape,province,ZAF,South Africa,Africa,2019,57387246749.85725,0.1474,14.385208771381837,8255275253.115003,6840000.0,Cape Town,63.4127255007908,-2105027517.5642471,-0.2549918025773819,-0.3266574857730476,8389.948355242288,24.77308793352761,15.738298289598731,9.034789643928873,-0.0353832080465106,0.0239520958083832,0.14385208771381838
ZA-WC,Western Cape,province,ZAF,South Africa,Africa,2020,50020249000.392136,0.148,12.831626461085923,6418411506.635385,7000000.0,Cape Town,63.4373088310982,-7366997749.465111,-1.147791434352421,0.0761799449678832,7145.749857198876,24.63569374040013,15.761420707019589,8.874273033380543,-0.1283734308003448,0.023391812865497,0.12831626461085924
ZA-WC,Western Cape,province,ZAF,South Africa,Africa,2021,62437960943.80471,0.1486666666666666,12.191380638674579,7612049481.686202,7143333.333333333,Cape Town,63.4503925883909,12417711943.412575,1.6313230718334524,0.09597474953050193,8740.731816678215,24.85743927581129,15.78169007878165,9.075749197029642,0.2482537010824401,0.0204761904761905,0.12191380638674579
ZA-WC,Western Cape,province,ZAF,South Africa,Africa,2022,60867675764.80415,0.1493333333333333,13.188838713832654,8027739585.478626,7286666.666666667,Cape Town,63.4766699210327,-1570285179.000557,-0.19560738888952564,0.32539663617471976,8353.294935700478,24.83196809513204,15.801556752044556,9.030411343087485,-0.0251495269106215,0.0200653289780681,0.13188838713832654
ZA-WC,Western Cape,province,ZAF,South Africa,Africa,2023,57216108673.6848,0.15,13.888364024414559,7946381453.205977,7430000.0,Cape Town,63.5823705163545,-3651567091.1193542,-0.4595257744197675,-0.3275665816546465,7700.687573847214,24.77010131585396,15.821036416693945,8.94906489916002,-0.0599918929914327,0.0196706312900274,0.1388836402441456
