province,province_en,year,data_type,gdp_billion_yuan,urbanization_rate_pct,tertiary_share_pct,fai_billion_yuan,fai_gdp_ratio,source
北京,Beijing,2005,actual,6969.5,83.6,69.8,2827.1,0.40563885501111985,中国统计年鉴2006年
北京,Beijing,2006,interpolated,8398.32,84.08,70.94,3414.84,0.40621667294439073,线性插值（基于相邻实际年份数据）
北京,Beijing,2007,interpolated,9827.14,84.56,72.08,4002.58,0.4067944908776616,线性插值（基于相邻实际年份数据）
北京,Beijing,2008,interpolated,11255.960000000001,85.03999999999999,73.22,4590.32,0.40737230881093245,线性插值（基于相邻实际年份数据）
北京,Beijing,2009,interpolated,12684.78,85.52,74.36,5178.0599999999995,0.40795012674420333,线性插值（基于相邻实际年份数据）
北京,Beijing,2010,actual,14113.6,86.0,75.5,5765.8,0.4085279446774742,中国统计年鉴2011年
北京,Beijing,2011,interpolated,15893.8,86.1,76.36,6210.72,0.39626001705262565,线性插值（基于相邻实际年份数据）
北京,Beijing,2012,interpolated,17674.0,86.2,77.22,6655.64,0.3839920894277771,线性插值（基于相邻实际年份数据）
北京,Beijing,2013,interpolated,19454.2,86.3,78.08,7100.5599999999995,0.37172416180292855,线性插值（基于相邻实际年份数据）
北京,Beijing,2014,interpolated,21234.399999999998,86.4,78.94,7545.48,0.35945623417808,线性插值（基于相邻实际年份数据）
北京,Beijing,2015,actual,23014.6,86.5,79.8,7990.4,0.3471883065532314,中国统计年鉴2016年
北京,Beijing,2016,interpolated,26103.775,86.525,80.725,7947.125,0.315642945288687,线性插值（基于相邻实际年份数据）
北京,Beijing,2017,interpolated,29192.95,86.55,81.65,7903.85,0.28409758402414265,线性插值（基于相邻实际年份数据）
北京,Beijing,2018,interpolated,32282.125,86.57499999999999,82.575,7860.575,0.25255222275959827,线性插值（基于相邻实际年份数据）
北京,Beijing,2019,actual,35371.3,86.6,83.5,7817.3,0.22100686149505389,中国统计年鉴2020年
北京,Beijing,2020,interpolated,37468.65,86.85,83.825,,,线性插值（基于相邻实际年份数据）
北京,Beijing,2021,interpolated,39566.0,87.1,84.15,,,线性插值（基于相邻实际年份数据）
北京,Beijing,2022,interpolated,41663.35,87.35,84.475,,,线性插值（基于相邻实际年份数据）
北京,Beijing,2023,actual,43760.7,87.6,84.8,,,中国统计年鉴2024年及各省统计公报
天津,Tianjin,2005,actual,3905.6,75.1,43.8,1739.4,0.44536050798852933,中国统计年鉴2006年
天津,Tianjin,2006,interpolated,4969.38,76.0,44.14,2765.42,0.5052287283594938,线性插值（基于相邻实际年份数据）
天津,Tianjin,2007,interpolated,6033.16,76.89999999999999,44.48,3791.44,0.5650969487304583,线性插值（基于相邻实际年份数据）
天津,Tianjin,2008,interpolated,7096.94,77.8,44.82,4817.46,0.624965169101423,线性插值（基于相邻实际年份数据）
天津,Tianjin,2009,interpolated,8160.719999999999,78.69999999999999,45.16,5843.48,0.6848333894723875,线性插值（基于相邻实际年份数据）
天津,Tianjin,2010,actual,9224.5,79.6,45.5,6869.5,0.744701609843352,中国统计年鉴2011年
天津,Tianjin,2011,interpolated,10687.24,80.19999999999999,46.84,8065.76,0.7511687687371696,线性插值（基于相邻实际年份数据）
天津,Tianjin,2012,interpolated,12149.98,80.8,48.18,9262.02,0.7576359276309873,线性插值（基于相邻实际年份数据）
天津,Tianjin,2013,interpolated,13612.720000000001,81.39999999999999,49.52,10458.279999999999,0.7641030865248049,线性插值（基于相邻实际年份数据）
天津,Tianjin,2014,interpolated,15075.460000000001,82.0,50.86,11654.539999999999,0.7705702454186225,线性插值（基于相邻实际年份数据）
天津,Tianjin,2015,actual,16538.2,82.6,52.2,12850.8,0.7770374043124402,中国统计年鉴2016年
天津,Tianjin,2016,interpolated,15929.725,82.82499999999999,55.025000000000006,10856.05,0.6691311512257229,线性插值（基于相邻实际年份数据）
天津,Tianjin,2017,interpolated,15321.25,83.05,57.85,8861.3,0.5612248981390056,线性插值（基于相邻实际年份数据）
天津,Tianjin,2018,interpolated,14712.775,83.275,60.675,6866.55,0.45331864505228814,线性插值（基于相邻实际年份数据）
天津,Tianjin,2019,actual,14104.3,83.5,63.5,4871.8,0.34541239196557083,中国统计年鉴2020年
天津,Tianjin,2020,interpolated,14762.55,83.9,63.675,,,线性插值（基于相邻实际年份数据）
天津,Tianjin,2021,interpolated,15420.8,84.3,63.85,,,线性插值（基于相邻实际年份数据）
天津,Tianjin,2022,interpolated,16079.05,84.69999999999999,64.025,,,线性插值（基于相邻实际年份数据）
天津,Tianjin,2023,actual,16737.3,85.1,64.2,,,中国统计年鉴2024年及各省统计公报
河北,Hebei,2005,actual,10195.6,37.7,34.3,4237.5,0.4156204637294519,中国统计年鉴2006年
河北,Hebei,2006,interpolated,12235.34,39.06,34.559999999999995,6228.4,0.4716725133370622,线性插值（基于相邻实际年份数据）
河北,Hebei,2007,interpolated,14275.08,40.42,34.82,8219.3,0.5277245629446726,线性插值（基于相邻实际年份数据）
河北,Hebei,2008,interpolated,16314.82,41.78,35.08,10210.2,0.583776612552283,线性插值（基于相邻实际年份数据）
河北,Hebei,2009,interpolated,18354.559999999998,43.14,35.34,12201.1,0.6398286621598933,线性插值（基于相邻实际年份数据）
河北,Hebei,2010,actual,20394.3,44.5,35.6,14192.0,0.6958807117675037,中国统计年鉴2011年
河北,Hebei,2011,interpolated,22276.66,45.86,36.52,16908.86,0.7430845386149383,线性插值（基于相邻实际年份数据）
河北,Hebei,2012,interpolated,24159.02,47.22,37.440000000000005,19625.72,0.7902883654623729,线性插值（基于相邻实际年份数据）
河北,Hebei,2013,interpolated,26041.379999999997,48.58,38.36,22342.579999999998,0.8374921923098076,线性插值（基于相邻实际年份数据）
河北,Hebei,2014,interpolated,27923.739999999998,49.94,39.28,25059.44,0.8846960191572423,线性插值（基于相邻实际年份数据）
河北,Hebei,2015,actual,29806.1,51.3,40.2,27776.3,0.9318998460046769,中国统计年鉴2016年
河北,Hebei,2016,interpolated,31130.699999999997,52.875,41.7,26092.3,0.848765360795721,线性插值（基于相邻实际年份数据）
河北,Hebei,2017,interpolated,32455.3,54.45,43.2,24408.3,0.7656308755867649,线性插值（基于相邻实际年份数据）
河北,Hebei,2018,interpolated,33779.9,56.025,44.7,22724.3,0.682496390377809,线性插值（基于相邻实际年份数据）
河北,Hebei,2019,actual,35104.5,57.6,46.2,21040.3,0.599361905168853,中国统计年鉴2020年
河北,Hebei,2020,interpolated,37314.4,58.975,47.025000000000006,,,线性插值（基于相邻实际年份数据）
河北,Hebei,2021,interpolated,39524.3,60.35,47.85,,,线性插值（基于相邻实际年份数据）
河北,Hebei,2022,interpolated,41734.2,61.725,48.675,,,线性插值（基于相邻实际年份数据）
河北,Hebei,2023,actual,43944.1,63.1,49.5,,,中国统计年鉴2024年及各省统计公报
山西,Shanxi,2005,actual,4179.5,42.1,37.4,1905.5,0.4559157793994497,中国统计年鉴2006年
山西,Shanxi,2006,interpolated,5183.78,43.28,37.6,2677.56,0.4900638411178382,线性插值（基于相邻实际年份数据）
山西,Shanxi,2007,interpolated,6188.0599999999995,44.46,37.8,3449.62,0.5242119028362267,线性插值（基于相邻实际年份数据）
山西,Shanxi,2008,interpolated,7192.34,45.64,38.0,4221.68,0.5583599645546152,线性插值（基于相邻实际年份数据）
山西,Shanxi,2009,interpolated,8196.619999999999,46.82,38.199999999999996,4993.74,0.5925080262730037,线性插值（基于相邻实际年份数据）
山西,Shanxi,2010,actual,9200.9,48.0,38.4,5765.8,0.6266560879913922,中国统计年鉴2011年
山西,Shanxi,2011,interpolated,9914.02,49.4,40.32,6654.780000000001,0.6612857053909597,线性插值（基于相邻实际年份数据）
山西,Shanxi,2012,interpolated,10627.14,50.8,42.24,7543.76,0.6959153227905271,线性插值（基于相邻实际年份数据）
山西,Shanxi,2013,interpolated,11340.26,52.2,44.16,8432.74,0.7305449401900947,线性插值（基于相邻实际年份数据）
山西,Shanxi,2014,interpolated,12053.380000000001,53.6,46.08,9321.720000000001,0.7651745575896622,线性插值（基于相邻实际年份数据）
山西,Shanxi,2015,actual,12766.5,55.0,48.0,10210.7,0.7998041749892297,中国统计年鉴2016年
山西,Shanxi,2016,interpolated,13831.55,56.15,49.4,9196.300000000001,0.6901980013576816,线性插值（基于相邻实际年份数据）
山西,Shanxi,2017,interpolated,14896.6,57.3,50.8,8181.900000000001,0.5805918277261336,线性插值（基于相邻实际年份数据）
山西,Shanxi,2018,interpolated,15961.650000000001,58.45,52.2,7167.5,0.47098565409458554,线性插值（基于相邻实际年份数据）
山西,Shanxi,2019,actual,17026.7,59.6,53.6,6153.1,0.3613794804630375,中国统计年鉴2020年
山西,Shanxi,2020,interpolated,19194.575,60.95,52.9,,,线性插值（基于相邻实际年份数据）
山西,Shanxi,2021,interpolated,21362.45,62.3,52.2,,,线性插值（基于相邻实际年份数据）
山西,Shanxi,2022,interpolated,23530.325,63.65,51.5,,,线性插值（基于相邻实际年份数据）
山西,Shanxi,2023,actual,25698.2,65.0,50.8,,,中国统计年鉴2024年及各省统计公报
内蒙古,Inner Mongolia,2005,actual,3905.0,47.2,33.3,2531.3,0.6482202304737517,中国统计年鉴2006年
内蒙古,Inner Mongolia,2006,interpolated,5458.4,48.86,33.419999999999995,3718.88,0.6636961295469246,线性插值（基于相邻实际年份数据）
内蒙古,Inner Mongolia,2007,interpolated,7011.8,50.52,33.54,4906.460000000001,0.6791720286200975,线性插值（基于相邻实际年份数据）
内蒙古,Inner Mongolia,2008,interpolated,8565.2,52.18,33.66,6094.040000000001,0.6946479276932703,线性插值（基于相邻实际年份数据）
内蒙古,Inner Mongolia,2009,interpolated,10118.6,53.84,33.78,7281.620000000001,0.7101238267664433,线性插值（基于相邻实际年份数据）
内蒙古,Inner Mongolia,2010,actual,11672.0,55.5,33.9,8469.2,0.7255997258396162,中国统计年鉴2011年
内蒙古,Inner Mongolia,2011,interpolated,12904.0,56.46,35.82,9127.02,0.7123584258040393,线性插值（基于相邻实际年份数据）
内蒙古,Inner Mongolia,2012,interpolated,14136.0,57.42,37.74,9784.84,0.6991171257684624,线性插值（基于相邻实际年份数据）
内蒙古,Inner Mongolia,2013,interpolated,15368.0,58.379999999999995,39.66,10442.66,0.6858758257328854,线性插值（基于相邻实际年份数据）
内蒙古,Inner Mongolia,2014,interpolated,16600.0,59.339999999999996,41.58,11100.48,0.6726345256973085,线性插值（基于相邻实际年份数据）
内蒙古,Inner Mongolia,2015,actual,17832.0,60.3,43.5,11758.3,0.6593932256617316,中国统计年鉴2016年
内蒙古,Inner Mongolia,2016,interpolated,17677.125,61.074999999999996,45.475,10108.525,0.5694788335527621,线性插值（基于相邻实际年份数据）
内蒙古,Inner Mongolia,2017,interpolated,17522.25,61.849999999999994,47.45,8458.75,0.47956444144379246,线性插值（基于相邻实际年份数据）
内蒙古,Inner Mongolia,2018,interpolated,17367.375,62.625,49.425,6808.974999999999,0.38965004933482283,线性插值（基于相邻实际年份数据）
内蒙古,Inner Mongolia,2019,actual,17212.5,63.4,51.4,5159.2,0.29973565722585327,中国统计年鉴2020年
内蒙古,Inner Mongolia,2020,interpolated,19066.125,64.85,50.35,,,线性插值（基于相邻实际年份数据）
内蒙古,Inner Mongolia,2021,interpolated,20919.75,66.3,49.3,,,线性插值（基于相邻实际年份数据）
内蒙古,Inner Mongolia,2022,interpolated,22773.375,67.75,48.25,,,线性插值（基于相邻实际年份数据）
内蒙古,Inner Mongolia,2023,actual,24627.0,69.2,47.2,,,中国统计年鉴2024年及各省统计公报
辽宁,Liaoning,2005,actual,8047.3,58.7,38.5,4059.6,0.5044673368707516,中国统计年鉴2006年
辽宁,Liaoning,2006,interpolated,10129.3,59.38,38.3,6248.539999999999,0.5661577793859134,线性插值（基于相邻实际年份数据）
辽宁,Liaoning,2007,interpolated,12211.3,60.06,38.1,8437.48,0.6278482219010751,线性插值（基于相邻实际年份数据）
辽宁,Liaoning,2008,interpolated,14293.3,60.74,37.9,10626.419999999998,0.6895386644162369,线性插值（基于相邻实际年份数据）
辽宁,Liaoning,2009,interpolated,16375.3,61.42,37.7,12815.359999999999,0.7512291069313987,线性插值（基于相邻实际年份数据）
辽宁,Liaoning,2010,actual,18457.3,62.1,37.5,15004.3,0.8129195494465604,中国统计年鉴2011年
辽宁,Liaoning,2011,interpolated,20514.52,63.160000000000004,39.22,15452.38,0.7703263156776795,线性插值（基于相邻实际年份数据）
辽宁,Liaoning,2012,interpolated,22571.739999999998,64.22,40.94,15900.46,0.7277330819087985,线性插值（基于相邻实际年份数据）
辽宁,Liaoning,2013,interpolated,24628.96,65.28,42.660000000000004,16348.54,0.6851398481399176,线性插值（基于相邻实际年份数据）
辽宁,Liaoning,2014,interpolated,26686.18,66.34,44.38,16796.62,0.6425466143710366,线性插值（基于相邻实际年份数据）
辽宁,Liaoning,2015,actual,28743.4,67.4,46.1,17244.7,0.5999533806021556,中国统计年鉴2016年
辽宁,Liaoning,2016,interpolated,27784.925000000003,67.575,47.975,14375.525000000001,0.5078545956595695,线性插值（基于相邻实际年份数据）
辽宁,Liaoning,2017,interpolated,26826.45,67.75,49.85,11506.35,0.4157558107169834,线性插值（基于相邻实际年份数据）
辽宁,Liaoning,2018,interpolated,25867.975,67.925,51.725,8637.175,0.32365702577439726,线性插值（基于相邻实际年份数据）
辽宁,Liaoning,2019,actual,24909.5,68.1,53.6,5768.0,0.23155824083181115,中国统计年鉴2020年
辽宁,Liaoning,2020,interpolated,26234.475,69.44999999999999,53.475,,,线性插值（基于相邻实际年份数据）
辽宁,Liaoning,2021,interpolated,27559.45,70.8,53.35,,,线性插值（基于相邻实际年份数据）
辽宁,Liaoning,2022,interpolated,28884.425000000003,72.15,53.225,,,线性插值（基于相邻实际年份数据）
辽宁,Liaoning,2023,actual,30209.4,73.5,53.1,,,中国统计年鉴2024年及各省统计公报
吉林,Jilin,2005,actual,3620.3,53.3,36.5,2148.8,0.5935419716598073,中国统计年鉴2006年
吉林,Jilin,2006,interpolated,4629.76,53.32,36.24,3256.1000000000004,0.652167556745447,线性插值（基于相邻实际年份数据）
吉林,Jilin,2007,interpolated,5639.22,53.339999999999996,35.980000000000004,4363.4,0.7107931418310868,线性插值（基于相邻实际年份数据）
吉林,Jilin,2008,interpolated,6648.68,53.36,35.72,5470.7,0.7694187269167264,线性插值（基于相邻实际年份数据）
吉林,Jilin,2009,interpolated,7658.14,53.379999999999995,35.46,6578.0,0.8280443120023662,线性插值（基于相邻实际年份数据）
吉林,Jilin,2010,actual,8667.6,53.4,35.2,7685.3,0.8866698970880059,中国统计年鉴2011年
吉林,Jilin,2011,interpolated,9788.9,53.78,36.24,8751.44,0.8917081863248207,线性插值（基于相邻实际年份数据）
吉林,Jilin,2012,interpolated,10910.2,54.16,37.28,9817.58,0.8967464755616356,线性插值（基于相邻实际年份数据）
吉林,Jilin,2013,interpolated,12031.5,54.54,38.32,10883.72,0.9017847647984505,线性插值（基于相邻实际年份数据）
吉林,Jilin,2014,interpolated,13152.8,54.919999999999995,39.36,11949.86,0.9068230540352653,线性插值（基于相邻实际年份数据）
吉林,Jilin,2015,actual,14274.1,55.3,40.4,13016.0,0.9118613432720801,中国统计年鉴2016年
吉林,Jilin,2016,interpolated,13637.275,55.849999999999994,42.875,10558.75,0.7518386687086223,线性插值（基于相邻实际年份数据）
吉林,Jilin,2017,interpolated,13000.45,56.4,45.349999999999994,8101.5,0.5918159941451645,线性插值（基于相邻实际年份数据）
吉林,Jilin,2018,interpolated,12363.625,56.95,47.824999999999996,5644.25,0.4317933195817067,线性插值（基于相邻实际年份数据）
吉林,Jilin,2019,actual,11726.8,57.5,50.3,3187.0,0.2717706450182488,中国统计年鉴2020年
吉林,Jilin,2020,interpolated,12177.9,59.2,50.875,,,线性插值（基于相邻实际年份数据）
吉林,Jilin,2021,interpolated,12629.0,60.9,51.45,,,线性插值（基于相邻实际年份数据）
吉林,Jilin,2022,interpolated,13080.1,62.599999999999994,52.025,,,线性插值（基于相邻实际年份数据）
吉林,Jilin,2023,actual,13531.2,64.3,52.6,,,中国统计年鉴2024年及各省统计公报
黑龙江,Heilongjiang,2005,actual,5513.7,53.1,36.9,2067.5,0.374975062117997,中国统计年鉴2006年
黑龙江,Heilongjiang,2006,interpolated,6484.68,53.620000000000005,36.64,3053.7799999999997,0.4349818821500811,线性插值（基于相邻实际年份数据）
黑龙江,Heilongjiang,2007,interpolated,7455.66,54.14,36.38,4040.06,0.4949887021821652,线性插值（基于相邻实际年份数据）
黑龙江,Heilongjiang,2008,interpolated,8426.64,54.660000000000004,36.12,5026.34,0.5549955222142493,线性插值（基于相邻实际年份数据）
黑龙江,Heilongjiang,2009,interpolated,9397.62,55.18,35.86,6012.62,0.6150023422463333,线性插值（基于相邻实际年份数据）
黑龙江,Heilongjiang,2010,actual,10368.6,55.7,35.6,6998.9,0.6750091622784175,中国统计年鉴2011年
黑龙江,Heilongjiang,2011,interpolated,11311.62,56.32,37.78,7605.82,0.6730449797362167,线性插值（基于相邻实际年份数据）
黑龙江,Heilongjiang,2012,interpolated,12254.640000000001,56.94,39.96,8212.74,0.671080797194016,线性插值（基于相邻实际年份数据）
黑龙江,Heilongjiang,2013,interpolated,13197.66,57.56,42.14,8819.66,0.6691166146518153,线性插值（基于相邻实际年份数据）
黑龙江,Heilongjiang,2014,interpolated,14140.68,58.18,44.32,9426.58,0.6671524321096146,线性插值（基于相邻实际年份数据）
黑龙江,Heilongjiang,2015,actual,15083.7,58.8,46.5,10033.5,0.6651882495674138,中国统计年鉴2016年
黑龙江,Heilongjiang,2016,interpolated,14715.95,59.324999999999996,49.325,8287.925,0.5549270948206271,线性插值（基于相邻实际年份数据）
黑龙江,Heilongjiang,2017,interpolated,14348.2,59.849999999999994,52.15,6542.35,0.4446659400738404,线性插值（基于相邻实际年份数据）
黑龙江,Heilongjiang,2018,interpolated,13980.45,60.375,54.974999999999994,4796.775,0.33440478532705364,线性插值（基于相邻实际年份数据）
黑龙江,Heilongjiang,2019,actual,13612.7,60.9,57.8,3051.2,0.22414363058026693,中国统计年鉴2020年
黑龙江,Heilongjiang,2020,interpolated,14200.375,62.625,57.925,,,线性插值（基于相邻实际年份数据）
黑龙江,Heilongjiang,2021,interpolated,14788.05,64.35,58.05,,,线性插值（基于相邻实际年份数据）
黑龙江,Heilongjiang,2022,interpolated,15375.725,66.075,58.175,,,线性插值（基于相邻实际年份数据）
黑龙江,Heilongjiang,2023,actual,15963.4,67.8,58.3,,,中国统计年鉴2024年及各省统计公报
上海,Shanghai,2005,actual,9247.7,84.5,50.5,3542.8,0.3831006628675238,中国统计年鉴2006年
上海,Shanghai,2006,interpolated,10831.16,85.46,51.8,3897.78,0.36844033221653577,线性插值（基于相邻实际年份数据）
上海,Shanghai,2007,interpolated,12414.62,86.42,53.1,4252.76,0.3537800015655478,线性插值（基于相邻实际年份数据）
上海,Shanghai,2008,interpolated,13998.08,87.38,54.4,4607.74,0.33911967091455975,线性插值（基于相邻实际年份数据）
上海,Shanghai,2009,interpolated,15581.54,88.34,55.7,4962.719999999999,0.32445934026357176,线性插值（基于相邻实际年份数据）
上海,Shanghai,2010,actual,17165.0,89.3,57.0,5317.7,0.3097990096125837,中国统计年鉴2011年
上海,Shanghai,2011,interpolated,18756.7,88.96,59.16,5541.36,0.29907410728606276,线性插值（基于相邻实际年份数据）
上海,Shanghai,2012,interpolated,20348.4,88.61999999999999,61.32,5765.0199999999995,0.2883492049595418,线性插值（基于相邻实际年份数据）
上海,Shanghai,2013,interpolated,21940.1,88.28,63.48,5988.68,0.2776243026330208,线性插值（基于相邻实际年份数据）
上海,Shanghai,2014,interpolated,23531.8,87.94,65.64,6212.34,0.26689940030649983,线性插值（基于相邻实际年份数据）
上海,Shanghai,2015,actual,25123.5,87.6,67.8,6436.0,0.2561744979799789,中国统计年鉴2016年
上海,Shanghai,2016,interpolated,28381.45,87.725,69.025,6968.775,0.24826396639737117,线性插值（基于相邻实际年份数据）
上海,Shanghai,2017,interpolated,31639.4,87.85,70.25,7501.55,0.24035343481476346,线性插值（基于相邻实际年份数据）
上海,Shanghai,2018,interpolated,34897.350000000006,87.975,71.475,8034.325000000001,0.23244290323215575,线性插值（基于相邻实际年份数据）
上海,Shanghai,2019,actual,38155.3,88.1,72.7,8567.1,0.22453237164954803,中国统计年鉴2020年
上海,Shanghai,2020,interpolated,40421.15,88.39999999999999,73.325,,,线性插值（基于相邻实际年份数据）
上海,Shanghai,2021,interpolated,42687.0,88.69999999999999,73.95,,,线性插值（基于相邻实际年份数据）
上海,Shanghai,2022,interpolated,44952.85,89.0,74.575,,,线性插值（基于相邻实际年份数据）
上海,Shanghai,2023,actual,47218.7,89.3,75.2,,,中国统计年鉴2024年及各省统计公报
江苏,Jiangsu,2005,actual,18598.7,50.5,37.4,8941.9,0.48078091479512003,中国统计年鉴2006年
江苏,Jiangsu,2006,interpolated,23164.06,52.52,38.12,12110.32,0.5042804994188651,线性插值（基于相邻实际年份数据）
江苏,Jiangsu,2007,interpolated,27729.42,54.54,38.839999999999996,15278.74,0.5277800840426101,线性插值（基于相邻实际年份数据）
江苏,Jiangsu,2008,interpolated,32294.78,56.56,39.56,18447.16,0.5512796686663551,线性插值（基于相邻实际年份数据）
江苏,Jiangsu,2009,interpolated,36860.14,58.58,40.28,21615.58,0.5747792532901003,线性插值（基于相邻实际年份数据）
江苏,Jiangsu,2010,actual,41425.5,60.6,41.0,24784.0,0.5982788379138453,中国统计年鉴2011年
江苏,Jiangsu,2011,interpolated,47163.68,61.78,42.52,29008.239999999998,0.6095630501360861,线性插值（基于相邻实际年份数据）
江苏,Jiangsu,2012,interpolated,52901.86,62.96,44.04,33232.479999999996,0.6208472623583271,线性插值（基于相邻实际年份数据）
江苏,Jiangsu,2013,interpolated,58640.03999999999,64.14,45.56,37456.72,0.632131474580568,线性插值（基于相邻实际年份数据）
江苏,Jiangsu,2014,interpolated,64378.219999999994,65.32,47.08,41680.96,0.6434156868028089,线性插值（基于相邻实际年份数据）
江苏,Jiangsu,2015,actual,70116.4,66.5,48.6,45905.2,0.6546998990250498,中国统计年鉴2016年
江苏,Jiangsu,2016,interpolated,77495.17499999999,67.525,49.275,47988.049999999996,0.6271179269837921,线性插值（基于相邻实际年份数据）
江苏,Jiangsu,2017,interpolated,84873.95,68.55,49.95,50070.899999999994,0.5995359549425345,线性插值（基于相邻实际年份数据）
江苏,Jiangsu,2018,interpolated,92252.725,69.57499999999999,50.625,52153.75,0.5719539829012769,线性插值（基于相邻实际年份数据）
江苏,Jiangsu,2019,actual,99631.5,70.6,51.3,54236.6,0.5443720108600192,中国统计年鉴2020年
江苏,Jiangsu,2020,interpolated,106779.175,71.55,51.599999999999994,,,线性插值（基于相邻实际年份数据）
江苏,Jiangsu,2021,interpolated,113926.85,72.5,51.9,,,线性插值（基于相邻实际年份数据）
江苏,Jiangsu,2022,interpolated,121074.525,73.45,52.2,,,线性插值（基于相邻实际年份数据）
江苏,Jiangsu,2023,actual,128222.2,74.4,52.5,,,中国统计年鉴2024年及各省统计公报
浙江,Zhejiang,2005,actual,13437.8,56.0,41.5,7069.3,0.5260756969146736,中国统计年鉴2006年
浙江,Zhejiang,2006,interpolated,16294.699999999999,57.12,42.08,8406.64,0.520101962465673,线性插值（基于相邻实际年份数据）
浙江,Zhejiang,2007,interpolated,19151.6,58.24,42.66,9743.98,0.5141282280166722,线性插值（基于相邻实际年份数据）
浙江,Zhejiang,2008,interpolated,22008.5,59.36,43.24,11081.32,0.5081544935676716,线性插值（基于相邻实际年份数据）
浙江,Zhejiang,2009,interpolated,24865.4,60.480000000000004,43.82,12418.66,0.5021807591186709,线性插值（基于相邻实际年份数据）
浙江,Zhejiang,2010,actual,27722.3,61.6,44.4,13756.0,0.49620702466967026,中国统计年鉴2011年
浙江,Zhejiang,2011,interpolated,30755.14,62.44,45.72,16188.56,0.5178372226877141,线性插值（基于相邻实际年份数据）
浙江,Zhejiang,2012,interpolated,33787.979999999996,63.28,47.04,18621.12,0.5394674207057579,线性插值（基于相邻实际年份数据）
浙江,Zhejiang,2013,interpolated,36820.82,64.12,48.36,21053.68,0.5610976187238018,线性插值（基于相邻实际年份数据）
浙江,Zhejiang,2014,interpolated,39853.66,64.96,49.68,23486.239999999998,0.5827278167418456,线性插值（基于相邻实际年份数据）
浙江,Zhejiang,2015,actual,42886.5,65.8,51.0,25918.8,0.6043580147598895,中国统计年鉴2016年
浙江,Zhejiang,2016,interpolated,47752.875,66.85,52.25,27736.225,0.586337618716825,线性插值（基于相邻实际年份数据）
浙江,Zhejiang,2017,interpolated,52619.25,67.9,53.5,29553.65,0.5683172226737605,线性插值（基于相邻实际年份数据）
浙江,Zhejiang,2018,interpolated,57485.625,68.95,54.75,31371.075,0.550296826630696,线性插值（基于相邻实际年份数据）
浙江,Zhejiang,2019,actual,62352.0,70.0,56.0,33188.5,0.5322764305876315,中国统计年鉴2020年
浙江,Zhejiang,2020,interpolated,67402.25,71.05,56.275,,,线性插值（基于相邻实际年份数据）
浙江,Zhejiang,2021,interpolated,72452.5,72.1,56.55,,,线性插值（基于相邻实际年份数据）
浙江,Zhejiang,2022,interpolated,77502.75,73.15,56.825,,,线性插值（基于相邻实际年份数据）
浙江,Zhejiang,2023,actual,82553.0,74.2,57.1,,,中国统计年鉴2024年及各省统计公报
安徽,Anhui,2005,actual,5350.2,35.3,36.0,2764.8,0.5167657283839857,中国统计年鉴2006年
安徽,Anhui,2006,interpolated,6752.0199999999995,36.879999999999995,35.48,4393.4,0.5899241974426509,线性插值（基于相邻实际年份数据）
安徽,Anhui,2007,interpolated,8153.84,38.46,34.96,6022.0,0.6630826665013161,线性插值（基于相邻实际年份数据）
安徽,Anhui,2008,interpolated,9555.66,40.04,34.44,7650.6,0.7362411355599814,线性插值（基于相邻实际年份数据）
安徽,Anhui,2009,interpolated,10957.48,41.620000000000005,33.92,9279.2,0.8093996046186466,线性插值（基于相邻实际年份数据）
安徽,Anhui,2010,actual,12359.3,43.2,33.4,10907.8,0.8825580736773118,中国统计年鉴2011年
安徽,Anhui,2011,interpolated,14288.56,44.660000000000004,34.72,13545.96,0.9250688895958648,线性插值（基于相邻实际年份数据）
安徽,Anhui,2012,interpolated,16217.82,46.120000000000005,36.04,16184.119999999999,0.9675797055144177,线性插值（基于相邻实际年份数据）
安徽,Anhui,2013,interpolated,18147.079999999998,47.58,37.36,18822.28,1.0100905214329707,线性插值（基于相邻实际年份数据）
安徽,Anhui,2014,interpolated,20076.339999999997,49.04,38.68,21460.44,1.0526013373515237,线性插值（基于相邻实际年份数据）
安徽,Anhui,2015,actual,22005.6,50.5,40.0,24098.6,1.0951121532700767,中国统计年鉴2016年
安徽,Anhui,2016,interpolated,25782.699999999997,51.825,42.6,26001.75,1.03494084017754,线性插值（基于相邻实际年份数据）
安徽,Anhui,2017,interpolated,29559.8,53.15,45.2,27904.9,0.9747695270850034,线性插值（基于相邻实际年份数据）
安徽,Anhui,2018,interpolated,33336.9,54.474999999999994,47.8,29808.05,0.9145982139924667,线性插值（基于相邻实际年份数据）
安徽,Anhui,2019,actual,37114.0,55.8,50.4,31711.2,0.85442690089993,中国统计年鉴2020年
安徽,Anhui,2020,interpolated,39598.15,57.375,50.975,,,线性插值（基于相邻实际年份数据）
安徽,Anhui,2021,interpolated,42082.3,58.95,51.55,,,线性插值（基于相邻实际年份数据）
安徽,Anhui,2022,interpolated,44566.45,60.525,52.125,,,线性插值（基于相邻实际年份数据）
安徽,Anhui,2023,actual,47050.6,62.1,52.7,,,中国统计年鉴2024年及各省统计公报
福建,Fujian,2005,actual,6554.7,47.3,38.0,2924.9,0.4462294231620059,中国统计年鉴2006年
福建,Fujian,2006,interpolated,8191.18,48.64,38.1,3994.1800000000003,0.46923493127308885,线性插值（基于相邻实际年份数据）
福建,Fujian,2007,interpolated,9827.66,49.98,38.2,5063.46,0.4922404393841718,线性插值（基于相邻实际年份数据）
福建,Fujian,2008,interpolated,11464.14,51.32,38.3,6132.74,0.5152459474952548,线性插值（基于相邻实际年份数据）
福建,Fujian,2009,interpolated,13100.619999999999,52.66,38.4,7202.02,0.5382514556063377,线性插值（基于相邻实际年份数据）
福建,Fujian,2010,actual,14737.1,54.0,38.5,8271.3,0.5612569637174206,中国统计年鉴2011年
福建,Fujian,2011,interpolated,16985.64,55.72,39.16,10634.039999999999,0.6036256989194942,线性插值（基于相邻实际年份数据）
福建,Fujian,2012,interpolated,19234.18,57.44,39.82,12996.779999999999,0.6459944341215678,线性插值（基于相邻实际年份数据）
福建,Fujian,2013,interpolated,21482.72,59.160000000000004,40.48,15359.52,0.6883631693236414,线性插值（基于相邻实际年份数据）
福建,Fujian,2014,interpolated,23731.260000000002,60.88,41.14,17722.260000000002,0.730731904525715,线性插值（基于相邻实际年份数据）
福建,Fujian,2015,actual,25979.8,62.6,41.8,20085.0,0.7731006397277885,中国统计年鉴2016年
福建,Fujian,2016,interpolated,30083.6,63.575,42.675,21112.45,0.7225003235274134,线性插值（基于相邻实际年份数据）
福建,Fujian,2017,interpolated,34187.4,64.55,43.55,22139.9,0.6719000073270385,线性插值（基于相邻实际年份数据）
福建,Fujian,2018,interpolated,38291.2,65.525,44.425,23167.35,0.6212996911266635,线性插值（基于相邻实际年份数据）
福建,Fujian,2019,actual,42395.0,66.5,45.3,24194.8,0.5706993749262884,中国统计年鉴2020年
福建,Fujian,2020,interpolated,45385.025,67.625,45.925,,,线性插值（基于相邻实际年份数据）
福建,Fujian,2021,interpolated,48375.05,68.75,46.55,,,线性插值（基于相邻实际年份数据）
福建,Fujian,2022,interpolated,51365.075,69.875,47.175,,,线性插值（基于相邻实际年份数据）
福建,Fujian,2023,actual,54355.1,71.0,47.8,,,中国统计年鉴2024年及各省统计公报
江西,Jiangxi,2005,actual,4070.2,37.0,34.9,2280.8,0.5603655840007863,中国统计年鉴2006年
江西,Jiangxi,2006,interpolated,5146.42,38.42,34.519999999999996,3510.1800000000003,0.6266319548901532,线性插值（基于相邻实际年份数据）
江西,Jiangxi,2007,interpolated,6222.639999999999,39.84,34.14,4739.56,0.6928983257795203,线性插值（基于相邻实际年份数据）
江西,Jiangxi,2008,interpolated,7298.859999999999,41.26,33.76,5968.9400000000005,0.7591646966688872,线性插值（基于相邻实际年份数据）
江西,Jiangxi,2009,interpolated,8375.079999999998,42.68,33.38,7198.320000000001,0.8254310675582541,线性插值（基于相邻实际年份数据）
江西,Jiangxi,2010,actual,9451.3,44.1,33.0,8427.7,0.8916974384476211,中国统计年鉴2011年
江西,Jiangxi,2011,interpolated,10905.8,45.6,34.26,10143.300000000001,0.9167291941357981,线性插值（基于相邻实际年份数据）
江西,Jiangxi,2012,interpolated,12360.3,47.1,35.519999999999996,11858.900000000001,0.9417609498239752,线性插值（基于相邻实际年份数据）
江西,Jiangxi,2013,interpolated,13814.8,48.6,36.78,13574.5,0.9667927055121521,线性插值（基于相邻实际年份数据）
江西,Jiangxi,2014,interpolated,15269.3,50.1,38.04,15290.1,0.9918244612003292,线性插值（基于相邻实际年份数据）
江西,Jiangxi,2015,actual,16723.8,51.6,39.3,17005.7,1.0168562168885062,中国统计年鉴2016年
江西,Jiangxi,2016,interpolated,18732.225,53.05,41.15,18258.8,0.984979838118263,线性插值（基于相邻实际年份数据）
江西,Jiangxi,2017,interpolated,20740.65,54.5,43.0,19511.9,0.9531034593480197,线性插值（基于相邻实际年份数据）
江西,Jiangxi,2018,interpolated,22749.075,55.95,44.85,20765.0,0.9212270805777764,线性插值（基于相邻实际年份数据）
江西,Jiangxi,2019,actual,24757.5,57.4,46.7,22018.1,0.8893507018075331,中国统计年鉴2020年
江西,Jiangxi,2020,interpolated,26618.15,58.875,47.400000000000006,,,线性插值（基于相邻实际年份数据）
江西,Jiangxi,2021,interpolated,28478.8,60.349999999999994,48.1,,,线性插值（基于相邻实际年份数据）
江西,Jiangxi,2022,interpolated,30339.449999999997,61.824999999999996,48.8,,,线性插值（基于相邻实际年份数据）
江西,Jiangxi,2023,actual,32200.1,63.3,49.5,,,中国统计年鉴2024年及各省统计公报
山东,Shandong,2005,actual,18366.9,45.0,33.8,9804.6,0.5338189895954135,中国统计年鉴2006年
山东,Shandong,2006,interpolated,22527.5,45.94,34.32,12499.78,0.5459245275694529,线性插值（基于相邻实际年份数据）
山东,Shandong,2007,interpolated,26688.100000000002,46.88,34.839999999999996,15194.96,0.5580300655434921,线性插值（基于相邻实际年份数据）
山东,Shandong,2008,interpolated,30848.700000000004,47.82,35.36,17890.14,0.5701356035175315,线性插值（基于相邻实际年份数据）
山东,Shandong,2009,interpolated,35009.3,48.760000000000005,35.879999999999995,20585.32,0.5822411414915707,线性插值（基于相邻实际年份数据）
山东,Shandong,2010,actual,39169.9,49.7,36.4,23280.5,0.59434667946561,中国统计年鉴2011年
山东,Shandong,2011,interpolated,43936.380000000005,51.160000000000004,38.18,28100.7,0.6258893126593309,线性插值（基于相邻实际年份数据）
山东,Shandong,2012,interpolated,48702.86,52.620000000000005,39.96,32920.9,0.6574319458530518,线性插值（基于相邻实际年份数据）
山东,Shandong,2013,interpolated,53469.340000000004,54.08,41.739999999999995,37741.1,0.6889745790467725,线性插值（基于相邻实际年份数据）
山东,Shandong,2014,interpolated,58235.82000000001,55.54,43.519999999999996,42561.3,0.7205172122404934,线性插值（基于相邻实际年份数据）
山东,Shandong,2015,actual,63002.3,57.0,45.3,47381.5,0.7520598454342142,中国统计年鉴2016年
山东,Shandong,2016,interpolated,65018.600000000006,58.125,46.974999999999994,46164.325,0.71359566326446,线性插值（基于相邻实际年份数据）
山东,Shandong,2017,interpolated,67034.9,59.25,48.65,44947.15,0.6751314810947059,线性插值（基于相邻实际年份数据）
山东,Shandong,2018,interpolated,69051.2,60.375,50.325,43729.975000000006,0.6366672989249518,线性插值（基于相邻实际年份数据）
山东,Shandong,2019,actual,71067.5,61.5,52.0,42512.8,0.5982031167551976,中国统计年鉴2020年
山东,Shandong,2020,interpolated,76317.875,62.45,52.325,,,线性插值（基于相邻实际年份数据）
山东,Shandong,2021,interpolated,81568.25,63.4,52.65,,,线性插值（基于相邻实际年份数据）
山东,Shandong,2022,interpolated,86818.625,64.35,52.974999999999994,,,线性插值（基于相邻实际年份数据）
山东,Shandong,2023,actual,92069.0,65.3,53.3,,,中国统计年鉴2024年及各省统计公报
河南,Henan,2005,actual,10587.4,30.7,30.1,4953.6,0.46787691028958955,中国统计年鉴2006年
河南,Henan,2006,interpolated,13088.4,32.16,29.98,7312.88,0.5193709017051954,线性插值（基于相邻实际年份数据）
河南,Henan,2007,interpolated,15589.400000000001,33.62,29.86,9672.16,0.5708648931208012,线性插值（基于相邻实际年份数据）
河南,Henan,2008,interpolated,18090.4,35.08,29.740000000000002,12031.439999999999,0.6223588845364071,线性插值（基于相邻实际年份数据）
河南,Henan,2009,interpolated,20591.4,36.54,29.62,14390.72,0.6738528759520129,线性插值（基于相邻实际年份数据）
河南,Henan,2010,actual,23092.4,38.0,29.5,16750.0,0.7253468673676188,中国统计年鉴2011年
河南,Henan,2011,interpolated,25874.36,39.78,31.5,20562.68,0.7738519300087044,线性插值（基于相邻实际年份数据）
河南,Henan,2012,interpolated,28656.32,41.56,33.5,24375.36,0.8223569926497901,线性插值（基于相邻实际年份数据）
河南,Henan,2013,interpolated,31438.28,43.339999999999996,35.5,28188.04,0.8708620552908758,线性插值（基于相邻实际年份数据）
河南,Henan,2014,interpolated,34220.24,45.12,37.5,32000.72,0.9193671179319615,线性插值（基于相邻实际年份数据）
河南,Henan,2015,actual,37002.2,46.9,39.5,35813.4,0.9678721805730471,中国统计年鉴2016年
河南,Henan,2016,interpolated,41316.45,48.475,41.7,38555.6,0.9414537565078698,线性插值（基于相邻实际年份数据）
河南,Henan,2017,interpolated,45630.7,50.05,43.9,41297.8,0.9150353324426925,线性插值（基于相邻实际年份数据）
河南,Henan,2018,interpolated,49944.95,51.625,46.099999999999994,44040.0,0.8886169083775152,线性插值（基于相邻实际年份数据）
河南,Henan,2019,actual,54259.2,53.2,48.3,46782.2,0.8621984843123378,中国统计年鉴2020年
河南,Henan,2020,interpolated,55477.5,54.425000000000004,49.025,,,线性插值（基于相邻实际年份数据）
河南,Henan,2021,interpolated,56695.8,55.650000000000006,49.75,,,线性插值（基于相邻实际年份数据）
河南,Henan,2022,interpolated,57914.1,56.875,50.475,,,线性插值（基于相邻实际年份数据）
河南,Henan,2023,actual,59132.4,58.1,51.2,,,中国统计年鉴2024年及各省统计公报
湖北,Hubei,2005,actual,6520.1,43.2,38.6,2927.0,0.44891949509976836,中国统计年鉴2006年
湖北,Hubei,2006,interpolated,8409.6,44.5,38.28,4471.88,0.4925482567176062,线性插值（基于相邻实际年份数据）
湖北,Hubei,2007,interpolated,10299.1,45.800000000000004,37.96,6016.76,0.5361770183354441,线性插值（基于相邻实际年份数据）
湖北,Hubei,2008,interpolated,12188.6,47.1,37.64,7561.639999999999,0.5798057799532819,线性插值（基于相邻实际年份数据）
湖北,Hubei,2009,interpolated,14078.1,48.400000000000006,37.32,9106.52,0.6234345415711198,线性插值（基于相邻实际年份数据）
湖北,Hubei,2010,actual,15967.6,49.7,37.0,10651.4,0.6670633031889576,中国统计年鉴2011年
湖北,Hubei,2011,interpolated,18684.12,51.14,38.24,13781.08,0.7116514682646976,线性插值（基于相邻实际年份数据）
湖北,Hubei,2012,interpolated,21400.64,52.58,39.480000000000004,16910.76,0.7562396333404376,线性插值（基于相邻实际年份数据）
湖北,Hubei,2013,interpolated,24117.16,54.02,40.72,20040.44,0.8008277984161776,线性插值（基于相邻实际年份数据）
湖北,Hubei,2014,interpolated,26833.68,55.46,41.96,23170.12,0.8454159634919176,线性插值（基于相邻实际年份数据）
湖北,Hubei,2015,actual,29550.2,56.9,43.2,26299.8,0.8900041285676576,中国统计年鉴2016年
湖北,Hubei,2016,interpolated,33619.725,57.925,45.075,27843.85,0.844664370136529,线性插值（基于相邻实际年份数据）
湖北,Hubei,2017,interpolated,37689.25,58.95,46.95,29387.9,0.7993246117054003,线性插值（基于相邻实际年份数据）
湖北,Hubei,2018,interpolated,41758.775,59.975,48.825,30931.95,0.7539848532742714,线性插值（基于相邻实际年份数据）
湖北,Hubei,2019,actual,45828.3,61.0,50.7,32476.0,0.7086450948431428,中国统计年鉴2020年
湖北,Hubei,2020,interpolated,48322.125,62.125,51.400000000000006,,,线性插值（基于相邻实际年份数据）
湖北,Hubei,2021,interpolated,50815.95,63.25,52.1,,,线性插值（基于相邻实际年份数据）
湖北,Hubei,2022,interpolated,53309.775,64.375,52.8,,,线性插值（基于相邻实际年份数据）
湖北,Hubei,2023,actual,55803.6,65.5,53.5,,,中国统计年鉴2024年及各省统计公报
湖南,Hunan,2005,actual,6473.6,37.0,37.5,2748.0,0.42449332674246165,中国统计年鉴2006年
湖南,Hunan,2006,interpolated,8386.460000000001,38.26,37.66,4022.8599999999997,0.45335394409307583,线性插值（基于相邻实际年份数据）
湖南,Hunan,2007,interpolated,10299.32,39.519999999999996,37.82,5297.719999999999,0.48221456144368996,线性插值（基于相邻实际年份数据）
湖南,Hunan,2008,interpolated,12212.18,40.78,37.98,6572.58,0.5110751787943041,线性插值（基于相邻实际年份数据）
湖南,Hunan,2009,interpolated,14125.04,42.04,38.14,7847.44,0.5399357961449183,线性插值（基于相邻实际年份数据）
湖南,Hunan,2010,actual,16037.9,43.3,38.3,9122.3,0.5687964134955324,中国统计年鉴2011年
湖南,Hunan,2011,interpolated,18639.76,44.82,39.66,11746.8,0.6082002583956437,线性插值（基于相邻实际年份数据）
湖南,Hunan,2012,interpolated,21241.62,46.339999999999996,41.019999999999996,14371.3,0.6476041032957551,线性插值（基于相邻实际年份数据）
湖南,Hunan,2013,interpolated,23843.48,47.86,42.38,16995.8,0.6870079481958664,线性插值（基于相邻实际年份数据）
湖南,Hunan,2014,interpolated,26445.34,49.379999999999995,43.74,19620.3,0.7264117930959777,线性插值（基于相邻实际年份数据）
湖南,Hunan,2015,actual,29047.2,50.9,45.1,22244.8,0.7658156379960891,中国统计年鉴2016年
湖南,Hunan,2016,interpolated,31723.425,52.475,46.95,23251.275,0.739577528417071,线性插值（基于相邻实际年份数据）
湖南,Hunan,2017,interpolated,34399.65,54.05,48.8,24257.75,0.7133394188380531,线性插值（基于相邻实际年份数据）
湖南,Hunan,2018,interpolated,37075.875,55.625,50.65,25264.225,0.687101309259035,线性插值（基于相邻实际年份数据）
湖南,Hunan,2019,actual,39752.1,57.2,52.5,26270.7,0.6608631996800169,中国统计年鉴2020年
湖南,Hunan,2020,interpolated,42422.4,58.275000000000006,52.875,,,线性插值（基于相邻实际年份数据）
湖南,Hunan,2021,interpolated,45092.7,59.35,53.25,,,线性插值（基于相邻实际年份数据）
湖南,Hunan,2022,interpolated,47763.0,60.425,53.625,,,线性插值（基于相邻实际年份数据）
湖南,Hunan,2023,actual,50433.3,61.5,54.0,,,中国统计年鉴2024年及各省统计公报
广东,Guangdong,2005,actual,22557.4,60.7,44.3,7478.7,0.33154086907179015,中国统计年鉴2006年
广东,Guangdong,2006,interpolated,27248.54,61.800000000000004,44.72,9007.82,0.3309717999906494,线性插值（基于相邻实际年份数据）
广东,Guangdong,2007,interpolated,31939.68,62.900000000000006,45.14,10536.939999999999,0.33040273090950867,线性插值（基于相邻实际年份数据）
广东,Guangdong,2008,interpolated,36630.82,64.0,45.559999999999995,12066.06,0.3298336618283679,线性插值（基于相邻实际年份数据）
广东,Guangdong,2009,interpolated,41321.96,65.10000000000001,45.98,13595.18,0.32926459274722714,线性插值（基于相邻实际年份数据）
广东,Guangdong,2010,actual,46013.1,66.2,46.4,15124.3,0.3286955236660864,中国统计年鉴2011年
广东,Guangdong,2011,interpolated,51373.0,66.7,47.28,18241.52,0.34731104986213135,线性插值（基于相邻实际年份数据）
广东,Guangdong,2012,interpolated,56732.9,67.2,48.16,21358.739999999998,0.3659265760581763,线性插值（基于相邻实际年份数据）
广东,Guangdong,2013,interpolated,62092.8,67.7,49.04,24475.96,0.3845421022542213,线性插值（基于相邻实际年份数据）
广东,Guangdong,2014,interpolated,67452.70000000001,68.2,49.919999999999995,27593.18,0.40315762845026626,线性插值（基于相邻实际年份数据）
广东,Guangdong,2015,actual,72812.6,68.7,50.8,30710.4,0.4217731546463112,中国统计年鉴2016年
广东,Guangdong,2016,interpolated,81527.225,69.375,52.125,33450.65,0.4130860986228322,线性插值（基于相邻实际年份数据）
广东,Guangdong,2017,interpolated,90241.85,70.05000000000001,53.45,36190.9,0.4043990425993532,线性插值（基于相邻实际年份数据）
广东,Guangdong,2018,interpolated,98956.475,70.72500000000001,54.775,38931.15,0.39571198657587425,线性插值（基于相邻实际年份数据）
广东,Guangdong,2019,actual,107671.1,71.4,56.1,41671.4,0.38702493055239523,中国统计年鉴2020年
广东,Guangdong,2020,interpolated,114671.625,72.4,56.475,,,线性插值（基于相邻实际年份数据）
广东,Guangdong,2021,interpolated,121672.15000000001,73.4,56.85,,,线性插值（基于相邻实际年份数据）
广东,Guangdong,2022,interpolated,128672.67500000002,74.4,57.225,,,线性插值（基于相邻实际年份数据）
广东,Guangdong,2023,actual,135673.2,75.4,57.6,,,中国统计年鉴2024年及各省统计公报
广西,Guangxi,2005,actual,3984.1,33.6,35.9,1694.9,0.42541602871413875,中国统计年鉴2006年
广西,Guangxi,2006,interpolated,5101.24,34.9,35.519999999999996,2648.16,0.4753659480104968,线性插值（基于相邻实际年份数据）
广西,Guangxi,2007,interpolated,6218.379999999999,36.2,35.14,3601.42,0.5253158673068549,线性插值（基于相邻实际年份数据）
广西,Guangxi,2008,interpolated,7335.5199999999995,37.5,34.76,4554.679999999999,0.5752657866032128,线性插值（基于相邻实际年份数据）
广西,Guangxi,2009,interpolated,8452.66,38.800000000000004,34.38,5507.94,0.6252157058995709,线性插值（基于相邻实际年份数据）
广西,Guangxi,2010,actual,9569.8,40.1,34.0,6461.2,0.6751656251959289,中国统计年鉴2011年
广西,Guangxi,2011,interpolated,11016.46,41.5,35.16,8107.9400000000005,0.7150395113630087,线性插值（基于相邻实际年份数据）
广西,Guangxi,2012,interpolated,12463.119999999999,42.9,36.32,9754.68,0.7549133975300885,线性插值（基于相邻实际年份数据）
广西,Guangxi,2013,interpolated,13909.779999999999,44.300000000000004,37.48,11401.42,0.7947872836971681,线性插值（基于相邻实际年份数据）
广西,Guangxi,2014,interpolated,15356.439999999999,45.7,38.64,13048.16,0.8346611698642479,线性插值（基于相邻实际年份数据）
广西,Guangxi,2015,actual,16803.1,47.1,39.8,14694.9,0.8745350560313276,中国统计年鉴2016年
广西,Guangxi,2016,interpolated,17911.6,48.3,41.65,15768.324999999999,0.8794322826013053,线性插值（基于相邻实际年份数据）
广西,Guangxi,2017,interpolated,19020.1,49.5,43.5,16841.75,0.8843295091712831,线性插值（基于相邻实际年份数据）
广西,Guangxi,2018,interpolated,20128.6,50.7,45.35,17915.175,0.8892267357412607,线性插值（基于相邻实际年份数据）
广西,Guangxi,2019,actual,21237.1,51.9,47.2,18988.6,0.8941239623112384,中国统计年鉴2020年
广西,Guangxi,2020,interpolated,22728.524999999998,53.225,48.1,,,线性插值（基于相邻实际年份数据）
广西,Guangxi,2021,interpolated,24219.949999999997,54.55,49.0,,,线性插值（基于相邻实际年份数据）
广西,Guangxi,2022,interpolated,25711.375,55.875,49.9,,,线性插值（基于相邻实际年份数据）
广西,Guangxi,2023,actual,27202.8,57.2,50.8,,,中国统计年鉴2024年及各省统计公报
海南,Hainan,2005,actual,903.6,45.2,44.1,420.7,0.46558211598052235,中国统计年鉴2006年
海南,Hainan,2006,interpolated,1135.78,46.120000000000005,44.78,614.6,0.5071423699459582,线性插值（基于相邻实际年份数据）
海南,Hainan,2007,interpolated,1367.96,47.04,45.46,808.5,0.548702623911394,线性插值（基于相邻实际年份数据）
海南,Hainan,2008,interpolated,1600.14,47.96,46.14,1002.4,0.59026287787683,线性插值（基于相邻实际年份数据）
海南,Hainan,2009,interpolated,1832.3200000000002,48.879999999999995,46.82,1196.3,0.6318231318422658,线性插值（基于相邻实际年份数据）
海南,Hainan,2010,actual,2064.5,49.8,47.5,1390.2,0.6733833858077016,中国统计年鉴2011年
海南,Hainan,2011,interpolated,2392.16,50.86,48.48,1806.9,0.7263322892878379,线性插值（基于相邻实际年份数据）
海南,Hainan,2012,interpolated,2719.82,51.92,49.46,2223.6,0.7792811927679741,线性插值（基于相邻实际年份数据）
海南,Hainan,2013,interpolated,3047.48,52.98,50.44,2640.3,0.8322300962481103,线性插值（基于相邻实际年份数据）
海南,Hainan,2014,interpolated,3375.1400000000003,54.04,51.42,3057.0,0.8851789997282465,线性插值（基于相邻实际年份数据）
海南,Hainan,2015,actual,3702.8,55.1,52.4,3473.7,0.9381279032083828,中国统计年鉴2016年
海南,Hainan,2016,interpolated,4104.325,56.125,54.125,3820.8999999999996,0.9325746235580323,线性插值（基于相邻实际年份数据）
海南,Hainan,2017,interpolated,4505.85,57.150000000000006,55.849999999999994,4168.1,0.9270213439076818,线性插值（基于相邻实际年份数据）
海南,Hainan,2018,interpolated,4907.375,58.175000000000004,57.574999999999996,4515.3,0.9214680642573313,线性插值（基于相邻实际年份数据）
海南,Hainan,2019,actual,5308.9,59.2,59.3,4862.5,0.9159147846069808,中国统计年鉴2020年
海南,Hainan,2020,interpolated,5869.474999999999,60.35,60.05,,,线性插值（基于相邻实际年份数据）
海南,Hainan,2021,interpolated,6430.049999999999,61.5,60.8,,,线性插值（基于相邻实际年份数据）
海南,Hainan,2022,interpolated,6990.625,62.65,61.55,,,线性插值（基于相邻实际年份数据）
海南,Hainan,2023,actual,7551.2,63.8,62.3,,,中国统计年鉴2024年及各省统计公报
重庆,Chongqing,2005,actual,3069.1,45.2,39.5,1973.2,0.6429246358867421,中国统计年鉴2006年
重庆,Chongqing,2006,interpolated,4040.3999999999996,46.760000000000005,39.0,2783.4,0.6663584833132091,线性插值（基于相邻实际年份数据）
重庆,Chongqing,2007,interpolated,5011.7,48.32,38.5,3593.6000000000004,0.6897923307396762,线性插值（基于相邻实际年份数据）
重庆,Chongqing,2008,interpolated,5983.0,49.88,38.0,4403.8,0.7132261781661433,线性插值（基于相邻实际年份数据）
重庆,Chongqing,2009,interpolated,6954.299999999999,51.44,37.5,5214.0,0.7366600255926103,线性插值（基于相邻实际年份数据）
重庆,Chongqing,2010,actual,7925.6,53.0,37.0,6024.2,0.7600938730190774,中国统计年鉴2011年
重庆,Chongqing,2011,interpolated,9484.42,54.58,39.14,7704.68,0.7916231305023882,线性插值（基于相邻实际年份数据）
重庆,Chongqing,2012,interpolated,11043.240000000002,56.16,41.28,9385.16,0.8231523879856991,线性插值（基于相邻实际年份数据）
重庆,Chongqing,2013,interpolated,12602.060000000001,57.74,43.42,11065.640000000001,0.8546816454690099,线性插值（基于相邻实际年份数据）
重庆,Chongqing,2014,interpolated,14160.880000000001,59.32,45.56,12746.12,0.8862109029523209,线性插值（基于相邻实际年份数据）
重庆,Chongqing,2015,actual,15719.7,60.9,47.7,14426.6,0.9177401604356317,中国统计年鉴2016年
重庆,Chongqing,2016,interpolated,17691.225,62.375,48.85,15125.0,0.8706776728350056,线性插值（基于相邻实际年份数据）
重庆,Chongqing,2017,interpolated,19662.75,63.849999999999994,50.0,15823.400000000001,0.8236151852343796,线性插值（基于相邻实际年份数据）
重庆,Chongqing,2018,interpolated,21634.275,65.325,51.15,16521.8,0.7765526976337536,线性插值（基于相邻实际年份数据）
重庆,Chongqing,2019,actual,23605.8,66.8,52.3,17220.2,0.7294902100331275,中国统计年鉴2020年
重庆,Chongqing,2020,interpolated,25240.8,68.025,52.675,,,线性插值（基于相邻实际年份数据）
重庆,Chongqing,2021,interpolated,26875.8,69.25,53.05,,,线性插值（基于相邻实际年份数据）
重庆,Chongqing,2022,interpolated,28510.8,70.475,53.425,,,线性插值（基于相邻实际年份数据）
重庆,Chongqing,2023,actual,30145.8,71.7,53.8,,,中国统计年鉴2024年及各省统计公报
四川,Sichuan,2005,actual,7385.1,33.0,35.4,3961.2,0.5363773002396717,中国统计年鉴2006年
四川,Sichuan,2006,interpolated,9345.18,34.44,35.28,5608.0199999999995,0.5710273006089495,线性插值（基于相邻实际年份数据）
四川,Sichuan,2007,interpolated,11305.26,35.88,35.16,7254.839999999999,0.6056773009782274,线性插值（基于相邻实际年份数据）
四川,Sichuan,2008,interpolated,13265.34,37.32,35.04,8901.66,0.6403273013475052,线性插值（基于相邻实际年份数据）
四川,Sichuan,2009,interpolated,15225.42,38.760000000000005,34.919999999999995,10548.48,0.674977301716783,线性插值（基于相邻实际年份数据）
四川,Sichuan,2010,actual,17185.5,40.2,34.8,12195.3,0.7096273020860608,中国统计年鉴2011年
四川,Sichuan,2011,interpolated,19759.02,41.7,36.46,14860.3,0.7375365675373947,线性插值（基于相邻实际年份数据）
四川,Sichuan,2012,interpolated,22332.54,43.2,38.12,17525.3,0.7654458329887285,线性插值（基于相邻实际年份数据）
四川,Sichuan,2013,interpolated,24906.059999999998,44.7,39.78,20190.3,0.7933550984400624,线性插值（基于相邻实际年份数据）
四川,Sichuan,2014,interpolated,27479.579999999998,46.2,41.44,22855.3,0.8212643638913961,线性插值（基于相邻实际年份数据）
四川,Sichuan,2015,actual,30053.1,47.7,43.1,25520.3,0.84917362934273,中国统计年鉴2016年
四川,Sichuan,2016,interpolated,34193.775,49.225,45.425,26829.825,0.8018371679352521,线性插值（基于相邻实际年份数据）
四川,Sichuan,2017,interpolated,38334.45,50.75,47.75,28139.35,0.7545007065277742,线性插值（基于相邻实际年份数据）
四川,Sichuan,2018,interpolated,42475.125,52.275,50.075,29448.875,0.7071642451202963,线性插值（基于相邻实际年份数据）
四川,Sichuan,2019,actual,46615.8,53.8,52.4,30758.4,0.6598277837128184,中国统计年鉴2020年
四川,Sichuan,2020,interpolated,49995.075000000004,55.349999999999994,52.75,,,线性插值（基于相邻实际年份数据）
四川,Sichuan,2021,interpolated,53374.350000000006,56.9,53.099999999999994,,,线性插值（基于相邻实际年份数据）
四川,Sichuan,2022,interpolated,56753.625,58.45,53.449999999999996,,,线性插值（基于相邻实际年份数据）
四川,Sichuan,2023,actual,60132.9,60.0,53.8,,,中国统计年鉴2024年及各省统计公报
贵州,Guizhou,2005,actual,2005.4,26.9,41.0,1048.1,0.5226388750373989,中国统计年鉴2006年
贵州,Guizhou,2006,interpolated,2524.76,28.279999999999998,41.0,1583.74,0.5800466960492142,线性插值（基于相邻实际年份数据）
贵州,Guizhou,2007,interpolated,3044.12,29.659999999999997,41.0,2119.38,0.6374545170610296,线性插值（基于相邻实际年份数据）
贵州,Guizhou,2008,interpolated,3563.4799999999996,31.04,41.0,2655.0200000000004,0.6948623380728449,线性插值（基于相邻实际年份数据）
贵州,Guizhou,2009,interpolated,4082.8399999999997,32.419999999999995,41.0,3190.6600000000003,0.7522701590846603,线性插值（基于相邻实际年份数据）
贵州,Guizhou,2010,actual,4602.2,33.8,41.0,3726.3,0.8096779800964756,中国统计年鉴2011年
贵州,Guizhou,2011,interpolated,5782.28,35.44,42.02,5116.32,0.8510520407336275,线性插值（基于相邻实际年份数据）
贵州,Guizhou,2012,interpolated,6962.360000000001,37.08,43.04,6506.34,0.8924261013707793,线性插值（基于相邻实际年份数据）
贵州,Guizhou,2013,interpolated,8142.4400000000005,38.72,44.06,7896.360000000001,0.9338001620079311,线性插值（基于相邻实际年份数据）
贵州,Guizhou,2014,interpolated,9322.52,40.36,45.08,9286.380000000001,0.975174222645083,线性插值（基于相邻实际年份数据）
贵州,Guizhou,2015,actual,10502.6,42.0,46.1,10676.4,1.0165482832822348,中国统计年鉴2016年
贵州,Guizhou,2016,interpolated,12069.275,43.75,47.4,11642.025,0.9791599735906439,线性插值（基于相邻实际年份数据）
贵州,Guizhou,2017,interpolated,13635.95,45.5,48.7,12607.65,0.941771663899053,线性插值（基于相邻实际年份数据）
贵州,Guizhou,2018,interpolated,15202.625,47.25,50.0,13573.275,0.9043833542074622,线性插值（基于相邻实际年份数据）
贵州,Guizhou,2019,actual,16769.3,49.0,51.3,14538.9,0.8669950445158713,中国统计年鉴2020年
贵州,Guizhou,2020,interpolated,17805.275,50.725,52.05,,,线性插值（基于相邻实际年份数据）
贵州,Guizhou,2021,interpolated,18841.25,52.45,52.8,,,线性插值（基于相邻实际年份数据）
贵州,Guizhou,2022,interpolated,19877.225,54.175,53.55,,,线性插值（基于相邻实际年份数据）
贵州,Guizhou,2023,actual,20913.2,55.9,54.3,,,中国统计年鉴2024年及各省统计公报
云南,Yunnan,2005,actual,3472.9,29.5,40.6,1707.7,0.4917216159405684,中国统计年鉴2006年
云南,Yunnan,2006,interpolated,4223.16,30.64,40.2,2438.14,0.5417646574433548,线性插值（基于相邻实际年份数据）
云南,Yunnan,2007,interpolated,4973.42,31.78,39.800000000000004,3168.58,0.591807698946141,线性插值（基于相邻实际年份数据）
云南,Yunnan,2008,interpolated,5723.68,32.92,39.4,3899.02,0.6418507404489274,线性插值（基于相邻实际年份数据）
云南,Yunnan,2009,interpolated,6473.9400000000005,34.06,39.0,4629.46,0.6918937819517137,线性插值（基于相邻实际年份数据）
云南,Yunnan,2010,actual,7224.2,35.2,38.6,5359.9,0.7419368234545001,中国统计年鉴2011年
云南,Yunnan,2011,interpolated,8503.2,36.82,39.620000000000005,6901.78,0.7854740945718707,线性插值（基于相邻实际年份数据）
云南,Yunnan,2012,interpolated,9782.2,38.44,40.64,8443.66,0.8290113656892414,线性插值（基于相邻实际年份数据）
云南,Yunnan,2013,interpolated,11061.2,40.06,41.660000000000004,9985.539999999999,0.872548636806612,线性插值（基于相邻实际年份数据）
云南,Yunnan,2014,interpolated,12340.2,41.68,42.68,11527.419999999998,0.9160859079239827,线性插值（基于相邻实际年份数据）
云南,Yunnan,2015,actual,13619.2,43.3,43.7,13069.3,0.9596231790413533,中国统计年鉴2016年
云南,Yunnan,2016,interpolated,16020.35,44.699999999999996,44.6,14671.525,0.9293966787978469,线性插值（基于相邻实际年份数据）
云南,Yunnan,2017,interpolated,18421.5,46.099999999999994,45.5,16273.75,0.8991701785543404,线性插值（基于相邻实际年份数据）
云南,Yunnan,2018,interpolated,20822.65,47.5,46.4,17875.975,0.868943678310834,线性插值（基于相邻实际年份数据）
云南,Yunnan,2019,actual,23223.8,48.9,47.3,19478.2,0.8387171780673276,中国统计年鉴2020年
云南,Yunnan,2020,interpolated,24923.1,49.975,48.099999999999994,,,线性插值（基于相邻实际年份数据）
云南,Yunnan,2021,interpolated,26622.4,51.05,48.9,,,线性插值（基于相邻实际年份数据）
云南,Yunnan,2022,interpolated,28321.7,52.125,49.7,,,线性插值（基于相邻实际年份数据）
云南,Yunnan,2023,actual,30021.0,53.2,50.5,,,中国统计年鉴2024年及各省统计公报
西藏,Tibet,2005,actual,248.8,22.0,50.6,220.9,0.8878617363344051,中国统计年鉴2006年
西藏,Tibet,2006,interpolated,300.54,22.14,50.74,266.92,0.8880233792153074,线性插值（基于相邻实际年份数据）
西藏,Tibet,2007,interpolated,352.28,22.28,50.88,312.94,0.8881850220962096,线性插值（基于相邻实际年份数据）
西藏,Tibet,2008,interpolated,404.02,22.419999999999998,51.019999999999996,358.96,0.8883466649771118,线性插值（基于相邻实际年份数据）
西藏,Tibet,2009,interpolated,455.76,22.56,51.16,404.98,0.888508307858014,线性插值（基于相邻实际年份数据）
西藏,Tibet,2010,actual,507.5,22.7,51.3,451.0,0.8886699507389163,中国统计年鉴2011年
西藏,Tibet,2011,interpolated,611.28,23.7,51.72,638.58,0.981571190520985,线性插值（基于相邻实际年份数据）
西藏,Tibet,2012,interpolated,715.0600000000001,24.7,52.14,826.1600000000001,1.0744724303030537,线性插值（基于相邻实际年份数据）
西藏,Tibet,2013,interpolated,818.84,25.7,52.559999999999995,1013.74,1.1673736700851223,线性插值（基于相邻实际年份数据）
西藏,Tibet,2014,interpolated,922.6200000000001,26.7,52.98,1201.3200000000002,1.2602749098671908,线性插值（基于相邻实际年份数据）
西藏,Tibet,2015,actual,1026.4,27.7,53.4,1388.9,1.3531761496492596,中国统计年鉴2016年
西藏,Tibet,2016,interpolated,1194.25,28.65,53.725,1639.875,1.367220432416,线性插值（基于相邻实际年份数据）
西藏,Tibet,2017,interpolated,1362.1,29.6,54.05,1890.8500000000001,1.3812647151827404,线性插值（基于相邻实际年份数据）
西藏,Tibet,2018,interpolated,1529.95,30.55,54.375,2141.8250000000003,1.3953089979494808,线性插值（基于相邻实际年份数据）
西藏,Tibet,2019,actual,1697.8,31.5,54.7,2392.8,1.4093532807162212,中国统计年鉴2020年
西藏,Tibet,2020,interpolated,1871.5249999999999,33.375,55.075,,,线性插值（基于相邻实际年份数据）
西藏,Tibet,2021,interpolated,2045.25,35.25,55.45,,,线性插值（基于相邻实际年份数据）
西藏,Tibet,2022,interpolated,2218.975,37.125,55.825,,,线性插值（基于相邻实际年份数据）
西藏,Tibet,2023,actual,2392.7,39.0,56.2,,,中国统计年鉴2024年及各省统计公报
陕西,Shaanxi,2005,actual,3674.8,37.2,36.1,2149.8,0.5850114291934255,中国统计年鉴2006年
陕西,Shaanxi,2006,interpolated,4964.54,38.92,36.02,3369.92,0.6310041549613982,线性插值（基于相邻实际年份数据）
陕西,Shaanxi,2007,interpolated,6254.280000000001,40.64,35.940000000000005,4590.04,0.6769968807293708,线性插值（基于相邻实际年份数据）
陕西,Shaanxi,2008,interpolated,7544.02,42.36,35.86,5810.16,0.7229896064973436,线性插值（基于相邻实际年份数据）
陕西,Shaanxi,2009,interpolated,8833.76,44.08,35.78,7030.28,0.7689823322653162,线性插值（基于相邻实际年份数据）
陕西,Shaanxi,2010,actual,10123.5,45.8,35.7,8250.4,0.8149750580332888,中国统计年鉴2011年
陕西,Shaanxi,2011,interpolated,11733.18,47.419999999999995,37.0,10393.98,0.8607452278330883,线性插值（基于相邻实际年份数据）
陕西,Shaanxi,2012,interpolated,13342.86,49.04,38.300000000000004,12537.56,0.9065153976328877,线性插值（基于相邻实际年份数据）
陕西,Shaanxi,2013,interpolated,14952.54,50.66,39.6,14681.14,0.9522855674326871,线性插值（基于相邻实际年份数据）
陕西,Shaanxi,2014,interpolated,16562.22,52.28,40.900000000000006,16824.72,0.9980557372324865,线性插值（基于相邻实际年份数据）
陕西,Shaanxi,2015,actual,18171.9,53.9,42.2,18968.3,1.043825907032286,中国统计年鉴2016年
陕西,Shaanxi,2016,interpolated,20077.225000000002,55.275,43.575,20277.175,1.0174642071921618,线性插值（基于相邻实际年份数据）
陕西,Shaanxi,2017,interpolated,21982.550000000003,56.65,44.95,21586.05,0.9911025073520376,线性插值（基于相邻实际年份数据）
陕西,Shaanxi,2018,interpolated,23887.875,58.025,46.325,22894.925,0.9647408075119136,线性插值（基于相邻实际年份数据）
陕西,Shaanxi,2019,actual,25793.2,59.4,47.7,24203.8,0.9383791076717894,中国统计年鉴2020年
陕西,Shaanxi,2020,interpolated,27791.425,60.725,48.150000000000006,,,线性插值（基于相邻实际年份数据）
陕西,Shaanxi,2021,interpolated,29789.65,62.05,48.6,,,线性插值（基于相邻实际年份数据）
陕西,Shaanxi,2022,interpolated,31787.875,63.375,49.05,,,线性插值（基于相邻实际年份数据）
陕西,Shaanxi,2023,actual,33786.1,64.7,49.5,,,中国统计年鉴2024年及各省统计公报
甘肃,Gansu,2005,actual,1934.0,30.0,42.8,1040.4,0.537952430196484,中国统计年鉴2006年
甘肃,Gansu,2006,interpolated,2371.36,31.22,42.48,1498.0,0.5919033924196605,线性插值（基于相邻实际年份数据）
甘肃,Gansu,2007,interpolated,2808.7200000000003,32.44,42.16,1955.6000000000001,0.645854354642837,线性插值（基于相邻实际年份数据）
甘肃,Gansu,2008,interpolated,3246.08,33.660000000000004,41.84,2413.2000000000003,0.6998053168660134,线性插值（基于相邻实际年份数据）
甘肃,Gansu,2009,interpolated,3683.44,34.88,41.52,2870.8,0.75375627908919,线性插值（基于相邻实际年份数据）
甘肃,Gansu,2010,actual,4120.8,36.1,41.2,3328.4,0.8077072413123665,中国统计年鉴2011年
甘肃,Gansu,2011,interpolated,4654.7,37.52,42.980000000000004,4157.76,0.8663386867364755,线性插值（基于相邻实际年份数据）
甘肃,Gansu,2012,interpolated,5188.6,38.940000000000005,44.760000000000005,4987.12,0.9249701321605845,线性插值（基于相邻实际年份数据）
甘肃,Gansu,2013,interpolated,5722.5,40.36,46.54,5816.48,0.9836015775846936,线性插值（基于相邻实际年份数据）
甘肃,Gansu,2014,interpolated,6256.4,41.78,48.32,6645.84,1.0422330230088026,线性插值（基于相邻实际年份数据）
甘肃,Gansu,2015,actual,6790.3,43.2,50.1,7475.2,1.1008644684329116,中国统计年鉴2016年
甘肃,Gansu,2016,interpolated,7272.3,44.525000000000006,51.825,7440.025,1.0359674502315808,线性插值（基于相邻实际年份数据）
甘肃,Gansu,2017,interpolated,7754.299999999999,45.85,53.55,7404.85,0.9710704320302499,线性插值（基于相邻实际年份数据）
甘肃,Gansu,2018,interpolated,8236.3,47.175,55.275,7369.675,0.9061734138289189,线性插值（基于相邻实际年份数据）
甘肃,Gansu,2019,actual,8718.3,48.5,57.0,7334.5,0.841276395627588,中国统计年鉴2020年
甘肃,Gansu,2020,interpolated,9504.675,50.225,57.15,,,线性插值（基于相邻实际年份数据）
甘肃,Gansu,2021,interpolated,10291.05,51.95,57.3,,,线性插值（基于相邻实际年份数据）
甘肃,Gansu,2022,interpolated,11077.425,53.675,57.45,,,线性插值（基于相邻实际年份数据）
甘肃,Gansu,2023,actual,11863.8,55.4,57.6,,,中国统计年鉴2024年及各省统计公报
青海,Qinghai,2005,actual,543.3,39.3,36.1,344.3,0.6337198601141175,中国统计年鉴2006年
青海,Qinghai,2006,interpolated,704.72,40.379999999999995,35.6,508.34000000000003,0.6794433051529054,线性插值（基于相邻实际年份数据）
青海,Qinghai,2007,interpolated,866.14,41.46,35.1,672.3800000000001,0.7251667501916933,线性插值（基于相邻实际年份数据）
青海,Qinghai,2008,interpolated,1027.56,42.54,34.6,836.4200000000001,0.7708901952304811,线性插值（基于相邻实际年份数据）
青海,Qinghai,2009,interpolated,1188.98,43.620000000000005,34.1,1000.46,0.816613640269269,线性插值（基于相邻实际年份数据）
青海,Qinghai,2010,actual,1350.4,44.7,33.6,1164.5,0.8623370853080569,中国统计年鉴2011年
青海,Qinghai,2011,interpolated,1563.74,45.82,34.76,1531.74,0.9381589405148663,线性插值（基于相邻实际年份数据）
青海,Qinghai,2012,interpolated,1777.08,46.94,35.92,1898.98,1.0139807957216758,线性插值（基于相邻实际年份数据）
青海,Qinghai,2013,interpolated,1990.42,48.06,37.08,2266.22,1.0898026509284853,线性插值（基于相邻实际年份数据）
青海,Qinghai,2014,interpolated,2203.76,49.18,38.24,2633.46,1.1656245061352946,线性插值（基于相邻实际年份数据）
青海,Qinghai,2015,actual,2417.1,50.3,39.4,3000.7,1.241446361342104,中国统计年鉴2016年
青海,Qinghai,2016,interpolated,2548.1,51.599999999999994,41.425,3145.7,1.2354521845593305,线性插值（基于相邻实际年份数据）
青海,Qinghai,2017,interpolated,2679.1,52.9,43.45,3290.7,1.229458007776557,线性插值（基于相邻实际年份数据）
青海,Qinghai,2018,interpolated,2810.1,54.2,45.475,3435.7,1.223463830993783,线性插值（基于相邻实际年份数据）
青海,Qinghai,2019,actual,2941.1,55.5,47.5,3580.7,1.2174696542110095,中国统计年鉴2020年
青海,Qinghai,2020,interpolated,3155.6,57.275,48.15,,,线性插值（基于相邻实际年份数据）
青海,Qinghai,2021,interpolated,3370.1,59.05,48.8,,,线性插值（基于相邻实际年份数据）
青海,Qinghai,2022,interpolated,3584.6,60.825,49.45,,,线性插值（基于相邻实际年份数据）
青海,Qinghai,2023,actual,3799.1,62.6,50.1,,,中国统计年鉴2024年及各省统计公报
宁夏,Ningxia,2005,actual,606.3,43.0,38.4,445.5,0.7347847600197922,中国统计年鉴2006年
宁夏,Ningxia,2006,interpolated,822.98,43.98,38.36,624.64,0.746577881993463,线性插值（基于相邻实际年份数据）
宁夏,Ningxia,2007,interpolated,1039.6599999999999,44.96,38.32,803.78,0.7583710039671336,线性插值（基于相邻实际年份数据）
宁夏,Ningxia,2008,interpolated,1256.34,45.94,38.28,982.9200000000001,0.7701641259408044,线性插值（基于相邻实际年份数据）
宁夏,Ningxia,2009,interpolated,1473.02,46.92,38.24,1162.06,0.7819572479144751,线性插值（基于相邻实际年份数据）
宁夏,Ningxia,2010,actual,1689.7,47.9,38.2,1341.2,0.7937503698881458,中国统计年鉴2011年
宁夏,Ningxia,2011,interpolated,1934.1200000000001,49.36,39.56,1696.56,0.8491633565602865,线性插值（基于相邻实际年份数据）
宁夏,Ningxia,2012,interpolated,2178.54,50.82,40.92,2051.92,0.9045763432324273,线性插值（基于相邻实际年份数据）
宁夏,Ningxia,2013,interpolated,2422.96,52.28,42.28,2407.28,0.959989329904568,线性插值（基于相邻实际年份数据）
宁夏,Ningxia,2014,interpolated,2667.38,53.74,43.64,2762.6400000000003,1.0154023165767088,线性插值（基于相邻实际年份数据）
宁夏,Ningxia,2015,actual,2911.8,55.2,45.0,3118.0,1.0708153032488494,中国统计年鉴2016年
宁夏,Ningxia,2016,interpolated,3120.9750000000004,56.375,46.325,3174.925,1.0262473984717178,线性插值（基于相邻实际年份数据）
宁夏,Ningxia,2017,interpolated,3330.15,57.55,47.65,3231.85,0.9816794936945861,线性插值（基于相邻实际年份数据）
宁夏,Ningxia,2018,interpolated,3539.325,58.725,48.974999999999994,3288.7749999999996,0.9371115889174544,线性插值（基于相邻实际年份数据）
宁夏,Ningxia,2019,actual,3748.5,59.9,50.3,3345.7,0.8925436841403227,中国统计年鉴2020年
宁夏,Ningxia,2020,interpolated,4140.125,61.675,50.675,,,线性插值（基于相邻实际年份数据）
宁夏,Ningxia,2021,interpolated,4531.75,63.45,51.05,,,线性插值（基于相邻实际年份数据）
宁夏,Ningxia,2022,interpolated,4923.375,65.225,51.425,,,线性插值（基于相邻实际年份数据）
宁夏,Ningxia,2023,actual,5315.0,67.0,51.8,,,中国统计年鉴2024年及各省统计公报
新疆,Xinjiang,2005,actual,2604.2,37.1,33.7,1250.4,0.4801474541125874,中国统计年鉴2006年
新疆,Xinjiang,2006,interpolated,3170.8599999999997,38.38,33.580000000000005,1729.14,0.5181538253590354,线性插值（基于相邻实际年份数据）
新疆,Xinjiang,2007,interpolated,3737.52,39.660000000000004,33.46,2207.88,0.5561601966054834,线性插值（基于相邻实际年份数据）
新疆,Xinjiang,2008,interpolated,4304.18,40.94,33.34,2686.62,0.5941665678519316,线性插值（基于相邻实际年份数据）
新疆,Xinjiang,2009,interpolated,4870.84,42.22,33.22,3165.3599999999997,0.6321729390983796,线性插值（基于相邻实际年份数据）
新疆,Xinjiang,2010,actual,5437.5,43.5,33.1,3644.1,0.6701793103448276,中国统计年鉴2011年
新疆,Xinjiang,2011,interpolated,6214.96,44.24,34.9,4746.88,0.7325658916526637,线性插值（基于相邻实际年份数据）
新疆,Xinjiang,2012,interpolated,6992.42,44.980000000000004,36.7,5849.66,0.7949524729604999,线性插值（基于相邻实际年份数据）
新疆,Xinjiang,2013,interpolated,7769.879999999999,45.72,38.5,6952.44,0.857339054268336,线性插值（基于相邻实际年份数据）
新疆,Xinjiang,2014,interpolated,8547.34,46.46,40.300000000000004,8055.219999999999,0.9197256355761722,线性插值（基于相邻实际年份数据）
新疆,Xinjiang,2015,actual,9324.8,47.2,42.1,9158.0,0.9821122168840083,中国统计年鉴2016年
新疆,Xinjiang,2016,interpolated,10392.875,48.45,43.925,9216.95,0.9093011390770945,线性插值（基于相邻实际年份数据）
新疆,Xinjiang,2017,interpolated,11460.95,49.7,45.75,9275.9,0.8364900612701807,线性插值（基于相邻实际年份数据）
新疆,Xinjiang,2018,interpolated,12529.025,50.95,47.575,9334.849999999999,0.7636789834632669,线性插值（基于相邻实际年份数据）
新疆,Xinjiang,2019,actual,13597.1,52.2,49.4,9393.8,0.6908679056563531,中国统计年鉴2020年
新疆,Xinjiang,2020,interpolated,14979.175000000001,53.75,49.225,,,线性插值（基于相邻实际年份数据）
新疆,Xinjiang,2021,interpolated,16361.25,55.3,49.05,,,线性插值（基于相邻实际年份数据）
新疆,Xinjiang,2022,interpolated,17743.325,56.85,48.875,,,线性插值（基于相邻实际年份数据）
新疆,Xinjiang,2023,actual,19125.4,58.4,48.7,,,中国统计年鉴2024年及各省统计公报
