geo,gdp_value,population,country_code,country,nuts_level,gdp_per_capita
AL011,594.12,106380.0,AL,Albania,5,5584.884376762549
AL012,2242.87,289797.0,AL,Albania,5,7739.45209922808
AL013,311.95,71498.0,AL,Albania,5,4363.059106548435
AL014,644.05,114181.0,AL,Albania,5,5640.605704977185
AL015,1094.9,189164.0,AL,Albania,5,5788.099215495549
AL021,1390.26,252719.0,AL,Albania,5,5501.208852519992
AL022,9530.51,925268.0,AL,Albania,5,10300.26975968044
AL031,779.84,111431.0,AL,Albania,5,6998.4115730811
AL032,2296.89,271672.0,AL,Albania,5,8454.643835213052
AL033,471.28,53314.0,AL,Albania,5,8839.704392842405
AL034,1054.99,192925.0,AL,Albania,5,5468.394453803291
AL035,1318.81,183436.0,AL,Albania,5,7189.482980440044
AT111,1220.08,37743.0,AT,Austria,5,32325.994224094535
AT112,6823.32,165099.0,AT,Austria,5,41328.65735104392
AT113,3257.62,98408.0,AT,Austria,5,33103.2029916267
AT121,10169.92,250280.0,AT,Austria,5,40634.16972990251
AT122,10049.81,266608.0,AT,Austria,5,37695.08041769189
AT123,8438.23,160474.0,AT,Austria,5,52583.159888829345
AT124,8583.93,216454.0,AT,Austria,5,39657.06339453186
AT125,4088.43,127564.0,AT,Austria,5,32050.029788968674
AT126,12730.2,342995.0,AT,Austria,5,37114.82674674558
AT127,20385.45,353998.0,AT,Austria,5,57586.34229571919
AT130,119962.6,1982097.0,AT,Austria,5,60523.0722815281
AT211,16746.34,296535.0,AT,Austria,5,56473.40111622574
AT212,5003.77,124016.0,AT,Austria,5,40347.77770610244
AT213,6528.59,148433.0,AT,Austria,5,43983.41339190072
AT221,27719.27,460887.0,AT,Austria,5,60143.310616268194
AT222,3689.15,79831.0,AT,Austria,5,46211.99784544851
AT223,7564.05,158478.0,AT,Austria,5,47729.33782607049
AT224,10433.51,267680.0,AT,Austria,5,38977.5478182905
AT225,7669.71,199351.0,AT,Austria,5,38473.39617057351
AT226,4093.99,98971.0,AT,Austria,5,41365.55152519425
AT311,13886.88,296756.0,AT,Austria,5,46795.616600843794
AT312,40651.89,609580.0,AT,Austria,5,66688.35919813642
AT313,7703.07,213934.0,AT,Austria,5,36006.759093926164
AT314,8058.97,158099.0,AT,Austria,5,50974.1997103081
AT315,10990.72,244456.0,AT,Austria,5,44959.910986026116
AT321,922.01,20437.0,AT,Austria,5,45114.742868327055
AT322,9770.64,172190.0,AT,Austria,5,56743.364887624135
AT323,25463.73,375719.0,AT,Austria,5,67773.33592392187
AT331,1931.88,33607.0,AT,Austria,5,57484.452643794444
AT332,17693.93,316099.0,AT,Austria,5,55975.9126096571
AT333,2115.4,48854.0,AT,Austria,5,43300.4462275351
AT334,6002.52,107373.0,AT,Austria,5,55903.43941214272
AT335,14970.16,265371.0,AT,Austria,5,56412.19274148268
AT341,6133.76,94304.0,AT,Austria,5,65042.41601628775
AT342,16220.27,312091.0,AT,Austria,5,51972.88611334514
BE100,103568.87,1253178.0,BE,Belgium,5,82644.97940436236
BE211,66805.11,1081771.0,BE,Belgium,5,61755.31605117904
BE212,21189.26,357030.0,BE,Belgium,5,59348.68218357001
BE213,28246.38,477120.0,BE,Belgium,5,59201.83601609658
BE223,6278.75,209283.0,BE,Belgium,5,30001.242336931333
BE224,21560.76,430313.0,BE,Belgium,5,50104.830669768286
BE225,9424.59,259023.0,BE,Belgium,5,36385.147264914696
BE231,10376.89,302438.0,BE,Belgium,5,34310.800891422376
BE232,7517.13,206414.0,BE,Belgium,5,36417.73329328437
BE233,3120.98,88926.0,BE,Belgium,5,35096.372264579535
BE234,36901.89,575067.0,BE,Belgium,5,64169.722832296065
BE235,4889.54,127476.0,BE,Belgium,5,38356.553390442125
BE236,12785.69,263025.0,BE,Belgium,5,48610.17013591864
BE241,40760.35,664977.0,BE,Belgium,5,61295.87940635541
BE242,25694.37,523102.0,BE,Belgium,5,49119.234871975255
BE251,15199.91,286273.0,BE,Belgium,5,53095.856053487405
BE252,1929.56,52481.0,BE,Belgium,5,36766.829900344885
BE253,5297.84,108132.0,BE,Belgium,5,48994.19228350535
BE254,16727.47,299959.0,BE,Belgium,5,55765.85466680447
BE255,6974.69,159568.0,BE,Belgium,5,43709.82903840369
BE256,8472.74,158224.0,BE,Belgium,5,53549.01911214481
BE257,5413.98,95314.0,BE,Belgium,5,56801.5191892062
BE258,2866.61,62053.0,BE,Belgium,5,46196.154899843685
BE310,28280.52,413959.0,BE,Belgium,5,68317.20049570127
BE323,8303.23,260958.0,BE,Belgium,5,31818.261942534813
BE328,9021.6,226990.0,BE,Belgium,5,39744.4821357769
BE329,3352.15,142599.0,BE,Belgium,5,23507.52810328263
BE32A,3837.46,130236.0,BE,Belgium,5,29465.431985011826
BE32B,12705.47,399827.0,BE,Belgium,5,31777.418733602284
BE32C,3277.56,107691.0,BE,Belgium,5,30434.85528038555
BE32D,2182.72,92725.0,BE,Belgium,5,23539.714208681584
BE331,4490.74,115896.0,BE,Belgium,5,38748.01546213847
BE332,25450.93,630743.0,BE,Belgium,5,40350.7133650314
BE334,2147.25,83938.0,BE,Belgium,5,25581.381495865997
BE335,7198.89,211971.0,BE,Belgium,5,33961.674002575826
BE336,2844.28,79812.0,BE,Belgium,5,35637.2475316995
BE341,2027.46,65917.0,BE,Belgium,5,30757.771136429146
BE342,1502.14,51653.0,BE,Belgium,5,29081.369910750585
BE343,2237.97,58725.0,BE,Belgium,5,38109.32311621967
BE344,2386.04,66150.0,BE,Belgium,5,36070.14361300076
BE345,1295.29,55209.0,BE,Belgium,5,23461.573294209276
BE351,3212.69,114458.0,BE,Belgium,5,28068.723898722674
BE352,12789.89,324117.0,BE,Belgium,5,39460.719431563295
BE353,1641.38,68075.0,BE,Belgium,5,24111.347778185824
BG311,556.99,72754.0,BG,Bulgaria,5,7655.798993869753
BG312,892.4,116172.0,BG,Bulgaria,5,7681.713321626554
BG313,2055.67,148874.0,BG,Bulgaria,5,13808.119617931943
BG314,1983.83,220346.0,BG,Bulgaria,5,9003.249434979532
BG315,1039.71,113356.0,BG,Bulgaria,5,9172.077349236035
BG321,2097.15,204033.0,BG,Bulgaria,5,10278.484362823661
BG322,1185.6,95957.0,BG,Bulgaria,5,12355.534249716018
BG323,2092.35,189623.0,BG,Bulgaria,5,11034.262721294357
BG324,881.47,101107.0,BG,Bulgaria,5,8718.189640677698
BG325,638.34,95614.0,BG,Bulgaria,5,6676.218963750079
BG331,5960.51,430847.0,BG,Bulgaria,5,13834.400610889712
BG332,1283.03,147208.0,BG,Bulgaria,5,8715.762730286397
BG333,1311.11,149628.0,BG,Bulgaria,5,8762.46424466009
BG334,922.21,96201.0,BG,Bulgaria,5,9586.282886872277
BG341,4325.7,378596.0,BG,Bulgaria,5,11425.63577005568
BG342,1175.29,170583.0,BG,Bulgaria,5,6889.842481372704
BG343,976.26,107379.0,BG,Bulgaria,5,9091.721845053502
BG344,5429.62,291852.0,BG,Bulgaria,5,18604.018475117526
BG411,40384.34,1280334.0,BG,Bulgaria,5,31542.035125209517
BG412,2815.59,227610.0,BG,Bulgaria,5,12370.238565968104
BG413,2419.66,288161.0,BG,Bulgaria,5,8396.90312013076
BG414,889.16,111746.0,BG,Bulgaria,5,7956.973851413026
BG415,831.62,108703.0,BG,Bulgaria,5,7650.3868338500315
BG421,7184.79,631516.0,BG,Bulgaria,5,11377.051412790808
BG422,1379.33,207439.0,BG,Bulgaria,5,6649.328236252585
BG423,1853.78,226209.0,BG,Bulgaria,5,8194.987820997396
BG424,806.97,93354.0,BG,Bulgaria,5,8644.19307153416
BG425,1152.62,142508.0,BG,Bulgaria,5,8088.107334325091
CY000,32439.16,949084.0,CY,Cyprus,5,34179.440386730785
CZ010,87220.1,1357326.0,CZ,Czechia,5,64258.77055327902
CZ020,38350.64,1439391.0,CZ,Czechia,5,26643.656935467847
CZ031,15893.29,652303.0,CZ,Czechia,5,24364.88870969473
CZ032,15251.14,605388.0,CZ,Czechia,5,25192.339458330855
CZ041,5287.95,293595.0,CZ,Czechia,5,18011.035610279465
CZ042,16834.35,812337.0,CZ,Czechia,5,20723.3574243202
CZ051,9694.85,449177.0,CZ,Czechia,5,21583.58509006472
CZ052,14214.43,555267.0,CZ,Czechia,5,25599.27026097355
CZ053,12733.8,528761.0,CZ,Czechia,5,24082.33587575483
CZ063,12903.95,514777.0,CZ,Czechia,5,25067.067875992907
CZ064,34959.37,1217200.0,CZ,Czechia,5,28721.138678935262
CZ071,14591.25,631802.0,CZ,Czechia,5,23094.656237238883
CZ072,14209.9,580531.0,CZ,Czechia,5,24477.418087922953
CZ080,26954.08,1189674.0,CZ,Czechia,5,22656.69418681084
DE111,72331.04,612041.0,DE,Germany,5,118180.05656483797
DE112,34135.15,391368.0,DE,Germany,5,87220.08442182293
DE113,28345.16,533434.0,DE,Germany,5,53137.14536381258
DE114,9720.77,257269.0,DE,Germany,5,37784.45906813491
DE115,31768.29,532109.0,DE,Germany,5,59702.59852774526
DE116,17781.93,438079.0,DE,Germany,5,40590.69254632155
DE117,8787.23,129931.0,DE,Germany,5,67629.97283173377
DE118,27286.38,351402.0,DE,Germany,5,77650.04183243123
DE119,7523.72,114553.0,DE,Germany,5,65678.94337119063
DE11A,11354.33,198650.0,DE,Germany,5,57157.46287440221
DE11B,6602.66,132793.0,DE,Germany,5,49721.44616056569
DE11C,5946.11,134766.0,DE,Germany,5,44121.736936616064
DE11D,17879.26,316343.0,DE,Germany,5,56518.58899991465
DE121,3973.27,56094.0,DE,Germany,5,70832.35283631049
DE122,25609.35,306630.0,DE,Germany,5,83518.73593581842
DE123,19511.4,453378.0,DE,Germany,5,43035.6126675754
DE124,11729.85,230698.0,DE,Germany,5,50845.04417030056
DE125,10967.98,154570.0,DE,Germany,5,70958.0125509478
DE126,25323.39,314961.0,DE,Germany,5,80401.66877803918
DE127,5391.59,145039.0,DE,Germany,5,37173.380952709274
DE128,25714.56,556316.0,DE,Germany,5,46222.93804240755
DE129,6508.4,133896.0,DE,Germany,5,48607.87476847703
DE12A,5735.79,160139.0,DE,Germany,5,35817.5709852066
DE12B,7555.58,198950.0,DE,Germany,5,37977.28072379995
DE12C,5647.66,121450.0,DE,Germany,5,46501.934952655414
DE131,14845.12,235003.0,DE,Germany,5,63169.91697978324
DE132,9578.67,269631.0,DE,Germany,5,35525.10653448602
DE133,6809.47,168004.0,DE,Germany,5,40531.59448584558
DE134,21143.21,440768.0,DE,Germany,5,47969.02225206912
DE135,7329.94,139968.0,DE,Germany,5,52368.68427069044
DE136,10000.06,212293.0,DE,Germany,5,47104.99168601885
DE137,8527.66,143677.0,DE,Germany,5,59352.99317218483
DE138,12419.36,289613.0,DE,Germany,5,42882.60540790641
DE139,9147.97,235252.0,DE,Germany,5,38885.83306411848
DE13A,6345.05,170765.0,DE,Germany,5,37156.618745059
DE141,14643.57,291335.0,DE,Germany,5,50263.68270204404
DE142,9995.46,230987.0,DE,Germany,5,43272.824877590516
DE143,8190.13,192726.0,DE,Germany,5,42496.23818270498
DE144,12947.06,127932.0,DE,Germany,5,101202.67016852702
DE145,7868.8,200294.0,DE,Germany,5,39286.24921365592
DE146,13001.03,205073.0,DE,Germany,5,63397.08298995967
DE147,13478.91,219641.0,DE,Germany,5,61367.91400512655
DE148,15172.25,287393.0,DE,Germany,5,52792.69154085172
DE149,6006.21,132507.0,DE,Germany,5,45327.49213249111
DE211,22803.15,138263.0,DE,Germany,5,164925.90208515656
DE212,150229.49,1490516.0,DE,Germany,5,100790.25652861157
DE213,3946.23,63641.0,DE,Germany,5,62007.66801275907
DE214,6910.52,112296.0,DE,Germany,5,61538.43413834865
DE215,4558.11,104372.0,DE,Germany,5,43671.77020656881
DE216,4711.82,129062.0,DE,Germany,5,36508.18986223675
DE217,5724.63,151041.0,DE,Germany,5,37901.165908594354
DE218,6227.03,142205.0,DE,Germany,5,43789.107274709044
DE219,5981.03,134201.0,DE,Germany,5,44567.70068777431
DE21A,5486.83,138647.0,DE,Germany,5,39574.09824951135
DE21B,11140.19,181568.0,DE,Germany,5,61355.47012689461
DE21C,7536.09,215511.0,DE,Germany,5,34968.47028689951
DE21D,3570.93,89224.0,DE,Germany,5,40022.07926118533
DE21E,5438.12,119654.0,DE,Germany,5,45448.71044845972
DE21F,4863.23,96557.0,DE,Germany,5,50366.41569228539
DE21G,5123.69,120317.0,DE,Germany,5,42584.921499040036
DE21H,52413.25,350047.0,DE,Germany,5,149732.03598373933
DE21I,4303.57,97792.0,DE,Germany,5,44007.38301701571
DE21J,7013.54,128537.0,DE,Germany,5,54564.36668041109
DE21K,10833.1,255306.0,DE,Germany,5,42431.826905752314
DE21L,7516.28,138488.0,DE,Germany,5,54273.872104442264
DE21M,9374.05,170984.0,DE,Germany,5,54824.1355916343
DE21N,6780.35,136811.0,DE,Germany,5,49559.97690244205
DE221,5007.2,68743.0,DE,Germany,5,72839.4163769402
DE222,4230.22,52361.0,DE,Germany,5,80789.51891675103
DE223,3230.11,46953.0,DE,Germany,5,68794.53922007114
DE224,6377.24,120091.0,DE,Germany,5,53103.39659091855
DE225,3169.9,78155.0,DE,Germany,5,40559.14528820933
DE226,5200.32,124673.0,DE,Germany,5,41711.67774899136
DE227,7643.93,160256.0,DE,Germany,5,47698.24530750799
DE228,7503.47,193080.0,DE,Germany,5,38861.974311166356
DE229,3254.86,77503.0,DE,Germany,5,41996.567874791945
DE22A,5376.26,119864.0,DE,Germany,5,44853.00006674231
DE22B,3756.6,102914.0,DE,Germany,5,36502.32232738014
DE22C,7538.83,99509.0,DE,Germany,5,75760.28298947834
DE231,3323.28,42080.0,DE,Germany,5,78975.28517110266
DE232,16298.8,147509.0,DE,Germany,5,110493.59700086096
DE233,2921.6,42251.0,DE,Germany,5,69148.65920333247
DE234,3623.59,103621.0,DE,Germany,5,34969.64900937069
DE235,6366.07,127452.0,DE,Germany,5,49948.765025264416
DE236,6563.14,136901.0,DE,Germany,5,47940.774720418405
DE237,3999.21,95742.0,DE,Germany,5,41770.69624616156
DE238,6502.6,191651.0,DE,Germany,5,33929.38205383744
DE239,6923.33,147982.0,DE,Germany,5,46784.946817856224
DE23A,3789.89,72561.0,DE,Germany,5,52230.39925028597
DE241,5849.32,74405.0,DE,Germany,5,78614.60923325045
DE242,5769.51,72661.0,DE,Germany,5,79403.11859181679
DE243,4991.33,40618.0,DE,Germany,5,122884.68166822591
DE244,2440.21,46151.0,DE,Germany,5,52874.477259431
DE245,4651.06,147269.0,DE,Germany,5,31582.070904263626
DE246,2973.05,103106.0,DE,Germany,5,28834.888367311312
DE247,2882.29,84341.0,DE,Germany,5,34174.245029108024
DE248,4640.77,115457.0,DE,Germany,5,40194.79113436171
DE249,4229.45,92905.0,DE,Germany,5,45524.460470372964
DE24A,2731.32,65087.0,DE,Germany,5,41964.140304515495
DE24B,3296.68,71439.0,DE,Germany,5,46146.78256974482
DE24C,2777.3,67466.0,DE,Germany,5,41165.92061186375
DE24D,3295.8,70963.0,DE,Germany,5,46443.921480207995
DE251,3088.66,39596.0,DE,Germany,5,78004.3438731185
DE252,13609.85,113911.0,DE,Germany,5,119477.9257490497
DE253,6212.91,131060.0,DE,Germany,5,47405.08164199603
DE254,38630.2,523734.0,DE,Germany,5,73759.1983716925
DE255,1847.26,40812.0,DE,Germany,5,45262.667842791336
DE256,7075.18,186359.0,DE,Germany,5,37965.32499101197
DE257,6158.83,137981.0,DE,Germany,5,44635.348345062004
DE258,3225.08,117602.0,DE,Germany,5,27423.683270692676
DE259,6692.11,168856.0,DE,Germany,5,39632.05334723078
DE25A,3901.67,100568.0,DE,Germany,5,38796.3368069366
DE25B,4996.8,127472.0,DE,Germany,5,39199.19668633112
DE25C,3742.15,94468.0,DE,Germany,5,39612.88478638269
DE261,6160.69,72054.0,DE,Germany,5,85501.01312904211
DE262,6177.88,53539.0,DE,Germany,5,115390.27624722166
DE263,10079.43,131271.0,DE,Germany,5,76783.3718033686
DE264,7703.49,170651.0,DE,Germany,5,45141.780593140385
DE265,4256.27,103088.0,DE,Germany,5,41287.73475089244
DE266,4066.98,79216.0,DE,Germany,5,51340.38578065037
DE267,3305.44,83258.0,DE,Germany,5,39701.16985755123
DE268,4408.12,90576.0,DE,Germany,5,48667.63822646176
DE269,5698.57,126649.0,DE,Germany,5,44994.986142804126
DE26A,5843.74,125270.0,DE,Germany,5,46649.15781911072
DE26B,3232.52,114749.0,DE,Germany,5,28170.35442574663
DE26C,5729.66,160240.0,DE,Germany,5,35756.739890164754
DE271,16693.92,296706.0,DE,Germany,5,56264.18070413136
DE272,2059.55,45459.0,DE,Germany,5,45305.66004531556
DE273,4419.51,65229.0,DE,Germany,5,67753.75983075013
DE274,3182.82,43696.0,DE,Germany,5,72840.0768949103
DE275,4817.8,135133.0,DE,Germany,5,35652.283306076235
DE276,9646.0,259302.0,DE,Germany,5,37199.8673361563
DE277,4271.93,97430.0,DE,Germany,5,43846.14595093914
DE278,6629.05,128361.0,DE,Germany,5,51643.80146617742
DE279,7785.6,180320.0,DE,Germany,5,43176.57497781721
DE27A,3890.39,81874.0,DE,Germany,5,47516.79409824853
DE27B,6697.03,140153.0,DE,Germany,5,47783.70780504163
DE27C,7301.91,143384.0,DE,Germany,5,50925.556547452994
DE27D,7982.88,133770.0,DE,Germany,5,59676.160574119756
DE27E,6558.65,152664.0,DE,Germany,5,42961.339936068754
DE300,199564.58,3632853.0,DE,Germany,5,54933.29347485296
DE401,2951.7,73612.0,DE,Germany,5,40098.081834483506
DE402,4430.24,94250.0,DE,Germany,5,47005.19893899204
DE403,2629.5,56434.0,DE,Germany,5,46594.251692242266
DE404,9550.42,182987.0,DE,Germany,5,52191.79504554968
DE405,5224.85,191525.0,DE,Germany,5,27280.250620023497
DE406,8462.62,176373.0,DE,Germany,5,47981.38037001129
DE407,3261.1,99684.0,DE,Germany,5,32714.37743268729
DE408,4344.41,168494.0,DE,Germany,5,25783.766781012975
DE409,5423.56,196930.0,DE,Germany,5,27540.547402630375
DE40A,6777.06,216849.0,DE,Germany,5,31252.438332664664
DE40B,3822.18,109091.0,DE,Germany,5,35036.620802815996
DE40C,7475.44,179748.0,DE,Germany,5,41588.44604668758
DE40D,3321.97,99294.0,DE,Germany,5,33455.898644429675
DE40E,7256.7,219092.0,DE,Germany,5,33121.702298577766
DE40F,2744.35,76322.0,DE,Germany,5,35957.52207751369
DE40G,5690.36,111083.0,DE,Germany,5,51226.20022865785
DE40H,7646.78,175569.0,DE,Germany,5,43554.27210954098
DE40I,4571.58,117822.0,DE,Germany,5,38800.73330956867
DE501,35482.31,576947.0,DE,Germany,5,61500.120461671526
DE502,5079.02,118811.0,DE,Germany,5,42748.735386454115
DE600,155055.06,1832675.0,DE,Germany,5,84605.86847095093
DE711,15417.26,162329.0,DE,Germany,5,94975.38948678301
DE712,90525.28,747389.0,DE,Germany,5,121122.03952693978
DE713,6643.28,130542.0,DE,Germany,5,50889.981768319776
DE714,21087.15,284787.0,DE,Germany,5,74045.3391482055
DE715,9761.61,273288.0,DE,Germany,5,35719.13146570651
DE716,10140.63,300928.0,DE,Germany,5,33697.861282433005
DE717,14911.03,266326.0,DE,Germany,5,55987.8870256753
DE718,17429.85,238534.0,DE,Germany,5,73070.71528587119
DE719,16838.76,415753.0,DE,Germany,5,40501.83642691694
DE71A,17330.0,237671.0,DE,Germany,5,72915.92158908743
DE71B,3041.15,94619.0,DE,Germany,5,32141.00762003403
DE71C,17187.67,353948.0,DE,Germany,5,48559.87320171324
DE71D,5485.52,185684.0,DE,Germany,5,29542.233041080544
DE71E,11307.48,309348.0,DE,Germany,5,36552.6203498972
DE721,12187.48,266314.0,DE,Germany,5,45763.572324399014
DE722,10951.01,253208.0,DE,Germany,5,43249.067959938075
DE723,6451.03,173484.0,DE,Germany,5,37185.1582854903
DE724,11921.55,242197.0,DE,Germany,5,49222.53372254817
DE725,3599.94,101545.0,DE,Germany,5,35451.671672657445
DE731,13264.77,196575.0,DE,Germany,5,67479.43533002671
DE732,10561.04,221445.0,DE,Germany,5,47691.48095463885
DE733,5223.97,118183.0,DE,Germany,5,44202.38105311255
DE734,9053.6,230318.0,DE,Germany,5,39309.1291171337
DE735,7108.57,179406.0,DE,Germany,5,39622.81083129884
DE736,7379.97,155068.0,DE,Germany,5,47591.83068073361
DE737,3545.2,98044.0,DE,Germany,5,36159.27542735914
DE803,10339.23,203909.0,DE,Germany,5,50705.11845970507
DE804,4938.45,97614.0,DE,Germany,5,50591.61595672752
DE80J,9368.03,247735.0,DE,Germany,5,37814.72137566351
DE80K,7298.85,218132.0,DE,Germany,5,33460.70269378175
DE80L,7440.3,215983.0,DE,Germany,5,34448.544561377515
DE80M,5019.35,157108.0,DE,Germany,5,31948.404918909284
DE80N,7890.7,226324.0,DE,Germany,5,34864.618864990014
DE80O,6738.74,209244.0,DE,Germany,5,32205.17673147139
DE911,21673.09,253194.0,DE,Germany,5,85598.75036533251
DE912,5870.13,104564.0,DE,Germany,5,56139.11097509659
DE913,23817.16,127990.0,DE,Germany,5,186086.10047659973
DE914,4915.46,175361.0,DE,Germany,5,28030.519898951305
DE916,4681.39,127856.0,DE,Germany,5,36614.550744587665
DE917,2516.3,90985.0,DE,Germany,5,27656.20706709897
DE918,4446.88,126598.0,DE,Germany,5,35125.989352122466
DE91A,3637.49,136719.0,DE,Germany,5,26605.59249263087
DE91B,3112.53,118296.0,DE,Germany,5,26311.371474944208
DE91C,14242.43,328039.0,DE,Germany,5,43416.88030996315
DE922,8641.73,219641.0,DE,Germany,5,39344.79446005072
DE923,5905.38,150717.0,DE,Germany,5,39181.910467963135
DE925,9792.16,268062.0,DE,Germany,5,36529.45960262924
DE926,2800.73,66288.0,DE,Germany,5,42250.93531257543
DE927,4668.47,121295.0,DE,Germany,5,38488.56094645286
DE928,4965.16,156747.0,DE,Germany,5,31676.268126343726
DE929,65696.85,1134284.0,DE,Germany,5,57919.224814949346
DE931,6911.61,172477.0,DE,Germany,5,40072.64736747508
DE932,6362.35,198898.0,DE,Germany,5,31988.00390149725
DE933,7997.66,262954.0,DE,Germany,5,30414.67328886421
DE934,1605.42,46791.0,DE,Germany,5,34310.444316214656
DE935,6814.07,178099.0,DE,Germany,5,38260.01268957153
DE936,3116.58,113800.0,DE,Germany,5,27386.46748681898
DE937,7081.31,164657.0,DE,Germany,5,43006.431551649795
DE938,6056.57,143728.0,DE,Germany,5,42139.10998552822
DE939,7997.88,206375.0,DE,Germany,5,38754.11265899455
DE93A,3452.14,91059.0,DE,Germany,5,37911.02472023633
DE93B,5339.04,137793.0,DE,Germany,5,38746.81587598789
DE941,2322.41,81148.0,DE,Germany,5,28619.43609207867
DE942,4105.63,49563.0,DE,Germany,5,82836.59181244073
DE943,9938.42,174445.0,DE,Germany,5,56971.65295651925
DE944,10248.47,165741.0,DE,Germany,5,61834.247410115786
DE945,3708.87,75860.0,DE,Germany,5,48890.9833904561
DE946,5264.48,126390.0,DE,Germany,5,41652.662394176754
DE947,6582.08,188402.0,DE,Germany,5,34936.359486629655
DE948,8296.98,175549.0,DE,Germany,5,47263.04336680927
DE949,18083.01,331711.0,DE,Germany,5,54514.351348010765
DE94A,3340.03,100089.0,DE,Germany,5,33370.60016585239
DE94B,5995.15,143472.0,DE,Germany,5,41786.20218579235
DE94C,5895.42,169390.0,DE,Germany,5,34803.82549146939
DE94D,4622.05,131228.0,DE,Germany,5,35221.52284573414
DE94E,14278.12,356060.0,DE,Germany,5,40100.32017075774
DE94F,8611.52,145552.0,DE,Germany,5,59164.55974497087
DE94G,3844.41,89127.0,DE,Germany,5,43134.06711770844
DE94H,1983.13,55953.0,DE,Germany,5,35442.78233517416
DEA11,64081.57,614399.0,DE,Germany,5,104299.60009700537
DEA12,20262.32,501671.0,DE,Germany,5,40389.65776375354
DEA13,31287.56,572237.0,DE,Germany,5,54675.87730258617
DEA14,11076.69,230375.0,DE,Germany,5,48081.12859468258
DEA15,10956.7,267333.0,DE,Germany,5,40985.2131985202
DEA16,8007.51,172054.0,DE,Germany,5,46540.67908912318
DEA17,7477.63,213252.0,DE,Germany,5,35064.7590643933
DEA18,4899.25,113731.0,DE,Germany,5,43077.52503714906
DEA19,5554.6,165229.0,DE,Germany,5,33617.58529071773
DEA1A,14548.76,358568.0,DE,Germany,5,40574.61904018206
DEA1B,11994.69,317411.0,DE,Germany,5,37789.144043527165
DEA1C,27192.99,489246.0,DE,Germany,5,55581.42529525024
DEA1D,21447.12,455818.0,DE,Germany,5,47051.93739606597
DEA1E,10467.87,295362.0,DE,Germany,5,35440.81499989843
DEA1F,16044.37,455854.0,DE,Germany,5,35196.29091770611
DEA22,28501.5,322221.0,DE,Germany,5,88453.26654687311
DEA23,80305.27,1021253.0,DE,Germany,5,78634.06031610188
DEA24,9211.8,167174.0,DE,Germany,5,55103.06626628543
DEA26,9793.91,276675.0,DE,Germany,5,35398.608475648325
DEA27,20203.42,473669.0,DE,Germany,5,42653.03408076104
DEA28,6774.0,199228.0,DE,Germany,5,34001.2448049471
DEA29,8372.74,261239.0,DE,Germany,5,32050.115028766762
DEA2A,11712.33,273634.0,DE,Germany,5,42802.90460980726
DEA2B,9155.09,283037.0,DE,Germany,5,32345.91237188071
DEA2C,20515.33,602933.0,DE,Germany,5,34025.88679007452
DEA2D,26080.78,580359.0,DE,Germany,5,44939.046348897835
DEA31,3446.34,118327.0,DE,Germany,5,29125.55883272626
DEA32,10279.45,264644.0,DE,Germany,5,38842.55830474146
DEA33,21784.21,305222.0,DE,Germany,5,71371.69011408089
DEA34,17870.07,377154.0,DE,Germany,5,47381.36145977505
DEA35,8253.3,224745.0,DE,Germany,5,36722.95267970366
DEA36,19026.18,621933.0,DE,Germany,5,30592.009107090315
DEA37,18457.76,447192.0,DE,Germany,5,41274.79919139877
DEA38,11163.29,281090.0,DE,Germany,5,39714.29079654203
DEA41,18053.67,331385.0,DE,Germany,5,54479.442340480105
DEA42,21463.33,361931.0,DE,Germany,5,59302.27032224374
DEA43,10155.19,254949.0,DE,Germany,5,39832.24095799552
DEA44,4697.48,138943.0,DE,Germany,5,33808.684136660355
DEA45,12891.11,348275.0,DE,Germany,5,37014.169837054054
DEA46,14853.99,320648.0,DE,Germany,5,46324.91080561862
DEA47,14127.04,313921.0,DE,Germany,5,45001.89538132205
DEA51,15966.75,356209.0,DE,Germany,5,44824.10607255853
DEA52,29577.58,599370.0,DE,Germany,5,49347.78183759614
DEA53,7510.25,189957.0,DE,Germany,5,39536.57933111178
DEA54,6603.1,179479.0,DE,Germany,5,36790.37659001889
DEA55,5227.48,155603.0,DE,Germany,5,33594.98210188749
DEA56,11341.63,315325.0,DE,Germany,5,35968.064695155794
DEA57,11716.06,261006.0,DE,Germany,5,44888.08686390351
DEA58,17193.59,410629.0,DE,Germany,5,41871.34858960278
DEA59,7393.44,132519.0,DE,Germany,5,55791.54687252394
DEA5A,12639.42,274634.0,DE,Germany,5,46022.77940823059
DEA5B,13447.49,299749.0,DE,Germany,5,44862.501626360725
DEA5C,14639.73,395619.0,DE,Germany,5,37004.618079515894
DEB11,10245.41,113294.0,DE,Germany,5,90432.06171553656
DEB12,4316.82,127881.0,DE,Germany,5,33756.53928261431
DEB13,4310.58,131657.0,DE,Germany,5,32740.986047076873
DEB14,5972.49,163979.0,DE,Germany,5,36422.285780496284
DEB15,2891.6,82350.0,DE,Germany,5,35113.53976927747
DEB17,8333.99,216056.0,DE,Germany,5,38573.28655533751
DEB18,7634.08,187905.0,DE,Germany,5,40627.33828264283
DEB1A,4074.21,124860.0,DE,Germany,5,32630.22585295531
DEB1B,9020.65,207154.0,DE,Germany,5,43545.62306303523
DEB1C,2480.39,61509.0,DE,Germany,5,40325.6434017786
DEB1D,4682.04,105740.0,DE,Germany,5,44278.79704936637
DEB21,5906.04,103307.0,DE,Germany,5,57169.79488321218
DEB22,4528.11,113299.0,DE,Germany,5,39966.0191175562
DEB23,3699.13,99866.0,DE,Germany,5,37040.93485270262
DEB24,2480.28,59389.0,DE,Germany,5,41763.289498055194
DEB25,3703.4,149015.0,DE,Germany,5,24852.53162433312
DEB31,2201.43,48007.0,DE,Germany,5,45856.43760284958
DEB32,6048.03,100316.0,DE,Germany,5,60289.78428166992
DEB33,2618.34,47455.0,DE,Germany,5,55175.21862817406
DEB34,14066.71,173869.0,DE,Germany,5,80904.07145609625
DEB35,19682.63,221516.0,DE,Germany,5,88854.21369111034
DEB36,2030.1,52759.0,DE,Germany,5,38478.742963285884
DEB37,1871.57,39324.0,DE,Germany,5,47593.58152782016
DEB38,3304.78,49881.0,DE,Germany,5,66253.28281309517
DEB39,3795.36,85378.0,DE,Germany,5,44453.60631544426
DEB3A,2173.41,33264.0,DE,Germany,5,65338.20346320346
DEB3B,4171.21,129893.0,DE,Germany,5,32112.661960228805
DEB3C,3618.0,134032.0,DE,Germany,5,26993.553778202222
DEB3D,2480.28,74854.0,DE,Germany,5,33134.90261041494
DEB3E,5777.62,130935.0,DE,Germany,5,44125.86397830985
DEB3F,2893.46,105752.0,DE,Germany,5,27360.8064150087
DEB3G,1588.34,70124.0,DE,Germany,5,22650.447778221438
DEB3H,3659.28,112907.0,DE,Germany,5,32409.682304905808
DEB3I,3673.18,155061.0,DE,Germany,5,23688.612868484015
DEB3J,10276.06,205823.0,DE,Germany,5,49926.68457849706
DEB3K,1871.24,90144.0,DE,Germany,5,20758.342208022717
DEC01,17113.99,330672.0,DE,Germany,5,51755.183384138974
DEC02,3395.1,109393.0,DE,Germany,5,31035.80667867231
DEC03,3969.0,133544.0,DE,Germany,5,29720.541544359912
DEC04,7896.61,205785.0,DE,Germany,5,38373.10785528586
DEC05,6853.26,144492.0,DE,Germany,5,47430.03072834482
DEC06,3132.78,88005.0,DE,Germany,5,35597.75012783364
DED21,28833.01,559986.0,DE,Germany,5,51488.80507726979
DED2C,10209.71,295917.0,DE,Germany,5,34501.938043437855
DED2D,9153.88,246989.0,DE,Germany,5,37061.893444647336
DED2E,8195.93,240519.0,DE,Germany,5,34076.01894237046
DED2F,6986.17,245313.0,DE,Germany,5,28478.596731522586
DED41,10795.87,242896.0,DE,Germany,5,44446.470917594364
DED42,9551.19,324070.0,DE,Germany,5,29472.613941432406
DED43,10032.36,297991.0,DE,Germany,5,33666.65436204449
DED44,7019.01,221783.0,DE,Germany,5,31648.09746463886
DED45,12205.33,310532.0,DE,Germany,5,39304.58052632257
DED51,29212.79,603578.0,DE,Germany,5,48399.36180576496
DED52,8481.78,259568.0,DE,Germany,5,32676.524070763735
DED53,7482.12,200825.0,DE,Germany,5,37256.91522469812
DEE01,2945.14,76042.0,DE,Germany,5,38730.43844191368
DEE02,9178.85,227416.0,DE,Germany,5,40361.49611285046
DEE03,10340.22,241753.0,DE,Germany,5,42771.83737120118
DEE04,2598.08,81369.0,DE,Germany,5,31929.60464058794
DEE05,5955.41,154366.0,DE,Germany,5,38579.80384281513
DEE06,2886.45,89033.0,DE,Germany,5,32420.001572450663
DEE07,6156.64,168952.0,DE,Germany,5,36440.17235664567
DEE08,5984.42,175180.0,DE,Germany,5,34161.54812193173
DEE09,6395.74,208634.0,DE,Germany,5,30655.310256238197
DEE0A,3733.5,131107.0,DE,Germany,5,28476.740372367607
DEE0B,7997.11,182390.0,DE,Germany,5,43846.20867372115
DEE0C,6288.78,183727.0,DE,Germany,5,34228.93749965982
DEE0D,3961.55,107462.0,DE,Germany,5,36864.659135322254
DEE0E,3818.57,122808.0,DE,Germany,5,31093.821249430006
DEF01,4948.08,96217.0,DE,Germany,5,51426.255235561286
DEF02,14647.18,250064.0,DE,Germany,5,58573.72512636765
DEF03,12545.04,216097.0,DE,Germany,5,58052.8188730061
DEF04,4464.83,78858.0,DE,Germany,5,56618.60559486672
DEF05,6086.02,133104.0,DE,Germany,5,45723.79492727491
DEF06,5820.42,204237.0,DE,Germany,5,28498.362196859533
DEF07,7814.17,168886.0,DE,Germany,5,46268.90328387196
DEF08,7108.79,200802.0,DE,Germany,5,35401.98802800769
DEF09,11269.05,321849.0,DE,Germany,5,35013.46904915038
DEF0A,3418.31,130494.0,DE,Germany,5,26195.15073489969
DEF0B,10435.24,276964.0,DE,Germany,5,37677.243251830565
DEF0C,7406.14,204255.0,DE,Germany,5,36259.283738464175
DEF0D,11154.2,279922.0,DE,Germany,5,39847.52895449447
DEF0E,4786.16,131712.0,DE,Germany,5,36338.07094266278
DEF0F,10456.7,245822.0,DE,Germany,5,42537.689873160256
DEG01,10859.15,218769.0,DE,Germany,5,49637.51719850619
DEG02,3466.81,94454.0,DE,Germany,5,36703.68645054736
DEG03,6418.62,110470.0,DE,Germany,5,58102.83334842038
DEG05,2435.94,65507.0,DE,Germany,5,37185.949593173245
DEG06,3168.37,99358.0,DE,Germany,5,31888.423680025764
DEG07,2637.06,81811.0,DE,Germany,5,32233.56272383909
DEG09,3238.65,100435.0,DE,Germany,5,32246.22890426644
DEG0A,2088.67,73022.0,DE,Germany,5,28603.297636328778
DEG0C,4698.58,137321.0,DE,Germany,5,34216.03396421523
DEG0D,2246.32,68325.0,DE,Germany,5,32876.98499817051
DEG0E,1689.72,61271.0,DE,Germany,5,27577.81005696006
DEG0G,3136.29,83148.0,DE,Germany,5,37719.367874152114
DEG0J,2601.15,83595.0,DE,Germany,5,31116.0954602548
DEG0K,2830.4,78404.0,DE,Germany,5,36100.19896944034
DEG0L,2722.89,95281.0,DE,Germany,5,28577.470849382353
DEG0M,2443.82,88034.0,DE,Germany,5,27759.956380489355
DEG0Q,4089.1,121791.0,DE,Germany,5,33574.73048090581
DEG0R,5962.42,156566.0,DE,Germany,5,38082.47001264642
DEG0S,1329.2,36325.0,DE,Germany,5,36591.87887130076
DEG0T,3944.8,106975.0,DE,Germany,5,36875.90558541715
DEG0U,3311.79,101556.0,DE,Germany,5,32610.48091693253
DEG0V,1716.98,56412.0,DE,Germany,5,30436.43196483018
DK011,72524.54,815979.0,DK,Denmark,5,88880.40010833612
DK012,61716.21,562572.0,DK,Denmark,5,109703.66459759818
DK013,25809.45,473625.0,DK,Denmark,5,54493.42834520982
DK014,1651.25,39695.0,DK,Denmark,5,41598.4380904396
DK021,11067.75,257557.0,DK,Denmark,5,42972.04114040775
DK022,26891.16,592300.0,DK,Denmark,5,45401.249366874894
DK031,23183.33,505026.0,DK,Denmark,5,45905.2207213094
DK032,44239.37,732387.0,DK,Denmark,5,60404.36272080198
DK041,24199.93,430783.0,DK,Denmark,5,56176.61328325398
DK042,50159.54,928096.0,DK,Denmark,5,54045.637520256525
DK050,29717.06,594634.0,DK,Denmark,5,49975.379813465086
EE001,24099.04,638076.0,EE,Estonia,5,37768.29092459205
EE004,2707.25,148499.0,EE,Estonia,5,18230.76249671715
EE008,7092.04,322233.0,EE,Estonia,5,22009.043145798227
EE009,2127.41,123718.0,EE,Estonia,5,17195.63846812913
EE00A,2327.68,133358.0,EE,Estonia,5,17454.370941375844
EL301,20626.08,599447.0,EL,Greece,5,34408.51317964724
EL302,7256.99,473408.0,EL,Greece,5,15329.250878734621
EL303,38720.43,994508.0,EL,Greece,5,38934.25693910959
EL304,13104.41,525723.0,EL,Greece,5,24926.453664762623
EL305,12920.42,521784.0,EL,Greece,5,24762.008800576485
EL306,5257.92,165131.0,EL,Greece,5,31840.90207168854
EL307,11858.18,515535.0,EL,Greece,5,23001.697265947027
EL411,1545.37,101058.0,EL,Greece,5,15291.911575530883
EL412,637.01,42303.0,EL,Greece,5,15058.27009904735
EL413,791.11,51423.0,EL,Greece,5,15384.361083561831
EL421,4060.51,207326.0,EL,Greece,5,19585.146098415058
EL422,3364.6,119515.0,EL,Greece,5,28152.114797305778
EL431,5457.79,303864.0,EL,Greece,5,17961.291893741938
EL432,1530.98,77418.0,EL,Greece,5,19775.504404660416
EL433,1549.11,85019.0,EL,Greece,5,18220.750655735777
EL434,3000.97,156323.0,EL,Greece,5,19197.23904991588
EL511,2091.59,132895.0,EL,Greece,5,15738.665864027993
EL512,1281.07,107762.0,EL,Greece,5,11887.95679367495
EL513,1280.09,104590.0,EL,Greece,5,12239.124199254231
EL514,1255.67,86179.0,EL,Greece,5,14570.487009596305
EL515,2224.7,127409.0,EL,Greece,5,17461.089875911435
EL521,2089.74,129418.0,EL,Greece,5,16147.212907014478
EL522,19661.03,1089423.0,EL,Greece,5,18047.195625574273
EL523,1162.8,69434.0,EL,Greece,5,16746.83872454417
EL524,2326.95,124273.0,EL,Greece,5,18724.50170189824
EL525,1851.34,117543.0,EL,Greece,5,15750.321159065194
EL526,2138.37,149935.0,EL,Greece,5,14261.98019141628
EL527,1950.21,102566.0,EL,Greece,5,19014.195737378857
EL531,2540.22,161056.0,EL,Greece,5,15772.277965428175
EL532,589.71,45115.0,EL,Greece,5,13071.262329602128
EL533,893.31,44108.0,EL,Greece,5,20252.788609776006
EL541,1536.02,116729.0,EL,Greece,5,13158.85512597555
EL542,630.92,40396.0,EL,Greece,5,15618.378057233389
EL543,2341.37,161380.0,EL,Greece,5,14508.427314413186
EL611,3030.91,225319.0,EL,Greece,5,13451.63967530479
EL612,5123.42,266610.0,EL,Greece,5,19216.90859307603
EL613,3264.0,189261.0,EL,Greece,5,17246.025330099703
EL621,941.77,40836.0,EL,Greece,5,23062.248995983937
EL622,1846.21,100222.0,EL,Greece,5,18421.20492506635
EL623,712.44,38657.0,EL,Greece,5,18429.779858757793
EL624,397.93,22554.0,EL,Greece,5,17643.433537288285
EL631,2749.49,189221.0,EL,Greece,5,14530.575358971784
EL632,4833.0,303526.0,EL,Greece,5,15922.853396414146
EL633,2133.26,149974.0,EL,Greece,5,14224.198861135932
EL641,3216.34,105540.0,EL,Greece,5,30475.080538184575
EL642,3588.94,209308.0,EL,Greece,5,17146.692911881055
EL643,233.39,17317.0,EL,Greece,5,13477.507651440781
EL644,2475.52,135575.0,EL,Greece,5,18259.41360870367
EL645,578.89,36201.0,EL,Greece,5,15990.994723902655
EL651,3391.85,168649.0,EL,Greece,5,20111.889189974445
EL652,2562.31,136770.0,EL,Greece,5,18734.44468816261
EL653,4079.59,228446.0,EL,Greece,5,17858.005830699596
ES111,33478.1,1123884.0,ES,Spain,5,29787.860668894653
ES112,9406.5,324267.0,ES,Spain,5,29008.502252773178
ES113,8914.5,304563.0,ES,Spain,5,29269.806246983382
ES114,25662.5,946710.0,ES,Spain,5,27107.03383295835
ES120,28350.3,1006060.0,ES,Spain,5,28179.53203586267
ES130,16740.8,588387.0,ES,Spain,5,28452.022223468568
ES211,14090.6,336308.0,ES,Spain,5,41897.90311262295
ES212,28427.5,726712.0,ES,Spain,5,39117.97245676417
ES213,44230.1,1153282.0,ES,Spain,5,38351.50466234624
ES220,24975.4,672155.0,ES,Spain,5,37157.20332363815
ES230,10476.5,322282.0,ES,Spain,5,32507.245207613207
ES241,8167.7,226878.0,ES,Spain,5,36000.405504279835
ES242,4324.4,135046.0,ES,Spain,5,32021.68150111814
ES243,34286.1,979365.0,ES,Spain,5,35008.50040587524
ES300,295939.0,6871903.0,ES,Spain,5,43065.07236787248
ES411,3726.7,159764.0,ES,Spain,5,23326.281264865676
ES412,11304.0,357370.0,ES,Spain,5,31631.0826314464
ES413,12193.5,448573.0,ES,Spain,5,27182.866556836903
ES414,5047.5,157787.0,ES,Spain,5,31989.32738438528
ES415,9604.3,327089.0,ES,Spain,5,29362.9562596113
ES416,4408.1,155332.0,ES,Spain,5,28378.5697731311
ES417,2825.4,89528.0,ES,Spain,5,31558.84192654812
ES418,16425.3,521333.0,ES,Spain,5,31506.350067998766
ES419,4359.2,166927.0,ES,Spain,5,26114.409292684828
ES421,10285.2,387529.0,ES,Spain,5,26540.46535872154
ES422,12447.2,491927.0,ES,Spain,5,25302.941290069462
ES423,5859.9,198436.0,ES,Spain,5,29530.427946541957
ES424,6878.5,275082.0,ES,Spain,5,25005.271155509992
ES425,17074.2,731112.0,ES,Spain,5,23353.74060335489
ES431,14926.9,666049.0,ES,Spain,5,22411.113897025592
ES432,10265.7,388257.0,ES,Spain,5,26440.47628246239
ES511,209563.8,5797356.0,ES,Spain,5,36148.16823393285
ES512,29157.4,808672.0,ES,Spain,5,36055.904000633134
ES513,15081.5,447343.0,ES,Spain,5,33713.50395557771
ES514,29471.6,848592.0,ES,Spain,5,34729.999811452384
ES521,46472.6,1955268.0,ES,Spain,5,23767.8926878566
ES522,17662.0,604086.0,ES,Spain,5,29237.558890621534
ES523,75521.5,2656841.0,ES,Spain,5,28425.29906757687
ES531,5634.7,170569.0,ES,Spain,5,33034.72495002022
ES532,33319.3,940332.0,ES,Spain,5,35433.54900184191
ES533,2548.4,99005.0,ES,Spain,5,25740.114135649714
ES611,18250.6,753364.0,ES,Spain,5,24225.474007252804
ES612,26783.9,1254866.0,ES,Spain,5,21344.031952415637
ES613,17217.2,775002.0,ES,Spain,5,22215.68460468489
ES614,20836.9,934072.0,ES,Spain,5,22307.59513185279
ES615,13183.6,534084.0,ES,Spain,5,24684.50655702099
ES616,13052.1,620637.0,ES,Spain,5,21030.1673925338
ES617,41235.1,1752728.0,ES,Spain,5,23526.24023807459
ES618,48846.9,1959394.0,ES,Spain,5,24929.595579041274
ES620,39838.6,1551692.0,ES,Spain,5,25674.296187645486
ES630,1863.1,83052.0,ES,Spain,5,22432.93358377884
ES640,1753.5,85493.0,ES,Spain,5,20510.45114804721
FI196,9803.56,212556.0,FI,Finland,5,46122.24543179209
FI198,10966.19,272437.0,FI,Finland,5,40252.2050969582
FI199,7568.28,190774.0,FI,Finland,5,39671.44369777852
FI19A,8709.29,176323.0,FI,Finland,5,49393.95314281177
FI19B,24511.73,532671.0,FI,Finland,5,46016.640665626626
FI1B1,108495.51,1733033.0,FI,Finland,5,62604.41087965434
FI1C1,22252.18,485567.0,FI,Finland,5,45827.20819166047
FI1C2,6973.07,169537.0,FI,Finland,5,41130.07780012623
FI1C5,4723.43,125353.0,FI,Finland,5,37681.02877474013
FI1C6,7614.62,204528.0,FI,Finland,5,37230.20808886803
FI1C7,6818.65,159488.0,FI,Finland,5,42753.373294542536
FI1D5,3097.24,67805.0,FI,Finland,5,45678.637268638005
FI1D7,7900.35,175795.0,FI,Finland,5,44940.69797206974
FI1D8,2660.84,70521.0,FI,Finland,5,37731.1722749252
FI1D9,17741.82,416543.0,FI,Finland,5,42593.00960525084
FI1DA,5002.42,130451.0,FI,Finland,5,38347.11884155736
FI1DB,10261.01,247689.0,FI,Finland,5,41426.991105781846
FI1DC,6125.19,162540.0,FI,Finland,5,37684.20081210779
FI200,1635.55,30359.0,FI,Finland,5,53873.6453769887
FR101,264481.2,2092813.0,FR,France,5,126375.93516477583
FR102,52265.4,1461552.0,FR,France,5,35760.20558967454
FR103,67733.3,1477228.0,FR,France,5,45851.62209218888
FR104,62004.0,1331182.0,FR,France,5,46578.153851238974
FR105,191708.7,1653212.0,FR,France,5,115961.35280895614
FR106,78409.9,1692115.0,FR,France,5,46338.39898588453
FR107,67635.9,1422186.0,FR,France,5,47557.70342275904
FR108,45399.9,1277071.0,FR,France,5,35550.020319935225
FRB01,9594.9,298404.0,FR,France,5,32154.05959705634
FRB02,13312.7,433132.0,FR,France,5,30735.895754642926
FRB03,6159.8,215578.0,FR,France,5,28573.41658239709
FRB04,23423.6,617703.0,FR,France,5,37920.489296636086
FRB05,10897.8,328360.0,FR,France,5,33188.57351687173
FRB06,26301.8,688539.0,FR,France,5,38199.433873752976
FRC11,22304.6,538080.0,FR,France,5,41452.200416294974
FRC12,5798.9,201409.0,FR,France,5,28791.662736024708
FRC13,17944.3,547788.0,FR,France,5,32757.745697240538
FRC14,10227.0,332690.0,FR,France,5,30740.328834650878
FRC21,18122.7,549462.0,FR,France,5,32982.62664206078
FRC22,8310.8,257986.0,FR,France,5,32214.151155489053
FRC23,6046.7,233293.0,FR,France,5,25918.90883995662
FRC24,4469.6,139526.0,FR,France,5,32034.17284233763
FRD11,25246.7,706548.0,FR,France,5,35732.46262108166
FRD12,16965.5,496441.0,FR,France,5,34174.25232807121
FRD13,7914.6,274742.0,FR,France,5,28807.390206084252
FRD21,17681.6,601533.0,FR,France,5,29394.231072941966
FRD22,47347.2,1260258.0,FR,France,5,37569.4500649867
FRE11,91325.6,2616339.0,FR,France,5,34905.87420055276
FRE12,41682.8,1456673.0,FR,France,5,28615.070094660914
FRE21,14568.9,523228.0,FR,France,5,27844.26674413449
FRE22,25558.3,830509.0,FR,France,5,30774.26012240686
FRE23,18801.0,563543.0,FR,France,5,33362.139180151295
FRF11,46884.9,1160728.0,FR,France,5,40392.66736048411
FRF12,26550.0,767160.0,FR,France,5,34608.16518066635
FRF21,8508.2,265865.0,FR,France,5,32001.955879863843
FRF22,10502.6,311170.0,FR,France,5,33751.968377414276
FRF23,24425.0,562387.0,FR,France,5,43430.94701691184
FRF24,5205.7,168854.0,FR,France,5,30829.5924289623
FRF31,24036.1,731744.0,FR,France,5,32847.68990247956
FRF32,4717.7,179439.0,FR,France,5,26291.3859305948
FRF33,31439.7,1050692.0,FR,France,5,29922.850844966935
FRF34,10844.4,356433.0,FR,France,5,30424.792317209685
FRG01,61830.1,1486149.0,FR,France,5,41604.240220866144
FRG02,27969.3,830394.0,FR,France,5,33681.963019964016
FRG03,11247.1,304630.0,FR,France,5,36920.526540393264
FRG04,17547.5,565349.0,FR,France,5,31038.349762712944
FRG05,25116.0,711902.0,FR,France,5,35280.136872771815
FRH01,19089.5,611258.0,FR,France,5,31229.857114344515
FRH02,31231.0,930710.0,FR,France,5,33556.10233047888
FRH03,45322.9,1117647.0,FR,France,5,40552.070555372135
FRH04,26377.9,780633.0,FR,France,5,33790.39830496533
FRI11,11682.4,416671.0,FR,France,5,28037.468410328533
FRI12,70556.3,1689714.0,FR,France,5,41756.35640114244
FRI13,13175.6,432717.0,FR,France,5,30448.537958989364
FRI14,10431.0,332080.0,FR,France,5,31411.10575764876
FRI15,25962.5,704074.0,FR,France,5,36874.67510517361
FRI21,7800.7,239911.0,FR,France,5,32514.974302970684
FRI22,2932.1,114940.0,FR,France,5,25509.83121628676
FRI23,12178.5,372083.0,FR,France,5,32730.600430549097
FRI31,12885.5,351023.0,FR,France,5,36708.42081573002
FRI32,21595.0,672443.0,FR,France,5,32114.246114540565
FRI33,12807.0,375016.0,FR,France,5,34150.54291016916
FRI34,16253.2,438142.0,FR,France,5,37095.7360855613
FRJ11,10105.6,378427.0,FR,France,5,26704.225649861135
FRJ12,23176.5,768166.0,FR,France,5,30171.212993024947
FRJ13,45176.7,1229560.0,FR,France,5,36742.167929991214
FRJ14,2357.7,76471.0,FR,France,5,30831.295523793335
FRJ15,14856.0,496280.0,FR,France,5,29934.714274200047
FRJ21,4177.8,155760.0,FR,France,5,26822.033898305086
FRJ22,8544.7,279241.0,FR,France,5,30599.73284725381
FRJ23,70369.4,1473299.0,FR,France,5,47763.149231758114
FRJ24,4936.3,192822.0,FR,France,5,25600.29457219612
FRJ25,5837.8,175858.0,FR,France,5,33196.101399993175
FRJ26,6999.5,231638.0,FR,France,5,30217.408197273333
FRJ27,11268.0,397775.0,FR,France,5,28327.57211991704
FRJ28,7513.6,265956.0,FR,France,5,28251.2896870159
FRK11,10120.9,333922.0,FR,France,5,30309.173998718263
FRK12,4198.5,144177.0,FR,France,5,29120.45610603633
FRK13,6563.0,228034.0,FR,France,5,28780.795846233457
FRK14,25216.4,664263.0,FR,France,5,37961.47008037479
FRK21,21222.4,677187.0,FR,France,5,31339.054057446465
FRK22,9584.5,334451.0,FR,France,5,28657.41169857468
FRK23,21052.3,522454.0,FR,France,5,40295.0307586888
FRK24,52869.9,1297087.0,FR,France,5,40760.48869505284
FRK25,25265.1,773693.0,FR,France,5,32655.200447722804
FRK26,107089.4,1916464.0,FR,France,5,55878.63899347966
FRK27,20737.1,447997.0,FR,France,5,46288.47961035453
FRK28,32723.8,856707.0,FR,France,5,38197.189937750016
FRL01,5249.7,168005.0,FR,France,5,31247.284307014674
FRL02,4870.4,141826.0,FR,France,5,34340.67096301101
FRL03,50536.4,1119807.0,FR,France,5,45129.562504967376
FRL04,92169.3,2076707.0,FR,France,5,44382.42852747162
FRL05,36823.6,1117572.0,FR,France,5,32949.64440769811
FRL06,20710.1,570432.0,FR,France,5,36305.99265118367
FRM01,6627.0,168277.0,FR,France,5,39381.49598578534
FRM02,6106.4,185989.0,FR,France,5,32832.04920721118
HR021,1343.43,99813.0,HR,Croatia,5,13459.469207417871
HR022,739.77,68808.0,HR,Croatia,5,10751.220788280432
HR023,672.63,62451.0,HR,Croatia,5,10770.524090887255
HR024,1670.54,127464.0,HR,Croatia,5,13105.975020397917
HR025,3808.33,253824.0,HR,Croatia,5,15003.821545637922
HR026,1701.5,139841.0,HR,Croatia,5,12167.390107336189
HR027,1649.88,110483.0,HR,Croatia,5,14933.338160621995
HR028,2049.72,136422.0,HR,Croatia,5,15024.849364472004
HR031,6220.89,263938.0,HR,Croatia,5,23569.512537035214
HR032,738.83,42469.0,HR,Croatia,5,17396.924815747956
HR033,2724.45,160558.0,HR,Croatia,5,16968.634387573336
HR034,1502.44,95441.0,HR,Croatia,5,15742.081495374105
HR035,7089.67,423845.0,HR,Croatia,5,16727.034647099765
HR036,4635.41,196867.0,HR,Croatia,5,23545.896468173945
HR037,2301.08,114869.0,HR,Croatia,5,20032.2106051241
HR050,26671.22,768624.0,HR,Croatia,5,34699.95732633902
HR061,1813.7,104737.0,HR,Croatia,5,17316.707562752417
HR062,2869.22,158446.0,HR,Croatia,5,18108.50384358078
HR063,1676.68,99925.0,HR,Croatia,5,16779.384538403803
HR064,1621.37,119409.0,HR,Croatia,5,13578.289743654163
HR065,5685.57,302660.0,HR,Croatia,5,18785.336681424702
HU110,74982.1,1671004.0,HU,Hungary,5,44872.48384803387
HU120,23376.07,1328790.0,HU,Hungary,5,17591.997230563145
HU211,7586.93,419565.0,HU,Hungary,5,18082.847711320057
HU212,6056.89,301492.0,HU,Hungary,5,20089.720456927545
HU213,5395.55,338342.0,HU,Hungary,5,15947.029928297403
HU221,10089.76,471309.0,HU,Hungary,5,21407.951046977672
HU222,4070.79,249812.0,HU,Hungary,5,16295.414151441884
HU223,3675.54,261803.0,HU,Hungary,5,14039.334919767916
HU231,4988.21,355315.0,HU,Hungary,5,14038.83877685997
HU232,3628.51,295316.0,HU,Hungary,5,12286.87236722697
HU233,2949.04,208044.0,HU,Hungary,5,14175.078348810828
HU311,8173.42,624219.0,HU,Hungary,5,13093.834055035171
HU312,4270.85,287533.0,HU,Hungary,5,14853.425519853376
HU313,1677.97,182038.0,HU,Hungary,5,9217.690811808523
HU321,7923.53,520656.0,HU,Hungary,5,15218.359146922345
HU322,4545.49,356388.0,HU,Hungary,5,12754.329550938864
HU323,6339.15,527968.0,HU,Hungary,5,12006.69358749015
HU331,7627.4,494563.0,HU,Hungary,5,15422.504311887464
HU332,3680.53,314380.0,HU,Hungary,5,11707.265093199312
HU333,6140.92,391207.0,HU,Hungary,5,15697.36737839558
IE041,13871.21,430893.0,IE,Ireland,5,32191.77382784125
IE042,30539.99,499315.0,IE,Ireland,5,61163.77437088812
IE051,33541.84,517337.0,IE,Ireland,5,64835.57139736767
IE052,20583.53,467589.0,IE,Ireland,5,44020.56079163539
IE053,128362.65,756254.0,IE,Ireland,5,169734.83776614736
IE061,250762.36,1499179.0,IE,Ireland,5,167266.4571742267
IE062,34579.03,776202.0,IE,Ireland,5,44549.00914968011
IE063,12488.15,324626.0,IE,Ireland,5,38469.346263084284
ITC11,85962.42,2204632.0,IT,Italy,5,38991.73195345073
ITC12,5630.35,165892.0,IT,Italy,5,33939.85243411376
ITC13,5639.25,169106.0,IT,Italy,5,33347.427057585184
ITC14,4462.65,154038.0,IT,Italy,5,28971.098040743193
ITC15,13143.04,362502.0,IT,Italy,5,36256.46203331292
ITC16,23499.85,580736.0,IT,Italy,5,40465.633265373595
ITC17,6291.56,207951.0,IT,Italy,5,30255.011998018763
ITC18,14426.51,406494.0,IT,Italy,5,35490.09333471097
ITC20,5801.77,123130.0,IT,Italy,5,47119.06115487696
ITC31,6086.74,208792.0,IT,Italy,5,29152.170581248323
ITC32,9357.2,267366.0,IT,Italy,5,34997.718483277604
ITC33,34674.84,816606.0,IT,Italy,5,42462.142085656975
ITC34,8345.34,214872.0,IT,Italy,5,38838.6574332626
ITC41,31650.39,879731.0,IT,Italy,5,35977.349894456376
ITC42,20868.35,597117.0,IT,Italy,5,34948.510928344025
ITC43,12859.19,332775.0,IT,Italy,5,38642.29584554128
ITC44,6559.83,178795.0,IT,Italy,5,36689.113230235744
ITC46,46524.39,1106303.0,IT,Italy,5,42053.930975510324
ITC47,53984.77,1257326.0,IT,Italy,5,42936.17566168201
ITC48,16381.22,536406.0,IT,Italy,5,30538.845575925698
ITC49,7489.32,228136.0,IT,Italy,5,32828.31293614335
ITC4A,13868.82,352189.0,IT,Italy,5,39378.91302681231
ITC4B,15929.27,406119.0,IT,Italy,5,39223.158729337956
ITC4C,230481.35,3228006.0,IT,Italy,5,71400.533332342
ITC4D,34095.99,873606.0,IT,Italy,5,39029.02452593045
ITF11,9116.75,287806.0,IT,Italy,5,31676.719734821374
ITF12,9235.86,299071.0,IT,Italy,5,30881.830735845335
ITF13,9400.61,313110.0,IT,Italy,5,30023.346427772987
ITF14,11783.88,372640.0,IT,Italy,5,31622.69214255045
ITF21,2157.3,79912.0,IT,Italy,5,26995.945540094104
ITF22,5717.17,210724.0,IT,Italy,5,27131.081414551736
ITF31,19473.57,906074.0,IT,Italy,5,21492.251184781817
ITF32,5655.95,263125.0,IT,Italy,5,21495.296912114016
ITF33,72903.98,2980338.0,IT,Italy,5,24461.648309688364
ITF34,9120.09,398932.0,IT,Italy,5,22861.26457641904
ITF35,25885.35,1061067.0,IT,Italy,5,24395.584821693636
ITF43,12391.66,556692.0,IT,Italy,5,22259.45406077328
ITF44,8364.26,379522.0,IT,Italy,5,22038.93318437403
ITF45,16847.63,771230.0,IT,Italy,5,21845.143472115975
ITF46,13107.42,595682.0,IT,Italy,5,22004.05585530535
ITF47,33939.04,1225048.0,IT,Italy,5,27704.253221098275
ITF48,7511.58,379509.0,IT,Italy,5,19792.890287186867
ITF51,10165.35,346475.0,IT,Italy,5,29339.346273179883
ITF52,4670.81,191102.0,IT,Italy,5,24441.45011564505
ITF61,13079.59,672432.0,IT,Italy,5,19451.171270849693
ITF62,3347.26,162749.0,IT,Italy,5,20567.00809221562
ITF63,8227.34,342021.0,IT,Italy,5,24055.072641738374
ITF64,3030.01,150709.0,IT,Italy,5,20105.036859112595
ITF65,11379.8,518699.0,IT,Italy,5,21939.120761751998
ITG11,8289.68,415006.0,IT,Italy,5,19974.84373719898
ITG12,28742.82,1204189.0,IT,Italy,5,23869.027204201335
ITG13,13472.54,600180.0,IT,Italy,5,22447.49908360825
ITG14,7839.96,413177.0,IT,Italy,5,18974.821928616548
ITG15,5071.54,249431.0,IT,Italy,5,20332.43662576023
ITG16,2982.15,154940.0,IT,Italy,5,19247.12792048535
ITG17,24495.02,1074434.0,IT,Italy,5,22798.068564472083
ITG18,7095.26,317793.0,IT,Italy,5,22326.671764324576
ITG19,9077.79,384866.0,IT,Italy,5,23586.884785873524
ITG2D,12830.25,474739.0,IT,Italy,5,27025.90265387929
ITG2E,4784.35,198520.0,IT,Italy,5,24100.090670965143
ITG2F,14422.06,420364.0,IT,Italy,5,34308.504058387494
ITG2G,3278.25,150325.0,IT,Italy,5,21807.74987527025
ITG2H,6485.25,334198.0,IT,Italy,5,19405.412360337286
ITH10,32936.08,534147.0,IT,Italy,5,61661.07831739203
ITH20,25456.78,542996.0,IT,Italy,5,46882.07647938475
ITH31,38469.59,925656.0,IT,Italy,5,41559.272559136436
ITH32,36361.27,852779.0,IT,Italy,5,42638.56169066077
ITH33,7836.62,198105.0,IT,Italy,5,39557.911208702455
ITH34,35822.5,878828.0,IT,Italy,5,40761.67350152703
ITH35,32373.94,835895.0,IT,Italy,5,38729.672985243364
ITH36,39147.5,930349.0,IT,Italy,5,42078.295349379645
ITH37,7214.37,227941.0,IT,Italy,5,31650.163858191376
ITH41,11356.43,310133.0,IT,Italy,5,36617.93488600052
ITH42,19508.07,517376.0,IT,Italy,5,37705.78844012865
ITH43,4739.82,138034.0,IT,Italy,5,34338.061636987986
ITH44,9458.49,228705.0,IT,Italy,5,41356.72591329442
ITH51,11469.97,284220.0,IT,Italy,5,40355.956653296744
ITH52,21483.93,451688.0,IT,Italy,5,47563.65013017835
ITH53,23259.41,526990.0,IT,Italy,5,44136.34034801419
ITH54,34290.8,704332.0,IT,Italy,5,48685.56305833045
ITH55,50851.23,1014124.0,IT,Italy,5,50143.01012499458
ITH56,10249.95,339287.0,IT,Italy,5,30210.264466366232
ITH57,14763.8,386355.0,IT,Italy,5,38213.04240918326
ITH58,15609.8,391648.0,IT,Italy,5,39856.708064384344
ITH59,12387.21,338934.0,IT,Italy,5,36547.557931632706
ITI11,5863.0,187583.0,IT,Italy,5,31255.497566410602
ITI12,13906.67,382184.0,IT,Italy,5,36387.36838800159
ITI13,9107.85,289759.0,IT,Italy,5,31432.500802390954
ITI14,46118.09,988194.0,IT,Italy,5,46669.06498116766
ITI15,9321.58,259244.0,IT,Italy,5,35956.78202774221
ITI16,10730.83,326605.0,IT,Italy,5,32855.681939958056
ITI17,15921.48,417170.0,IT,Italy,5,38165.44813864851
ITI18,12259.2,334052.0,IT,Italy,5,36698.47808125681
ITI19,9721.2,260557.0,IT,Italy,5,37309.30276292712
ITI1A,6577.64,216633.0,IT,Italy,5,30363.056413381157
ITI21,20555.55,639224.0,IT,Italy,5,32157.03728270528
ITI22,6312.71,217183.0,IT,Italy,5,29066.317345280248
ITI31,11818.39,349529.0,IT,Italy,5,33812.33030735647
ITI32,16215.36,461655.0,IT,Italy,5,35124.41108620074
ITI33,9832.51,303828.0,IT,Italy,5,32362.09302631752
ITI34,6587.66,201462.0,IT,Italy,5,32699.26834837339
ITI35,4919.04,167824.0,IT,Italy,5,29310.70645438078
ITI41,8082.63,308158.0,IT,Italy,5,26228.850135320194
ITI42,3813.68,150457.0,IT,Italy,5,25347.308533335105
ITI43,201289.92,4227059.0,IT,Italy,5,47619.377917365244
ITI44,15589.76,566996.0,IT,Italy,5,27495.36151930525
ITI45,12656.59,467866.0,IT,Italy,5,27051.741310546182
LT011,33822.43,848724.0,LT,Lithuania,5,39850.917377144986
LT021,1925.36,135620.0,LT,Lithuania,5,14196.72614658605
LT022,14853.64,579903.0,LT,Lithuania,5,25614.007859935195
LT023,7655.21,334281.0,LT,Lithuania,5,22900.52381080588
LT024,2000.06,135787.0,LT,Lithuania,5,14729.392357147592
LT025,3849.66,211377.0,LT,Lithuania,5,18212.29367433543
LT026,4792.76,264056.0,LT,Lithuania,5,18150.543824037326
LT027,1316.25,90617.0,LT,Lithuania,5,14525.420175022347
LT028,2329.63,131447.0,LT,Lithuania,5,17722.960584874512
LT029,1771.96,125467.0,LT,Lithuania,5,14122.916782899089
LU000,82115.47,660809.0,LU,Luxembourg,5,124265.05994924404
LV005,2822.37,245053.0,LV,Latvia,5,11517.386034857765
LV009,3066.64,225047.0,LV,Latvia,5,13626.664652272637
ME000,7068.84,616695.0,ME,Montenegro,5,11462.457130348064
MK001,918.95,137645.0,MK,North Macedonia,5,6676.232336808456
MK002,1082.03,148671.0,MK,North Macedonia,5,7278.016560055425
MK003,1262.4,176610.0,MK,North Macedonia,5,7147.95311703754
MK004,1315.08,147272.0,MK,North Macedonia,5,8929.599652343963
MK005,1594.77,208552.0,MK,North Macedonia,5,7646.869845410258
MK006,1103.77,251922.0,MK,North Macedonia,5,4381.395828867666
MK007,658.7,152405.0,MK,North Macedonia,5,4322.036678586661
MK008,6731.71,606877.0,MK,North Macedonia,5,11092.37951018081
MT001,19982.97,501860.0,MT,Malta,5,39817.81771808871
MT002,911.95,40191.0,MT,Malta,5,22690.403324127292
NL112,2548.64,45394.0,NL,Netherlands,5,56144.86496012689
NL126,9023.04,190093.0,NL,Netherlands,5,47466.450632059044
NL131,8017.15,195308.0,NL,Netherlands,5,41048.75376328671
NL132,6483.3,170384.0,NL,Netherlands,5,38051.10808526622
NL133,6479.96,136359.0,NL,Netherlands,5,47521.32239162798
NL211,20785.9,385473.0,NL,Netherlands,5,53923.10226656601
NL212,7484.75,159963.0,NL,Netherlands,5,46790.50780492989
NL213,31331.68,638897.0,NL,Netherlands,5,49040.26783659964
NL221,37579.34,715792.0,NL,Netherlands,5,52500.36323401212
NL224,12533.12,254660.0,NL,Netherlands,5,49215.1103432027
NL225,17055.75,406261.0,NL,Netherlands,5,41982.24786528857
NL226,38644.14,756995.0,NL,Netherlands,5,51049.39926947998
NL230,20729.21,444701.0,NL,Netherlands,5,46613.81467547858
NL321,15496.34,385743.0,NL,Netherlands,5,40172.70566154149
NL323,8164.98,200749.0,NL,Netherlands,5,40672.58118346791
NL325,6986.8,176230.0,NL,Netherlands,5,39645.917267207624
NL327,15023.96,243799.0,NL,Netherlands,5,61624.37089569686
NL328,10731.4,255276.0,NL,Netherlands,5,42038.42115984268
NL341,5466.29,105832.0,NL,Netherlands,5,51650.63496862953
NL342,14185.89,285292.0,NL,Netherlands,5,49724.10723048666
NL411,36303.35,646718.0,NL,Netherlands,5,56134.74497385259
NL414,58734.25,803180.0,NL,Netherlands,5,73127.13214970492
NL421,15549.69,289248.0,NL,Netherlands,5,53759.02339860604
NL422,11341.6,241467.0,NL,Netherlands,5,46969.565199385426
NL423,28491.83,597652.0,NL,Netherlands,5,47672.943452042324
PL213,26227.04,792655.0,PL,Poland,5,33087.58539339309
PL214,11053.34,751069.0,PL,Poland,5,14716.810306376645
PL217,5168.6,424550.0,PL,Poland,5,12174.30220233188
PL218,6603.3,512612.0,PL,Poland,5,12881.672688114988
PL219,3808.23,319601.0,PL,Poland,5,11915.575983804807
PL21A,7820.4,518818.0,PL,Poland,5,15073.493980548092
PL224,8422.98,478804.0,PL,Poland,5,17591.707671615106
PL225,12360.84,643512.0,PL,Poland,5,19208.40637004438
PL227,10828.19,587613.0,PL,Poland,5,18427.417364830253
PL228,5825.04,403345.0,PL,Poland,5,14441.83019499436
PL229,11423.22,428209.0,PL,Poland,5,26676.73962948
PL22A,19396.15,682224.0,PL,Poland,5,28430.76467553179
PL22B,11251.92,636142.0,PL,Poland,5,17687.748961709807
PL22C,9625.95,385434.0,PL,Poland,5,24974.314668659226
PL411,5684.68,384414.0,PL,Poland,5,14787.910950173511
PL414,9699.3,623516.0,PL,Poland,5,15555.81572886662
PL415,21647.37,537063.0,PL,Poland,5,40306.94722965462
PL416,11583.31,643465.0,PL,Poland,5,18001.460840915977
PL417,9642.28,543338.0,PL,Poland,5,17746.37518450762
PL418,15624.96,712432.0,PL,Poland,5,21931.86156713904
PL424,9074.54,386597.0,PL,Poland,5,23472.867094157482
PL426,5518.99,333412.0,PL,Poland,5,16553.063477019423
PL427,4682.01,380926.0,PL,Poland,5,12291.127410573183
PL428,7421.28,488114.0,PL,Poland,5,15203.989232023667
PL431,5733.66,362428.0,PL,Poland,5,15820.135309633913
PL432,9926.39,590365.0,PL,Poland,5,16813.98795660312
PL514,21730.94,671206.0,PL,Poland,5,32375.962074236522
PL515,8261.19,512700.0,PL,Poland,5,16113.10708016384
PL516,9971.22,420225.0,PL,Poland,5,23728.288416919506
PL517,8439.55,583214.0,PL,Poland,5,14470.760304107924
PL518,13894.95,626574.0,PL,Poland,5,22176.071780827166
PL523,4243.17,335827.0,PL,Poland,5,12634.987657335474
PL524,10443.45,560543.0,PL,Poland,5,18630.95248714193
PL613,14921.75,744334.0,PL,Poland,5,20047.115945261132
PL616,5226.6,361017.0,PL,Poland,5,14477.434580643017
PL617,4586.49,335149.0,PL,Poland,5,13684.928196115758
PL618,2448.82,174147.0,PL,Poland,5,14061.798365748476
PL619,4395.95,328550.0,PL,Poland,5,13379.850859838685
PL621,6533.37,479660.0,PL,Poland,5,13620.83559187758
PL622,9047.98,565651.0,PL,Poland,5,15995.6934576267
PL623,2999.51,258069.0,PL,Poland,5,11622.899302124626
PL633,23224.36,744814.0,PL,Poland,5,31181.422475947016
PL634,8454.9,623591.0,PL,Poland,5,13558.406070645664
PL636,4750.48,312145.0,PL,Poland,5,15218.82458472825
PL637,2784.35,214254.0,PL,Poland,5,12995.55667572134
PL638,5861.83,400941.0,PL,Poland,5,14620.18102414071
PL711,16853.28,652983.0,PL,Poland,5,25809.676515315095
PL712,6454.18,385278.0,PL,Poland,5,16752.00764123568
PL713,10787.01,546039.0,PL,Poland,5,19755.01749875009
PL714,6219.04,419701.0,PL,Poland,5,14817.786948327499
PL715,5114.02,339020.0,PL,Poland,5,15084.714766090496
PL721,10878.87,696408.0,PL,Poland,5,15621.402970672365
PL722,6191.02,436689.0,PL,Poland,5,14177.18330436535
PL811,3537.52,274914.0,PL,Poland,5,12867.733182013284
PL812,6141.07,555496.0,PL,Poland,5,11055.111107910769
PL814,12347.92,682886.0,PL,Poland,5,18081.963900270322
PL815,5192.24,435104.0,PL,Poland,5,11933.330881812164
PL821,5227.57,436569.0,PL,Poland,5,11974.212552883966
PL822,3724.16,351769.0,PL,Poland,5,10586.947684417899
PL823,10913.23,617969.0,PL,Poland,5,17659.83406934652
PL824,8587.46,556025.0,PL,Poland,5,15444.377501011644
PL841,8463.19,487613.0,PL,Poland,5,17356.366626812658
PL842,5057.49,351876.0,PL,Poland,5,14372.932510316134
PL843,3374.75,244365.0,PL,Poland,5,13810.283796779408
PL911,108750.97,1869188.0,PL,Poland,5,58180.86249216237
PL912,10792.13,687379.0,PL,Poland,5,15700.40690797944
PL913,18191.48,712943.0,PL,Poland,5,25516.0370464399
PL921,9015.82,565683.0,PL,Poland,5,15937.936971766872
PL922,5243.41,321941.0,PL,Poland,5,16286.8662270416
PL923,9752.9,306505.0,PL,Poland,5,31819.70930327401
PL924,5711.73,361537.0,PL,Poland,5,15798.465993798698
PL925,6514.12,399123.0,PL,Poland,5,16321.083976618736
PL926,4620.36,255464.0,PL,Poland,5,18086.1491247299
PT111,4598.27,232674.0,PT,Portugal,5,19762.715215279746
PT112,9251.43,424505.0,PT,Portugal,5,21793.45355178384
PT119,8694.28,420418.0,PT,Portugal,5,20680.08505820398
PT11A,43957.08,1779994.0,PT,Portugal,5,24695.072005860693
PT11B,1403.54,83510.0,PT,Portugal,5,16806.849479104298
PT11C,6680.03,408425.0,PT,Portugal,5,16355.58548081043
PT11D,3470.48,183705.0,PT,Portugal,5,18891.592498843253
PT11E,1899.25,107063.0,PT,Portugal,5,17739.555215153694
PT150,13214.62,478618.0,PT,Portugal,5,27609.951986761884
PT191,9440.39,376760.0,PT,Portugal,5,25056.773542838942
PT192,9791.48,441446.0,PT,Portugal,5,22180.470544528664
PT193,7193.61,292139.0,PT,Portugal,5,24623.929020089752
PT194,5080.29,253638.0,PT,Portugal,5,20029.687980507653
PT195,1975.68,99371.0,PT,Portugal,5,19881.856879773775
PT196,3687.67,208913.0,PT,Portugal,5,17651.701904620582
PT1A0,84658.41,2097742.0,PT,Portugal,5,40356.92187123107
PT1B0,14213.78,823822.0,PT,Portugal,5,17253.460092107274
PT1C1,3134.42,99763.0,PT,Portugal,5,31418.662229483878
PT1C2,2961.97,115513.0,PT,Portugal,5,25641.875806186315
PT1C3,2081.63,104304.0,PT,Portugal,5,19957.33624789078
PT1C4,3334.88,153155.0,PT,Portugal,5,21774.542130521368
PT1D1,7513.61,379085.0,PT,Portugal,5,19820.38329134627
PT1D2,4255.09,213604.0,PT,Portugal,5,19920.460291005787
PT1D3,5333.41,244259.0,PT,Portugal,5,21835.060325310427
RO111,7506.44,554016.0,RO,Romania,5,13549.1393750361
RO112,3192.48,296140.0,RO,Romania,5,10780.306611737691
RO113,17052.05,688844.0,RO,Romania,5,24754.588847402316
RO114,5308.23,451728.0,RO,Romania,5,11750.943045372436
RO115,3782.5,330662.0,RO,Romania,5,11439.173536723301
RO116,2686.99,210652.0,RO,Romania,5,12755.587414313655
RO121,5047.79,325838.0,RO,Romania,5,15491.716742675808
RO122,10944.72,552813.0,RO,Romania,5,19798.23195185352
RO123,2358.46,199795.0,RO,Romania,5,11804.399509497234
RO124,3575.28,291810.0,RO,Romania,5,12252.081834070113
RO125,6858.7,519395.0,RO,Romania,5,13205.171401341946
RO126,7148.97,391433.0,RO,Romania,5,18263.58533899799
RO211,6722.2,597504.0,RO,Romania,5,11250.468616109683
RO212,3132.53,389815.0,RO,Romania,5,8035.940125444121
RO213,10841.6,774025.0,RO,Romania,5,14006.782726656116
RO214,4681.43,449345.0,RO,Romania,5,10418.342253724866
RO215,5842.52,642275.0,RO,Romania,5,9096.60192285236
RO216,2773.5,371464.0,RO,Romania,5,7466.403204617406
RO221,3328.55,277021.0,RO,Romania,5,12015.515069254678
RO222,4386.57,400823.0,RO,Romania,5,10943.907909476253
RO223,11776.85,657055.0,RO,Romania,5,17923.68979765773
RO224,5083.67,494280.0,RO,Romania,5,10285.000404628956
RO225,2646.56,190994.0,RO,Romania,5,13856.770369749835
RO226,3213.57,333154.0,RO,Romania,5,9645.899493927733
RO311,8184.04,565747.0,RO,Romania,5,14465.900835532491
RO312,2342.56,280468.0,RO,Romania,5,8352.325398975998
RO313,5355.98,477197.0,RO,Romania,5,11223.834181690161
RO314,2068.18,258751.0,RO,Romania,5,7992.935293003698
RO315,2612.89,249852.0,RO,Romania,5,10457.750988585243
RO316,10468.43,691246.0,RO,Romania,5,15144.290165874378
RO317,3232.74,318043.0,RO,Romania,5,10164.474615067775
RO321,84230.36,1724966.0,RO,Romania,5,48830.156652363
RO322,9453.73,564833.0,RO,Romania,5,16737.21259204048
RO411,7784.32,599631.0,RO,Romania,5,12981.850504727074
RO412,5771.17,311301.0,RO,Romania,5,18538.87395157741
RO413,2910.21,231398.0,RO,Romania,5,12576.642840473989
RO414,3713.0,378567.0,RO,Romania,5,9808.039263855539
RO415,4459.71,340914.0,RO,Romania,5,13081.627624562207
RO421,6291.69,410451.0,RO,Romania,5,15328.723769706981
RO422,3312.77,244904.0,RO,Romania,5,13526.810505340869
RO423,4768.62,357563.0,RO,Romania,5,13336.447003744795
RO424,14545.32,658515.0,RO,Romania,5,22088.061775358194
RS110,32418.65,1683033.0,RS,Serbia,5,19262.04061358274
RS121,1099.12,154072.0,RS,Serbia,5,7133.807570486526
RS122,2643.26,259767.0,RS,Serbia,5,10175.503431921683
RS123,8065.19,607662.0,RS,Serbia,5,13272.49359018665
RS124,1015.46,117600.0,RS,Serbia,5,8634.86394557823
RS125,1569.66,159934.0,RS,Serbia,5,9814.42344967299
RS126,1018.65,157379.0,RS,Serbia,5,6472.591641832773
RS127,3233.73,282237.0,RS,Serbia,5,11457.498485315533
RS211,2002.66,254167.0,RS,Serbia,5,7879.307699268591
RS212,1286.68,154107.0,RS,Serbia,5,8349.263823187785
RS213,1450.0,264891.0,RS,Serbia,5,5473.949662313933
RS214,1677.71,188935.0,RS,Serbia,5,8879.826395321143
RS215,1206.6,181625.0,RS,Serbia,5,6643.358568479009
RS216,1337.53,206591.0,RS,Serbia,5,6474.289780290525
RS217,1714.84,296875.0,RS,Serbia,5,5776.303157894737
RS218,2118.12,269258.0,RS,Serbia,5,7866.507216127283
RS221,2389.18,100711.0,RS,Serbia,5,23723.128555967072
RS222,1132.24,155892.0,RS,Serbia,5,7262.976932748313
RS223,581.39,96365.0,RS,Serbia,5,6033.207077258341
RS224,1004.3,184142.0,RS,Serbia,5,5453.943152567041
RS225,2878.37,343648.0,RS,Serbia,5,8375.92536549027
RS226,572.19,76430.0,RS,Serbia,5,7486.458197043046
RS227,1335.71,175290.0,RS,Serbia,5,7620.001140966398
RS228,952.54,193454.0,RS,Serbia,5,4923.8578680203045
RS229,476.25,77132.0,RS,Serbia,5,6174.480112015765
SE110,169125.42,2440027.0,SE,Sweden,5,69312.92973397425
SE121,19527.82,400682.0,SE,Sweden,5,48736.45434534119
SE122,11904.44,302566.0,SE,Sweden,5,39344.93631141635
SE123,21345.37,471912.0,SE,Sweden,5,45231.67454949228
SE124,13730.76,307772.0,SE,Sweden,5,44613.4151254825
SE125,10896.1,280713.0,SE,Sweden,5,38815.80119196475
SE211,16197.09,369113.0,SE,Sweden,5,43881.11499730435
SE212,10195.33,204335.0,SE,Sweden,5,49895.17214378349
SE213,9386.71,247711.0,SE,Sweden,5,37893.79559244442
SE214,2430.84,61173.0,SE,Sweden,5,39737.138933843366
SE221,6399.83,158740.0,SE,Sweden,5,40316.42938137835
SE224,61268.64,1414324.0,SE,Sweden,5,43320.08790065077
SE231,13277.2,342805.0,SE,Sweden,5,38731.05701492102
SE232,93272.06,1758656.0,SE,Sweden,5,53035.988846027874
SE311,11102.45,283976.0,SE,Sweden,5,39096.43772713187
SE312,11778.25,288310.0,SE,Sweden,5,40852.72796642503
SE313,10545.42,287334.0,SE,Sweden,5,36700.91252688509
SE321,10924.87,243265.0,SE,Sweden,5,44909.33755369658
SE322,5412.85,132670.0,SE,Sweden,5,40799.35177508103
SE331,12648.79,276295.0,SE,Sweden,5,45780.01773466766
SE332,13701.89,249177.0,SE,Sweden,5,54988.5824133046
SI031,2319.4,114104.0,SI,Slovenia,5,20327.070041365772
SI032,8093.59,329014.0,SI,Slovenia,5,24599.530719057548
SI033,1606.53,70718.0,SI,Slovenia,5,22717.412822760823
SI034,6810.55,260132.0,SI,Slovenia,5,26181.13111804776
SI035,942.3,57091.0,SI,Slovenia,5,16505.228494859086
SI036,1877.78,75987.0,SI,Slovenia,5,24711.85860739337
SI037,4009.18,147088.0,SI,Slovenia,5,27257.016207984336
SI038,1063.89,53751.0,SI,Slovenia,5,19792.934084947257
SI041,25242.65,561407.0,SI,Slovenia,5,44963.19069765785
SI042,5488.94,210188.0,SI,Slovenia,5,26114.430890440937
SI043,3217.45,118436.0,SI,Slovenia,5,27166.148806106252
SI044,3377.76,119056.0,SI,Slovenia,5,28371.18666845854
SK010,34184.65,728370.0,SK,Slovakia,5,46933.08346032923
SK021,13933.79,565573.0,SK,Slovakia,5,24636.589794774503
SK022,10971.37,570675.0,SK,Slovakia,5,19225.25079949183
SK023,13459.52,670696.0,SK,Slovakia,5,20067.989074036523
SK031,13744.89,688106.0,SK,Slovakia,5,19974.9602532168
SK032,10793.13,617777.0,SK,Slovakia,5,17470.91588064949
SK041,11566.25,808090.0,SK,Slovakia,5,14313.071563810961
SK042,14885.1,779505.0,SK,Slovakia,5,19095.57988723613
TR100,311324.44,15907951.0,TR,Turkey,5,19570.367044756425
TR211,18084.65,1142451.0,TR,Turkey,5,15829.69422758613
TR212,4228.31,414714.0,TR,Turkey,5,10195.725246796588
TR213,4939.62,369347.0,TR,Turkey,5,13373.927499072688
TR221,13514.3,1257590.0,TR,Turkey,5,10746.189139544686
TR222,6903.96,559383.0,TR,Turkey,5,12342.098347643743
TR310,63092.4,4462056.0,TR,Turkey,5,14139.759787864608
TR321,10223.34,1148241.0,TR,Turkey,5,8903.479321849682
TR322,10498.28,1056332.0,TR,Turkey,5,9938.428448631681
TR323,13108.44,1048185.0,TR,Turkey,5,12505.845819201762
TR331,16898.49,1468279.0,TR,Turkey,5,11509.04562416271
TR332,6117.25,747555.0,TR,Turkey,5,8183.009945756499
TR333,5352.47,580701.0,TR,Turkey,5,9217.256384955424
TR334,3399.41,375454.0,TR,Turkey,5,9054.131797770166
TR411,41229.07,3194720.0,TR,Turkey,5,12905.378249111032
TR412,11698.13,906617.0,TR,Turkey,5,12903.05608652827
TR413,3076.55,228673.0,TR,Turkey,5,13453.92766089569
TR421,42627.57,2079072.0,TR,Turkey,5,20503.1716073325
TR422,12401.76,1080080.0,TR,Turkey,5,11482.260573290867
TR423,4403.21,405131.0,TR,Turkey,5,10868.607931755407
TR424,4359.2,320824.0,TR,Turkey,5,13587.51215619779
TR425,3918.97,296333.0,TR,Turkey,5,13224.885517306544
TR510,107971.63,5782285.0,TR,Turkey,5,18672.83089643627
TR521,22622.78,2296347.0,TR,Turkey,5,9851.638275922585
TR522,3061.21,260838.0,TR,Turkey,5,11736.058396399298
TR611,35762.69,2688004.0,TR,Turkey,5,13304.552374178014
TR612,4117.72,445325.0,TR,Turkey,5,9246.55027227306
TR613,2637.82,273799.0,TR,Turkey,5,9634.14767767596
TR621,21548.35,2274106.0,TR,Turkey,5,9475.525767048677
TR622,21490.1,1916432.0,TR,Turkey,5,11213.599021514981
TR631,13339.02,1686043.0,TR,Turkey,5,7911.43523623063
TR632,9045.41,1177436.0,TR,Turkey,5,7682.294409207804
TR633,4043.09,559405.0,TR,Turkey,5,7227.482771873687
TR711,2950.19,277046.0,TR,Turkey,5,10648.737032839312
TR712,4462.08,433055.0,TR,Turkey,5,10303.725854683586
TR713,3105.8,365419.0,TR,Turkey,5,8499.284383132786
TR714,2726.6,310011.0,TR,Turkey,5,8795.171784227012
TR715,2199.97,244519.0,TR,Turkey,5,8997.133147117402
TR721,14863.09,1441523.0,TR,Turkey,5,10310.685296037593
TR722,5113.15,634924.0,TR,Turkey,5,8053.168568206588
TR723,2972.87,418442.0,TR,Turkey,5,7104.61664938032
TR811,5344.34,588510.0,TR,Turkey,5,9081.137108970112
TR812,2261.44,252058.0,TR,Turkey,5,8971.903292099438
TR813,1529.8,203351.0,TR,Turkey,5,7522.952923762362
TR821,3587.19,378115.0,TR,Turkey,5,9487.03436785105
TR822,1996.76,195766.0,TR,Turkey,5,10199.728246988752
TR823,1681.61,220799.0,TR,Turkey,5,7616.021811692988
TR831,11699.85,1368488.0,TR,Turkey,5,8549.472118133297
TR832,3573.81,596454.0,TR,Turkey,5,5991.761309338189
TR833,3967.66,524130.0,TR,Turkey,5,7569.9921775132125
TR834,2728.49,338267.0,TR,Turkey,5,8066.083892309921
TR901,6390.08,818023.0,TR,Turkey,5,7811.614098870081
TR902,5042.09,763190.0,TR,Turkey,5,6606.598618954651
TR903,3042.05,450862.0,TR,Turkey,5,6747.1865005256595
TR904,2725.05,344016.0,TR,Turkey,5,7921.28854471885
TR905,1563.75,169403.0,TR,Turkey,5,9230.946323264641
TR906,924.79,144544.0,TR,Turkey,5,6397.982621208766
TRA11,5321.23,749754.0,TR,Turkey,5,7097.301248142724
TRA12,2438.81,239223.0,TR,Turkey,5,10194.713718998592
TRA13,562.73,84241.0,TR,Turkey,5,6680.001424484514
TRA21,2315.93,510626.0,TR,Turkey,5,4535.4721459541815
TRA22,1828.61,274829.0,TR,Turkey,5,6653.628256115621
TRA23,1272.37,203594.0,TR,Turkey,5,6249.5456644105425
TRA24,824.1,92481.0,TR,Turkey,5,8911.019560774646
TRB11,5771.78,812580.0,TR,Turkey,5,7103.029855521918
TRB12,4715.58,591497.0,TR,Turkey,5,7972.280501845318
TRB13,1726.94,282556.0,TR,Turkey,5,6111.850394258129
TRB14,898.89,84366.0,TR,Turkey,5,10654.647606855842
TRB21,4884.93,1128749.0,TR,Turkey,5,4327.738053367046
TRB22,2150.61,399202.0,TR,Turkey,5,5387.272608854665
TRB23,1853.19,353988.0,TR,Turkey,5,5235.177463642835
TRB24,1846.51,275333.0,TR,Turkey,5,6706.460903705694
TRC11,19173.12,2154051.0,TR,Turkey,5,8900.959169490416
TRC12,3776.13,635169.0,TR,Turkey,5,5945.079183650336
TRC13,1287.65,147919.0,TR,Turkey,5,8705.102116699005
TRC21,10483.84,2170110.0,TR,Turkey,5,4831.01778250872
TRC22,9734.88,1804880.0,TR,Turkey,5,5393.643898763353
TRC31,5743.97,870374.0,TR,Turkey,5,6599.427372600744
TRC32,3543.16,634491.0,TR,Turkey,5,5584.255726243556
TRC33,3987.45,557605.0,TR,Turkey,5,7151.029850880103
TRC34,2065.1,331311.0,TR,Turkey,5,6233.116316693378
