sido_code,name_kr,name_en,region_type,year,grdp_bkrw,grdp_share_pct,gfcf_bkrw,gfcf_share_pct,population_1000,housing_stock_10k,grdp_per_capita,gfcf_gdp_ratio,delta_grdp,muq,muq_ma3
11,서울특별시,Seoul,metro,1985,25265.5,27.8,6478.1,24.0,9640.0,135.5,2.620902489626556,0.2564010211553304,,,
11,서울특별시,Seoul,metro,1986,29332.3,27.64,7238.0,23.6,9834.6,138.0,2.982561568340349,0.2467586926357633,4066.7999999999993,0.5618679193147277,0.5770662505312312
11,서울특별시,Seoul,metro,1987,34468.3,27.48,8671.8,23.2,10029.2,140.5,3.4367945598851355,0.25158769071871834,5136.000000000004,0.5922645817477346,0.5780197561673797
11,서울특별시,Seoul,metro,1988,40645.1,27.32,10651.0,22.8,10223.8,143.0,3.9755374713902856,0.2620488078513769,6176.799999999996,0.5799267674396766,0.49827263145618267
11,서울특별시,Seoul,metro,1989,44635.7,27.16,12369.1,22.4,10418.4,145.5,4.2843142901021265,0.2771122666385875,3990.5999999999985,0.32262654518113676,0.4701786077460077
11,서울특별시,Seoul,metro,1990,52733.5,27.0,15941.1,22.0,10613.0,148.0,4.968764722510129,0.30229550475504186,8097.800000000003,0.5079825106172098,0.4127715516190682
11,서울특별시,Seoul,metro,1991,60496.5,26.74,19040.7,21.6,10536.6,152.4,5.7415579978361135,0.31474052217896903,7763.0,0.4077055990588581,0.382901289875402
11,서울특별시,Seoul,metro,1992,64945.4,26.48,19092.7,21.2,10460.2,156.8,6.20881053899543,0.2939807900174608,4448.9000000000015,0.23301575995013807,0.2913449581209496
11,서울특별시,Seoul,metro,1993,69536.8,26.22,19679.1,20.8,10383.8,161.2,6.696662108284059,0.28300266909032334,4591.4000000000015,0.23331351535385267,0.2659694702046032
11,서울특별시,Seoul,metro,1994,76965.3,25.96,22403.4,20.4,10307.4,165.6,7.466994586413645,0.29108442375979826,7428.5,0.33157913530981903,0.5284900084012154
11,서울특별시,Seoul,metro,1995,109744.0,25.7,32117.8,20.0,10231.0,170.0,10.726615189131072,0.2926611022014871,32778.7,1.0205773745399747,0.5409324079270151
11,서울특별시,Seoul,metro,1996,119506.2,25.26,36070.7,19.7,10163.8,174.6,11.758023573860171,0.30183120206315656,9762.199999999997,0.2706407139312516,0.4895808836112327
11,서울특별시,Seoul,metro,1997,125839.3,24.82,35674.5,19.4,10096.6,179.2,12.463532278192659,0.283492517838227,6333.100000000006,0.17752456236247197,0.10370775293053426
11,서울특별시,Seoul,metro,1998,122527.2,24.38,24168.5,19.1,10029.4,183.8,12.216802600354956,0.19725007998224067,-3312.100000000006,-0.13704201750212078,0.10983080675837965
11,서울특별시,Seoul,metro,1999,131254.2,23.94,30196.2,18.8,9962.2,188.4,13.17522234044689,0.23005892382872317,8727.000000000015,0.2890098754147878,0.21156750952509304
11,서울특별시,Seoul,metro,2000,148908.0,23.5,36570.4,18.5,9895.0,193.0,15.048812531581607,0.24559056598705242,17653.79999999999,0.48273467066261205,0.35530987430326405
11,서울특별시,Seoul,metro,2001,159738.1,23.32,36813.9,18.2,9880.0,198.4,16.167823886639678,0.23046411594979532,10830.100000000006,0.29418507683239226,0.390795599113635
11,서울특별시,Seoul,metro,2002,175508.1,23.14,39876.9,17.9,9865.0,203.8,17.790988342625443,0.2272083168811012,15770.0,0.39546704984590075,0.3080728258441583
11,서울특별시,Seoul,metro,2003,185594.5,22.96,43000.2,17.6,9850.0,209.2,18.84208121827411,0.23168897785225315,10086.399999999994,0.23456635085418195,0.3050028660724808
11,서울특별시,Seoul,metro,2004,198698.6,22.78,45983.3,17.3,9835.0,214.6,20.203213014743266,0.2314223653312102,13104.100000000006,0.28497519751735967,0.22869473729132972
11,서울특별시,Seoul,metro,2005,206488.3,22.6,46773.0,17.0,9820.0,220.0,21.02732179226069,0.2265164660661161,7789.6999999999825,0.16654266350244762,0.21133291286222466
11,서울특별시,Seoul,metro,2006,215324.9,22.42,48424.8,16.8,9814.8,226.6,21.93879651139096,0.22489177981738295,8836.600000000006,0.18248087756686668,0.20805299621956333
11,서울특별시,Seoul,metro,2007,229366.3,22.24,51034.5,16.6,9809.6,233.2,23.38181984994291,0.22250217228947758,14041.399999999994,0.2751354475893757,0.21415092417189827
11,서울특별시,Seoul,metro,2008,239128.4,22.06,52814.8,16.4,9804.4,239.8,24.38990657255926,0.2208637702589906,9762.100000000006,0.18483644735945237,0.20650495799839907
11,서울특별시,Seoul,metro,2009,246906.2,21.88,48750.5,16.2,9799.2,246.4,25.196567066699323,0.19744542664380238,7777.8000000000175,0.1595429790463691,0.34690415133797076
11,서울특별시,Seoul,metro,2010,291168.4,21.7,63564.7,16.0,9794.0,253.0,29.729262813967736,0.21830906101074152,44262.20000000001,0.6963330276080909,0.3642223070335029
11,서울특별시,Seoul,metro,2011,307126.9,21.64,67394.9,15.8,9816.0,255.8,31.288396495517524,0.21943665631372566,15958.5,0.2367909144460486,0.3646875651773971
11,서울특별시,Seoul,metro,2012,317920.0,21.58,67063.4,15.6,9838.0,258.6,32.31551128278105,0.2109442627075994,10793.099999999977,0.16093875347805178,0.1924414010927631
11,서울특별시,Seoul,metro,2013,330415.2,21.52,69574.5,15.4,9860.0,261.4,33.510669371196755,0.2105668867533939,12495.200000000012,0.17959453535418884,0.17626767748156083
11,서울특별시,Seoul,metro,2014,344026.5,21.46,72296.8,15.2,9882.0,264.2,34.81344869459623,0.2101489274808772,13611.299999999988,0.18826974361244186,0.20565764111449925
11,서울특별시,Seoul,metro,2015,362646.3,21.4,74745.7,15.0,9904.0,267.0,36.616144991922454,0.20611185058278547,18619.79999999999,0.24910864437686703,0.22726947767882755
11,서울특별시,Seoul,metro,2016,382299.6,21.46,80404.6,15.1,9856.8,272.6,38.78536644752861,0.21031829486612075,19653.29999999999,0.24443004504717375,0.24736256087786904
11,서울특별시,Seoul,metro,2017,404674.9,21.52,90023.7,15.2,9809.6,278.2,41.252946093622576,0.22245931240113975,22375.300000000047,0.24854899320956644,0.25851838708862923
11,서울특별시,Seoul,metro,2018,431153.3,21.58,93703.6,15.3,9762.4,283.8,44.16468286486929,0.21733244300809018,26478.399999999965,0.2825761230091476,0.25623744755420846
11,서울특별시,Seoul,metro,2019,453958.3,21.64,95985.8,15.4,9715.2,289.4,46.726603672595516,0.21144188794433322,22805.0,0.23758722644391148,0.18659135575830502
11,서울특별시,Seoul,metro,2020,457962.9,21.7,101098.9,15.5,9668.0,295.0,47.368938767066616,0.22075783868081889,4004.600000000035,0.039610717821855976,0.17505632063731005
11,서울특별시,Seoul,metro,2021,485314.5,21.4,110301.6,15.25,9588.5,300.6,50.61422537414611,0.22727859975335582,27351.599999999977,0.24797101764616267,0.1402232676145941
11,서울특별시,Seoul,metro,2022,500699.8,21.1,115602.4,15.0,9509.0,306.2,52.655358081817226,0.23088165803141922,15385.299999999988,0.13308806737576373,0.1905295425109632
21,부산광역시,Busan,metro,1985,7179.8,7.9,1889.5,7.0,3515.0,52.0,2.0426173541963015,0.2631688904983426,,,
21,부산광역시,Busan,metro,1986,8277.6,7.8,2116.2,6.9,3571.6,53.2,2.317616754395789,0.2556538126993331,1097.8000000000002,0.5187600415839714,0.5309502297072786
21,부산광역시,Busan,metro,1987,9658.1,7.7,2541.7,6.8,3628.2,54.4,2.6619535858001213,0.2631677037926714,1380.5,0.5431404178305859,0.5295528342675082
21,부산광역시,Busan,metro,1988,11306.8,7.6,3129.9,6.7,3684.8,55.6,3.0684976118106815,0.27681572151271805,1648.699999999999,0.5267580433879673,0.44983261918973955
21,부산광역시,Busan,metro,1989,12325.8,7.5,3644.5,6.6,3741.4,56.8,3.294435238146148,0.2956806049100261,1019.0,0.2795993963506654,0.41932687215050474
21,부산광역시,Busan,metro,1990,14452.9,7.4,4709.9,6.5,3798.0,58.0,3.805397577672459,0.3258792353091767,2127.1000000000004,0.4516231767128815,0.36293660837765285
21,부산광역시,Busan,metro,1991,16470.3,7.28,5641.7,6.4,3801.2,60.4,4.332921182784384,0.3425377801254379,2017.3999999999996,0.35758725206941167,0.3338032201126215
21,부산광역시,Busan,metro,1992,17560.8,7.16,5673.8,6.3,3804.4,62.8,4.615918410261802,0.32309461983508725,1090.5,0.19219923155557123,0.24631585572522485
21,부산광역시,Busan,metro,1993,18670.4,7.04,5865.9,6.2,3807.6,65.2,4.903456245403929,0.31418180649584365,1109.6000000000022,0.18916108355069167,0.21896328795053888
21,부산광역시,Busan,metro,1994,20516.2,6.92,6699.1,6.1,3810.8,67.6,5.383698960848116,0.3265273296224447,1845.7999999999993,0.27552954874535374,0.4496844467517733
21,부산광역시,Busan,metro,1995,29037.3,6.8,9635.3,6.0,3814.0,70.0,7.6133455689564755,0.3318249286262841,8521.099999999999,0.8843627079592746,0.46289113910630264
21,부산광역시,Busan,metro,1996,31508.8,6.66,10802.9,5.9,3782.2,72.0,8.330812754481519,0.3428534250748997,2471.5,0.2287811606142795,0.4194309194875144
21,부산광역시,Busan,metro,1997,33056.9,6.52,10665.6,5.8,3750.4,74.0,8.814233148464163,0.32264368407200916,1548.1000000000022,0.1451488898889891,0.07876068187430664
21,부산광역시,Busan,metro,1998,32064.1,6.38,7212.6,5.7,3718.6,76.0,8.622626795030387,0.2249431607311604,-992.8000000000029,-0.13764800488034867,0.08208508291266305
21,부산광역시,Busan,metro,1999,34211.6,6.24,8994.6,5.6,3686.8,78.0,9.279483562981447,0.26291082556793605,2147.5,0.23875436372934872,0.16986159522560337
21,부산광역시,Busan,metro,2000,38652.7,6.1,10872.3,5.5,3655.0,80.0,10.575294117647058,0.2812817733301943,4441.0999999999985,0.40847842682781,0.2862176464123282
21,부산광역시,Busan,metro,2001,40962.0,5.98,10922.8,5.4,3628.8,82.2,11.2880291005291,0.26665690151848054,2309.300000000003,0.21142014867982598,0.3049889323902909
21,부산광역시,Busan,metro,2002,44445.9,5.86,11807.1,5.3,3602.6,84.4,12.337173152723034,0.26565104992811484,3483.9000000000015,0.29506822166323665,0.22006286830125757
21,부산광역시,Busan,metro,2003,46398.6,5.74,12704.6,5.2,3576.4,86.6,12.9735488200425,0.27381429612100366,1952.699999999997,0.15370023456071005,0.21406127362163743
21,부산광역시,Busan,metro,2004,49020.5,5.62,13555.8,5.1,3550.2,88.8,13.80781364430173,0.27653328709417485,2621.9000000000015,0.19341536464096562,0.1455352958802825
21,부산광역시,Busan,metro,2005,50251.6,5.5,13756.8,5.0,3524.0,91.0,14.259818388195232,0.27375844749221917,1231.0999999999985,0.0894902884391718,0.13685151064362663
21,부산광역시,Busan,metro,2006,52054.5,5.42,14123.9,4.9,3502.0,92.6,14.864220445459738,0.27132908778299664,1802.9000000000015,0.12764887885074247,0.14055527753376393
21,부산광역시,Busan,metro,2007,55072.7,5.34,14757.0,4.8,3480.0,94.2,15.825488505747126,0.2679549032460729,3018.199999999997,0.20452666531137745,0.15356373079639435
21,부산광역시,Busan,metro,2008,57017.9,5.26,15135.9,4.7,3458.0,95.8,16.48869288606131,0.26545874190385826,1945.2000000000044,0.1285156482270631,0.14559550842967942
21,부산광역시,Busan,metro,2009,58454.0,5.18,13842.7,4.6,3436.0,97.4,17.01222351571595,0.23681356280151916,1436.0999999999985,0.10374421175059768,0.26344977090020716
21,부산광역시,Busan,metro,2010,68431.3,5.1,17877.6,4.5,3414.0,99.0,20.044317516110137,0.26124887295725785,9977.300000000003,0.5580894527229607,0.2701620554053377
21,부산광역시,Busan,metro,2011,71246.6,5.02,18938.8,4.44,3421.0,100.0,20.826249634609766,0.26582040406138674,2815.300000000003,0.1486525017424548,0.26267140897812874
21,부산광역시,Busan,metro,2012,72776.9,4.94,18829.3,4.38,3428.0,101.0,21.230134189031503,0.2587263266228707,1530.2999999999884,0.08127227246897062,0.1081167156544619
21,부산광역시,Busan,metro,2013,74619.8,4.86,19517.0,4.32,3435.0,102.0,21.723377001455606,0.26155256379674025,1842.9000000000087,0.09442537275196028,0.09161115674471092
21,부산광역시,Busan,metro,2014,76628.5,4.78,20262.1,4.26,3442.0,103.0,22.262783265543288,0.2644198959917002,2008.699999999997,0.09913582501320185,0.11258972637048041
21,부산광역시,Busan,metro,2015,79646.6,4.7,20928.8,4.2,3449.0,104.0,23.092664540446506,0.2627707899646689,3018.100000000006,0.1442079813462791,0.12147798653605074
21,부산광역시,Busan,metro,2016,82303.1,4.62,21938.2,4.12,3437.4,106.0,23.94341653575377,0.2665537507092685,2656.5,0.12109015324867127,0.13119836694060402
21,부산광역시,Busan,metro,2017,85372.9,4.54,23927.3,4.04,3425.8,108.0,24.920573296748202,0.28026809444214734,3069.7999999999884,0.1282969662268617,0.13446078158314004
21,부산광역시,Busan,metro,2018,89107.7,4.46,24252.7,3.96,3414.2,110.0,26.099144748403727,0.2721728874160146,3734.800000000003,0.15399522527388715,0.13234401812729962
21,부산광역시,Busan,metro,2019,91882.5,4.38,24183.4,3.88,3402.6,112.0,27.00361488273673,0.26319919462356817,2774.800000000003,0.11473986288115,0.07432616553316344
21,부산광역시,Busan,metro,2020,90748.4,4.3,24785.5,3.8,3391.0,114.0,26.761545266882923,0.2731232726968189,-1134.1000000000058,-0.04575659155554682,0.07981491561677252
21,부산광역시,Busan,metro,2021,95248.6,4.2,26400.1,3.65,3370.5,116.0,28.259486723038126,0.27717047809626594,4500.200000000012,0.17046147552471438,0.06682480805143635
21,부산광역시,Busan,metro,2022,97292.4,4.1,26973.9,3.5,3350.0,118.0,29.042507462686565,0.27724570470046994,2043.7999999999884,0.0757695401851415,0.12311550785492793
22,대구광역시,Daegu,metro,1985,3817.1,4.2,1079.7,4.0,2030.0,33.0,1.880344827586207,0.2828587147310786,,,
22,대구광역시,Daegu,metro,1986,4414.7,4.16,1226.8,4.0,2069.8,33.6,2.132911392405063,0.27788977733481324,597.5999999999999,0.4871209651124877,0.4953831031167415
22,대구광역시,Daegu,metro,1987,5167.7,4.12,1495.1,4.0,2109.6,34.2,2.4496113007205156,0.2893163302823306,753.0,0.5036452411209953,0.4912136952741601
22,대구광역시,Daegu,metro,1988,6070.0,4.08,1868.6,4.0,2149.4,34.8,2.8240439192332745,0.30784184514003293,902.3000000000002,0.4828748795889972,0.41478414261502944
22,대구광역시,Daegu,metro,1989,6639.5,4.04,2208.8,4.0,2189.2,35.4,3.0328430476886536,0.33267565328714516,569.5,0.257832307135096,0.38179290988144166
22,대구광역시,Daegu,metro,1990,7812.4,4.0,2898.4,4.0,2229.0,36.0,3.5048900852400178,0.37099994879934467,1172.8999999999996,0.4046715429202317,0.33033196208826426
22,대구광역시,Daegu,metro,1991,8959.1,3.96,3490.8,3.96,2273.0,37.4,3.941531016278047,0.38963735196615734,1146.7000000000007,0.32849203620946504,0.3062505381599328
22,대구광역시,Daegu,metro,1992,9614.3,3.92,3530.4,3.92,2317.0,38.8,4.1494605092792405,0.3672030205007125,655.1999999999989,0.18558803535010165,0.23271645778855451
22,대구광역시,Daegu,metro,1993,10290.0,3.88,3670.9,3.88,2361.0,40.2,4.358322744599746,0.35674441205053453,675.7000000000007,0.1840693018060968,0.20974776951944898
22,대구광역시,Daegu,metro,1994,11384.7,3.84,4217.1,3.84,2405.0,41.6,4.733762993762994,0.37041819283775596,1094.7000000000007,0.25958597140214856,0.4123711948974172
22,대구광역시,Daegu,metro,1995,16226.7,3.8,6102.4,3.8,2449.0,43.0,6.625847284605962,0.37607153641837215,4842.0,0.7934583114840064,0.42704780272181253
22,대구광역시,Daegu,metro,1996,17788.7,3.76,6847.9,3.74,2455.2,44.8,7.245316063864451,0.3849578665107624,1562.0,0.22809912527928272,0.39332364579218343
22,대구광역시,Daegu,metro,1997,18860.7,3.72,6767.1,3.68,2461.4,46.6,7.662590395709759,0.3587936821008764,1072.0,0.1584135006132612,0.10220347655790263
22,대구광역시,Daegu,metro,1998,18494.7,3.68,4580.6,3.62,2467.6,48.4,7.495015399578539,0.24767095438152553,-366.0,-0.07990219621883596,0.11140419951774055
22,대구광역시,Daegu,metro,1999,19956.8,3.64,5718.0,3.56,2473.8,50.2,8.067264936534885,0.2865188807824902,1462.0999999999985,0.25570129415879655,0.19613035295249137
22,대구광역시,Daegu,metro,2000,22811.4,3.6,6918.7,3.5,2480.0,52.0,9.198145161290324,0.303300104333798,2854.600000000002,0.4125919609175137,0.29816706080461336
22,대구광역시,Daegu,metro,2001,24385.4,3.56,6958.2,3.44,2475.2,53.6,9.851890756302522,0.285342869093802,1574.0,0.22620792733752984,0.3153043196624446
22,대구광역시,Daegu,metro,2002,26697.9,3.52,7529.8,3.38,2470.4,55.2,10.807116256476684,0.28203716397169815,2312.5,0.3071130707322904,0.2366332134914457
22,대구광역시,Daegu,metro,2003,28130.2,3.48,8111.4,3.32,2465.6,56.8,11.409068786502273,0.28835202024870066,1432.2999999999993,0.176578642404517,0.23336668795904447
22,대구광역시,Daegu,metro,2004,30005.4,3.44,8665.1,3.26,2460.8,58.4,12.193351755526658,0.2887846854232905,1875.2000000000007,0.21640835074032622,0.17109728139451322
22,대구광역시,Daegu,metro,2005,31064.6,3.4,8804.3,3.2,2456.0,60.0,12.64845276872964,0.2834190686504896,1059.199999999997,0.12030485103869668,0.15634671637862915
22,대구광역시,Daegu,metro,2006,32269.9,3.36,9108.5,3.16,2451.0,61.2,13.166013871889026,0.28225993882844386,1205.300000000003,0.1323269473568648,0.15267042709932666
22,대구광역시,Daegu,metro,2007,34239.9,3.32,9592.0,3.12,2446.0,62.4,13.998323793949305,0.2801410050847111,1970.0,0.20537948290241867,0.156760538335864
22,대구광역시,Daegu,metro,2008,35554.9,3.28,9918.9,3.08,2441.0,63.6,14.565710774272839,0.2789742060869247,1315.0,0.1325751847483088,0.14934729930851173
22,대구광역시,Daegu,metro,2009,36562.0,3.24,9148.2,3.04,2436.0,64.8,15.00903119868637,0.25021060117061433,1007.0999999999985,0.11008723027480799,0.25919160645756467
22,대구광역시,Daegu,metro,2010,42937.3,3.2,11918.4,3.0,2431.0,66.0,17.662402303578776,0.2775768387858575,6375.300000000003,0.5349124043495774,0.27294954252248754
22,대구광역시,Daegu,metro,2011,45132.3,3.18,12625.9,2.96,2438.0,66.6,18.512018047579986,0.2797530814959574,2195.0,0.17384899294307732,0.2739954099338256
22,대구광역시,Daegu,metro,2012,46553.6,3.16,12552.9,2.92,2445.0,67.2,19.040327198364007,0.26964402323343417,1421.2999999999956,0.11322483250882232,0.1381543649264434
22,대구광역시,Daegu,metro,2013,48211.1,3.14,13011.3,2.88,2452.0,67.8,19.66194942903752,0.2698818321921715,1657.5,0.12738926932743078,0.12476561838240981
22,대구광역시,Daegu,metro,2014,50016.9,3.12,13508.1,2.84,2459.0,68.4,20.34034160227735,0.2700707160979589,1805.800000000003,0.1336827533109766,0.14713270969031536
22,대구광역시,Daegu,metro,2015,52532.9,3.1,13952.5,2.8,2466.0,69.0,21.302879156528792,0.26559546493721076,2516.0,0.18032610643253896,0.14175438116650413
22,대구광역시,Daegu,metro,2016,54156.1,3.04,14590.0,2.74,2456.6,70.2,22.045143694537167,0.26940640112563496,1623.199999999997,0.11125428375599705,0.136708098679623
22,대구광역시,Daegu,metro,2017,56037.7,2.98,15872.6,2.68,2447.2,71.4,22.898700555737168,0.28324859871122476,1881.5999999999985,0.11854390585033318,0.12441816756872269
22,대구광역시,Daegu,metro,2018,58339.6,2.92,16046.0,2.62,2437.8,72.6,23.931249487242592,0.27504473805099794,2301.9000000000015,0.14345631309983806,0.12194294958439778
22,대구광역시,Daegu,metro,2019,59996.3,2.86,15956.1,2.56,2428.4,73.8,24.70610278372591,0.26595140033635406,1656.7000000000044,0.10382862980302231,0.06394261654405363
22,대구광역시,Daegu,metro,2020,59092.0,2.8,16306.3,2.5,2419.0,75.0,24.42827614716825,0.2759476748121573,-904.3000000000029,-0.05545709327069923,0.07646311101312829
22,대구광역시,Daegu,metro,2021,62365.2,2.75,18082.2,2.5,2402.0,76.2,25.96386344712739,0.28994054376479195,3273.199999999997,0.181017796507062,0.07135809446025128
22,대구광역시,Daegu,metro,2022,64070.6,2.7,19267.1,2.5,2385.0,77.4,26.86398322851153,0.3007167093799652,1705.4000000000015,0.0885135801443913,0.13476568832572655
23,인천광역시,Incheon,metro,1985,3271.8,3.6,1349.6,5.0,1387.0,23.0,2.3589041095890413,0.41249465126230206,,,
23,인천광역시,Incheon,metro,1986,3862.9,3.64,1564.1,5.1,1473.2,24.4,2.622115123540592,0.4049030521111082,591.0999999999999,0.3779170129787098,0.3826355142580435
23,인천광역시,Incheon,metro,1987,4615.8,3.68,1943.7,5.2,1559.4,25.8,2.9599846094651787,0.4210971012608865,752.9000000000001,0.3873540155373772,0.3787625428467734
23,인천광역시,Incheon,metro,1988,5534.4,3.72,2475.9,5.3,1645.6,27.2,3.363150218765192,0.4473655680832611,918.5999999999995,0.37101660002423337,0.32488312445297146
23,인천광역시,Incheon,metro,1989,6179.3,3.76,2981.8,5.4,1731.8,28.6,3.568137198290796,0.4825465667632256,644.9000000000005,0.21627875779730382,0.2996803410471961
23,인천광역시,Incheon,metro,1990,7421.7,3.8,3985.3,5.5,1818.0,30.0,4.0823432343234325,0.5369793982510745,1242.3999999999996,0.3117456653200511,0.26454590396156674
23,인천광역시,Incheon,metro,1991,8732.9,3.86,4936.5,5.6,1916.0,32.6,4.557881002087682,0.5652761396557845,1311.1999999999998,0.26561328876734525,0.24968600764355267
23,인천광역시,Incheon,metro,1992,9614.3,3.92,5133.4,5.7,2014.0,35.2,4.7737338629592845,0.5339338277357686,881.3999999999996,0.17169906884326172,0.20292492406306498
23,인천광역시,Incheon,metro,1993,10555.2,3.98,5487.5,5.8,2112.0,37.8,4.997727272727273,0.5198859329998484,940.9000000000015,0.17146241457858796,0.18756780543895693
23,인천광역시,Incheon,metro,1994,11977.7,4.04,6479.4,5.9,2210.0,40.4,5.4197737556561085,0.5409552752197834,1422.5,0.21954193289502116,0.3216486665079608
23,인천광역시,Incheon,metro,1995,17507.8,4.1,9635.3,6.0,2308.0,43.0,7.585701906412478,0.5503432755686037,5530.0999999999985,0.5739416520502734,0.31987780502783275
23,인천광역시,Incheon,metro,1996,19302.7,4.08,10802.9,5.9,2341.4,45.4,8.244084735628256,0.5596574572469136,1794.9000000000015,0.16614983013820378,0.2867574167550949
23,인천광역시,Incheon,metro,1997,20584.5,4.06,10665.6,5.8,2374.8,47.8,8.66788782213239,0.5181374335057932,1281.7999999999993,0.12018076807680761,0.08247548607924986
23,인천광역시,Incheon,metro,1998,20303.9,4.04,7212.6,5.7,2408.2,50.2,8.431151897682918,0.3552322460217003,-280.59999999999854,-0.03890413997726181,0.09143822438293249
23,인천광역시,Incheon,metro,1999,22040.2,4.02,8994.6,5.6,2441.6,52.6,9.026949541284404,0.4080997450113883,1736.2999999999993,0.19303804504925168,0.1527334006638949
23,인천광역시,Incheon,metro,2000,25346.1,4.0,10872.3,5.5,2475.0,55.0,10.240848484848485,0.42895356682093105,3305.899999999998,0.30406629691969483,0.2283593738619649
23,인천광역시,Incheon,metro,2001,27399.3,4.0,10922.8,5.4,2483.8,56.6,11.031202190192445,0.39865252031986215,2053.2000000000007,0.1879737796169481,0.24699167979932404
23,인천광역시,Incheon,metro,2002,30338.5,4.0,11807.1,5.3,2492.6,58.2,12.171427425178528,0.3891787662540996,2939.2000000000007,0.24893496286132927,0.19797949324626574
23,인천광역시,Incheon,metro,2003,32333.5,4.0,12704.6,5.2,2501.4,59.8,12.926161349644198,0.3929237478157329,1995.0,0.1570297372605198,0.1981851871993725
23,인천광역시,Incheon,metro,2004,34890.0,4.0,13555.8,5.1,2510.2,61.4,13.899290893155925,0.3885296646603611,2556.5,0.18859086147626847,0.1553470151174267
23,인천광역시,Incheon,metro,2005,36546.6,4.0,13756.8,5.0,2519.0,63.0,14.508376339817387,0.3764180525685016,1656.5999999999985,0.12042044661549188,0.1462544638035461
23,인천광역시,Incheon,metro,2006,38416.6,4.0,14412.1,5.0,2547.8,65.0,15.078342099065859,0.37515292868187194,1870.0,0.1297520833188779,0.14489524314318317
23,인천광역시,Incheon,metro,2007,41252.9,4.0,15371.8,5.0,2576.6,67.0,16.010595358224016,0.3726235004084561,2836.300000000003,0.1845131994951797,0.14836638306805186
23,인천광역시,Incheon,metro,2008,43359.6,4.0,16102.1,5.0,2605.4,69.0,16.64220465187687,0.3713618206810026,2106.699999999997,0.130833866390098,0.1445179859511698
23,인천광역시,Incheon,metro,2009,45138.2,4.0,15046.5,5.0,2634.2,71.0,17.135449092703666,0.33334293347984634,1778.5999999999985,0.11820689196823171,0.2262106595521188
23,인천광역시,Incheon,metro,2010,53671.6,4.0,19864.0,5.0,2663.0,73.0,20.15456252346977,0.3701026241066039,8533.400000000001,0.42959122029802665,0.2320164640364427
23,인천광역시,Incheon,metro,2011,56770.2,4.0,20901.0,4.9,2708.4,74.2,20.960788657509966,0.3681685109441221,3098.5999999999985,0.14825127984306963,0.22748066311865675
23,인천광역시,Incheon,metro,2012,58928.6,4.0,20634.9,4.8,2753.8,75.4,21.399012273948724,0.3501678302216581,2158.4000000000015,0.1045994892148739,0.12332354799145016
23,인천광역시,Incheon,metro,2013,61415.5,4.0,21233.8,4.7,2799.2,76.6,21.940375821663334,0.34574008190114874,2486.9000000000015,0.11711987491640694,0.11517377130647888
23,인천광역시,Incheon,metro,2014,64124.2,4.0,21879.3,4.6,2844.6,77.8,22.542431273289743,0.3412019175287957,2708.699999999997,0.1238019497881558,0.13471696940629335
23,인천광역시,Incheon,metro,2015,67784.4,4.0,22423.7,4.5,2890.0,79.0,23.454809688581314,0.33080915372858655,3660.199999999997,0.1632290835143173,0.13904361989712077
23,인천광역시,Incheon,metro,2016,70901.8,3.98,23961.6,4.5,2901.0,80.8,24.44046880386074,0.3379547486805694,3117.4000000000087,0.13009982638888926,0.14235632383759492
23,인천광역시,Incheon,metro,2017,74466.2,3.96,26651.7,4.5,2912.0,82.6,25.572184065934064,0.3579033172096871,3564.399999999994,0.13374006160957816,0.13937642407082948
23,인천광역시,Incheon,metro,2018,78718.4,3.94,27559.9,4.5,2923.0,84.4,26.93068764967499,0.35010747169657924,4252.199999999997,0.15428938421402097,0.1377754201823452
23,인천광역시,Incheon,metro,2019,82232.7,3.92,28047.8,4.5,2934.0,86.2,28.027505112474437,0.3410784274382332,3514.300000000003,0.12529681472343654,0.09403579399518928
23,인천광역시,Incheon,metro,2020,82306.7,3.9,29351.3,4.5,2945.0,88.0,27.947945670628183,0.3566088787425568,74.0,0.0025211830481103054,0.11708471786764486
23,인천광역시,Incheon,metro,2021,89579.1,3.95,32548.0,4.5,2962.5,89.8,30.23767088607595,0.36334368172933196,7272.400000000009,0.22343615583138776,0.12664737334673365
23,인천광역시,Incheon,metro,2022,94919.4,4.0,34680.7,4.5,2980.0,91.6,31.85214765100671,0.36536998758947065,5340.299999999988,0.15398478116070288,0.1887104684960453
24,광주광역시,Gwangju,metro,1985,1999.4,2.2,539.8,2.0,906.0,16.0,2.2068432671081677,0.2699809942982895,,,
24,광주광역시,Gwangju,metro,1986,2355.9,2.22,625.7,2.04,952.6,16.6,2.473126180978375,0.2655885224330405,356.5,0.5697618667092855,0.5766494221006233
24,광주광역시,Gwangju,metro,1987,2809.6,2.24,777.5,2.08,999.2,17.2,2.8118494795836666,0.27672978359908884,453.6999999999998,0.5835369774919612,0.570452064922225
24,광주광역시,Gwangju,metro,1988,3362.3,2.26,990.4,2.12,1045.8,17.8,3.215050678906101,0.2945602712428992,552.7000000000003,0.5580573505654284,0.48804660436378206
24,광주광역시,Gwangju,metro,1989,3747.0,2.28,1192.7,2.16,1092.4,18.4,3.43006224826071,0.318307979717107,384.6999999999998,0.3225454850339564,0.44933797131693526
24,광주광역시,Gwangju,metro,1990,4492.1,2.3,1594.1,2.2,1139.0,19.0,3.9438981562774367,0.35486743393958275,745.1000000000004,0.4674110783514211,0.38559665229262485
24,광주광역시,Gwangju,metro,1991,5203.5,2.3,1939.3,2.2,1162.6,20.0,4.475744022019612,0.37269145767272027,711.3999999999996,0.3668333934924971,0.3516863628365812
24,광주광역시,Gwangju,metro,1992,5641.0,2.3,1981.3,2.2,1186.2,21.0,4.75552183442927,0.3512320510547775,437.5,0.22081461666582547,0.2693428410914981
24,광주광역시,Gwangju,metro,1993,6099.7,2.3,2081.4,2.2,1209.8,22.0,5.041907753347661,0.34122989655228947,458.6999999999998,0.2203805131161717,0.2463021057442826
24,광주광역시,Gwangju,metro,1994,6819.0,2.3,2416.1,2.2,1233.4,23.0,5.528620074590562,0.35431881507552426,719.3000000000002,0.2977111874508506,0.45596924031543445
24,광주광역시,Gwangju,metro,1995,9821.4,2.3,3533.0,2.2,1257.0,24.0,7.813365155131264,0.359724682835441,3002.3999999999996,0.849816020379281,0.4638744295801238
24,광주광역시,Gwangju,metro,1996,10786.8,2.28,3955.0,2.16,1276.0,25.2,8.45360501567398,0.36665183372269816,965.3999999999996,0.2440960809102401,0.4220611625733998
24,광주광역시,Gwangju,metro,1997,11458.4,2.26,3898.5,2.12,1295.0,26.4,8.848185328185329,0.34023074774837675,671.6000000000004,0.17227138643067855,0.11335855800928296
24,광주광역시,Gwangju,metro,1998,11257.6,2.24,2632.0,2.08,1314.0,27.6,8.567427701674278,0.23379761227970436,-200.79999999999927,-0.07629179331306964,0.12495541463805532
24,광주광역시,Gwangju,metro,1999,12171.4,2.22,3276.6,2.04,1333.0,28.8,9.130832708177044,0.2692048572883974,913.7999999999993,0.27888665079655717,0.21666995721593107
24,광주광역시,Gwangju,metro,2000,13940.3,2.2,3953.6,2.0,1352.0,30.0,10.310872781065088,0.28360939147651054,1768.8999999999996,0.44741501416430585,0.3238621831334546
24,광주광역시,Gwangju,metro,2001,14932.6,2.18,4045.5,2.0,1364.2,31.2,10.94604896642721,0.27091732183276857,992.3000000000011,0.24528488443950094,0.3393950845942662
24,광주광역시,Gwangju,metro,2002,16382.8,2.16,4455.5,2.0,1376.4,32.4,11.902644580063933,0.27196205776790294,1450.199999999999,0.325485355178992,0.2527158166115344
24,광주광역시,Gwangju,metro,2003,17298.4,2.14,4886.4,2.0,1388.6,33.6,12.45743914734265,0.2824769920917541,915.6000000000022,0.18737721021611048,0.24577861786056954
24,광주광역시,Gwangju,metro,2004,18491.7,2.12,5316.0,2.0,1400.8,34.8,13.200813820673902,0.28748032901247583,1193.2999999999993,0.22447328818660633,0.1794022169456587
24,광주광역시,Gwangju,metro,2005,19187.0,2.1,5502.7,2.0,1413.0,36.0,13.578910120311393,0.28679314118934696,695.2999999999993,0.1263561524342594,0.1625987523481313
24,광주광역시,Gwangju,metro,2006,19976.6,2.08,5764.9,2.0,1425.6,37.0,14.01276655443322,0.28858264169077824,789.5999999999985,0.13696681642352834,0.15655308919586683
24,광주광역시,Gwangju,metro,2007,21245.3,2.06,6148.7,2.0,1438.2,38.0,14.772145737727714,0.2894145999350445,1268.7000000000007,0.20633629872981293,0.15936150292301376
24,광주광역시,Gwangju,metro,2008,22113.4,2.04,6440.8,2.0,1450.8,39.0,15.2422111938241,0.29126231153960946,868.1000000000022,0.13478139361570024,0.1514444634494568
24,광주광역시,Gwangju,metro,2009,22794.8,2.02,6018.6,2.0,1463.4,40.0,15.576602432690992,0.26403390246898417,681.3999999999978,0.11321569800285744,0.2521934861711475
24,광주광역시,Gwangju,metro,2010,26835.8,2.0,7945.6,2.0,1476.0,41.0,18.181436314363143,0.2960820992852831,4041.0,0.5085833668948851,0.2577224734929383
24,광주광역시,Gwangju,metro,2011,28101.3,1.98,8360.4,1.96,1481.4,41.4,18.969420818144997,0.297509367894012,1265.5,0.15136835558107267,0.2512293642402292
24,광주광역시,Gwangju,metro,2012,28875.0,1.96,8254.0,1.92,1486.8,41.8,19.42090395480226,0.28585281385281386,773.7000000000007,0.09373637024472992,0.11747402872005858
24,광주광역시,Gwangju,metro,2013,29786.5,1.94,8493.5,1.88,1492.2,42.2,19.961466291381853,0.28514595538247195,911.5,0.10731736033437335,0.10484294228203794
24,광주광역시,Gwangju,metro,2014,30779.6,1.92,8751.7,1.84,1497.6,42.6,20.552617521367523,0.28433442929732683,993.0999999999985,0.1134750962670108,0.12629458867964075
24,광주광역시,Gwangju,metro,2015,32197.6,1.9,8969.5,1.8,1503.0,43.0,21.42222222222222,0.2785766640991875,1418.0,0.15809130943753832,0.1360195222211271
24,광주광역시,Gwangju,metro,2016,33491.3,1.88,9478.2,1.78,1492.4,43.8,22.44123559367462,0.28300484006294174,1293.7000000000044,0.1364921609588323,0.14569156413584558
24,광주광역시,Gwangju,metro,2017,34976.6,1.86,10423.8,1.76,1481.8,44.6,23.604130112025913,0.29802210620815056,1485.2999999999956,0.14249122201116635,0.14883831216064658
24,광주광역시,Gwangju,metro,2018,36761.9,1.84,10656.5,1.74,1471.2,45.4,24.987697117998913,0.28987892355944606,1785.300000000003,0.16753155351194135,0.1474184713087223
24,광주광역시,Gwangju,metro,2019,38179.5,1.82,10720.5,1.72,1460.6,46.2,26.139600164316036,0.28079204808863395,1417.5999999999985,0.13223263840305943,0.0941555600410973
24,광주광역시,Gwangju,metro,2020,37987.7,1.8,11088.3,1.7,1450.0,47.0,26.198413793103445,0.2918918492038212,-191.8000000000029,-0.01729751179170864,0.08577155150889582
24,광주광역시,Gwangju,metro,2021,39686.9,1.75,11934.3,1.65,1445.5,47.8,27.45548253199585,0.3007113178403957,1699.2000000000044,0.14237952791533684,0.05936776262935228
24,광주광역시,Gwangju,metro,2022,40340.7,1.7,12330.9,1.6,1441.0,48.6,27.994934073560025,0.30566896459407,653.7999999999956,0.05302127176442885,0.09770039983988274
25,대전광역시,Daejeon,metro,1985,1908.5,2.1,539.8,2.0,867.0,15.5,2.201268742791234,0.2828399266439612,,,
25,대전광역시,Daejeon,metro,1986,2249.8,2.12,625.7,2.04,903.6,16.0,2.489818503762727,0.2781136100986754,341.3000000000002,0.5454690746364075,0.5520914505014832
25,대전광역시,Daejeon,metro,1987,2684.2,2.14,777.5,2.08,940.2,16.5,2.8549244841523076,0.2896579986588183,434.39999999999964,0.558713826366559,0.5462044780402996
25,대전광역시,Daejeon,metro,1988,3213.5,2.16,990.4,2.12,976.8,17.0,3.289823914823915,0.30819978216897465,529.3000000000002,0.5344305331179323,0.46756470684361884
25,대전광역시,Daejeon,metro,1989,3582.7,2.18,1192.7,2.16,1013.4,17.5,3.5353266232484706,0.3329053507131493,369.1999999999998,0.3095497610463652,0.4306482209245148
25,대전광역시,Daejeon,metro,1990,4296.8,2.2,1594.1,2.2,1050.0,18.0,4.092190476190476,0.37099702103891263,714.1000000000004,0.4479643686092469,0.3684134136835348
25,대전광역시,Daejeon,metro,1991,4977.3,2.2,1957.0,2.22,1094.4,19.2,4.54797149122807,0.3931850601731863,680.5,0.3477261113949923,0.3343819966147081
25,대전광역시,Daejeon,metro,1992,5395.8,2.2,2017.3,2.24,1138.8,20.4,4.738145416227608,0.3738648578524037,418.5,0.207455509839885,0.2534513987660048
25,대전광역시,Daejeon,metro,1993,5834.5,2.2,2138.2,2.26,1183.2,21.6,4.931118999323867,0.36647527637329674,438.6999999999998,0.20517257506313716,0.22913314719553193
25,대전광역시,Daejeon,metro,1994,6522.5,2.2,2503.9,2.28,1227.6,22.8,5.313212772890193,0.3838865465695669,688.0,0.2747713566835736,0.41915934826904655
25,대전광역시,Daejeon,metro,1995,9394.4,2.2,3693.6,2.3,1272.0,24.0,7.385534591194968,0.39317039938686876,2871.8999999999996,0.7775341130604287,0.43172440690670677
25,대전광역시,Daejeon,metro,1996,10408.3,2.2,4174.7,2.28,1291.2,25.4,8.060951053283766,0.40109335818529446,1013.8999999999996,0.24286775097611796,0.3999605465923535
25,대전광역시,Daejeon,metro,1997,11154.2,2.2,4155.9,2.26,1310.4,26.8,8.512057387057387,0.3725861110613042,745.9000000000015,0.17947977574051385,0.1293044771057509
25,대전광역시,Daejeon,metro,1998,11056.6,2.2,2834.4,2.24,1329.6,28.2,8.315734055354994,0.256353671110468,-97.60000000000036,-0.03443409539937919,0.1423179536876708
25,대전광역시,Daejeon,metro,1999,12061.8,2.2,3565.7,2.22,1348.8,29.6,8.942615658362989,0.29561922764429854,1005.1999999999989,0.2819081807218776,0.226474131363411
25,대전광역시,Daejeon,metro,2000,13940.3,2.2,4348.9,2.2,1368.0,31.0,10.190277777777776,0.31196602655609995,1878.5,0.4319483087677344,0.3241102582705107
25,대전광역시,Daejeon,metro,2001,15069.6,2.2,4369.1,2.16,1383.0,32.2,10.896312364425164,0.28992806710198016,1129.300000000001,0.25847428532192007,0.3442374296601686
25,대전광역시,Daejeon,metro,2002,16686.2,2.2,4722.9,2.12,1398.0,33.4,11.935765379113018,0.2830422744543395,1616.6000000000004,0.34228969489085104,0.27222390981182926
25,대전광역시,Daejeon,metro,2003,17783.4,2.2,5081.8,2.08,1413.0,34.6,12.585562632696393,0.28576087812229384,1097.2000000000007,0.2159077492227165,0.2725051485665368
25,대전광역시,Daejeon,metro,2004,19189.5,2.2,5422.3,2.04,1428.0,35.8,13.438025210084033,0.2825659866072592,1406.0999999999985,0.25931800158604257,0.21359967161425955
25,대전광역시,Daejeon,metro,2005,20100.6,2.2,5502.7,2.0,1443.0,37.0,13.92972972972973,0.27375799727371325,911.0999999999985,0.1655732640340194,0.1899920586753802
25,대전광역시,Daejeon,metro,2006,20937.0,2.18,5764.9,2.0,1455.2,38.0,14.387713029136888,0.2753450828676505,836.4000000000015,0.14508491040607843,0.17617512195964616
25,대전광역시,Daejeon,metro,2007,22276.6,2.16,6148.7,2.0,1467.4,39.0,15.181000408886463,0.27601608863111965,1339.5999999999985,0.2178671914388405,0.1686385696167535
25,대전광역시,Daejeon,metro,2008,23197.4,2.14,6440.8,2.0,1479.6,40.0,15.678156258448231,0.27765180580582305,920.8000000000029,0.1429636070053414,0.16048008083364637
25,대전광역시,Daejeon,metro,2009,23923.3,2.12,6018.6,2.0,1491.8,41.0,16.036533047325378,0.2515790045687677,725.8999999999978,0.12060944405675701,0.26633382142397505
25,대전광역시,Daejeon,metro,2010,28177.6,2.1,7945.6,2.0,1504.0,42.0,18.73510638297872,0.2819828516268242,4254.299999999999,0.5354284132098267,0.2722213810300763
25,대전광역시,Daejeon,metro,2011,29520.5,2.08,8360.4,1.96,1510.8,42.4,19.539647868678845,0.2832065852543148,1342.9000000000015,0.160626285823645,0.26544848904863405
25,대전광역시,Daejeon,metro,2012,30348.3,2.06,8254.0,1.92,1517.6,42.8,19.997561939905115,0.2719756955084799,827.7999999999993,0.10029076811243025,0.12518196258338962
25,대전광역시,Daejeon,metro,2013,31321.9,2.04,8493.5,1.88,1524.4,43.2,20.547034898976648,0.2711680964437023,973.6000000000022,0.11462883381409339,0.11204344604211593
25,대전광역시,Daejeon,metro,2014,32382.7,2.02,8751.7,1.84,1531.2,43.6,21.148576280041798,0.27025850222495346,1060.7999999999993,0.12121073619982393,0.13471070565954363
25,대전광역시,Daejeon,metro,2015,33892.2,2.0,8969.5,1.8,1538.0,44.0,22.036540962288683,0.26464791308914737,1509.4999999999964,0.16829254696471335,0.14505110036681082
25,대전광역시,Daejeon,metro,2016,35272.7,1.98,9478.2,1.78,1525.2,44.8,23.126606346708627,0.2687120634371625,1380.5,0.145650017935895,0.15531042767547876
25,대전광역시,Daejeon,metro,2017,36857.0,1.96,10423.8,1.76,1512.4,45.6,24.369875694260777,0.2828173752611444,1584.300000000003,0.15198871812582773,0.158732141285968
25,대전광역시,Daejeon,metro,2018,38759.8,1.94,10656.5,1.74,1499.6,46.4,25.846759135769542,0.27493691917914953,1902.800000000003,0.178557687796181,0.15736587984661465
25,대전광역시,Daejeon,metro,2019,40277.3,1.92,10720.5,1.72,1486.8,47.2,27.08992467043315,0.2661672952258468,1517.5,0.14155123361783498,0.10131591417124453
25,대전광역시,Daejeon,metro,2020,40098.1,1.9,11088.3,1.7,1474.0,48.0,27.20359565807327,0.27652931186265683,-179.20000000000437,-0.016161178900282673,0.12532623139510168
25,대전광역시,Daejeon,metro,2021,43088.7,1.9,11934.3,1.65,1463.0,48.8,29.45228981544771,0.2769705282359412,2990.5999999999985,0.2505886394677525,0.1321531430123083
25,대전광역시,Daejeon,metro,2022,45086.7,1.9,12330.9,1.6,1452.0,49.6,31.051446280991733,0.27349307001843115,1998.0,0.16203196846945478,0.20631030396860378
26,울산광역시,Ulsan,metro,1996,4068.7,0.86,1831.0,1.0,202.4,4.4,20.102272727272727,0.4500208911937474,,,
26,울산광역시,Ulsan,metro,1997,8720.5,1.72,3677.8,2.0,404.8,8.8,21.542737154150196,0.4217418725990482,4651.8,1.2648322366632225,1.1916611329518794
26,울산광역시,Ulsan,metro,1998,12966.4,2.58,3796.1,3.0,607.2,13.2,21.354413702239786,0.29276437561697927,4245.9,1.1184900292405362,1.1002345407438936
26,울산광역시,Ulsan,metro,1999,18860.3,3.44,6424.7,4.0,809.6,17.6,23.295825098814227,0.3406467553538385,5893.9,0.917381356327922,0.9614642394135946
26,울산광역시,Ulsan,metro,2000,27247.0,4.3,9883.9,5.0,1012.0,22.0,26.92391304347826,0.3627518625903769,8386.7,0.8485213326723258,0.6776642154493523
26,울산광역시,Ulsan,metro,2001,30002.3,4.38,10316.0,5.1,1019.4,22.8,29.431332156170296,0.34384030557657247,2755.2999999999993,0.26708995734780916,0.48193511469761785
26,울산광역시,Ulsan,metro,2002,33827.4,4.46,11584.4,5.2,1026.8,23.6,32.944487728866385,0.34245611545670074,3825.100000000002,0.3301940540727187,0.2730057105361143
26,울산광역시,Ulsan,metro,2003,36698.6,4.54,12948.9,5.3,1034.2,24.4,35.48501257010249,0.35284452267933925,2871.199999999997,0.22173312018781496,0.2675668403235583
26,울산광역시,Ulsan,metro,2004,40298.0,4.62,14353.2,5.4,1041.6,25.2,38.68855606758833,0.35617648518536904,3599.4000000000015,0.2507733467101414,0.21574985649723724
26,울산광역시,Ulsan,metro,2005,42942.3,4.7,15132.5,5.5,1049.0,26.0,40.93641563393709,0.35239146482605727,2644.300000000003,0.17474310259375536,0.18889280259598032
26,울산광역시,Ulsan,metro,2006,45139.5,4.7,15565.1,5.4,1055.6,26.6,42.76193633952255,0.3448221624076474,2197.199999999997,0.14116195848404425,0.173479739204329
26,울산광역시,Ulsan,metro,2007,48472.2,4.7,16294.1,5.3,1062.2,27.2,45.6337789493504,0.3361535065460202,3332.699999999997,0.2045341565351874,0.16450490820474808
26,울산광역시,Ulsan,metro,2008,50947.6,4.7,16746.2,5.2,1068.8,27.8,47.66803892215569,0.32869458031389115,2475.4000000000015,0.14781860959501267,0.16283971753970564
26,울산광역시,Ulsan,metro,2009,53037.4,4.7,15347.4,5.1,1075.4,28.4,49.3187651106565,0.28936938839385035,2089.800000000003,0.13616638648891688,0.2629174715097861
26,울산광역시,Ulsan,metro,2010,63064.1,4.7,19864.0,5.0,1082.0,29.0,58.284750462107205,0.31498110652494843,10026.699999999997,0.5047674184454287,0.24907671813043653
26,울산광역시,Ulsan,metro,2011,65285.8,4.6,20901.0,4.9,1098.8,29.6,59.41554423006917,0.3201461879918757,2221.7000000000044,0.10629634945696399,0.21998555431637787
26,울산광역시,Ulsan,metro,2012,66294.7,4.5,20634.9,4.8,1115.6,30.2,59.42515238436716,0.31126017615284485,1008.8999999999942,0.048892895046740915,0.07154563918442565
26,울산광역시,Ulsan,metro,2013,67557.0,4.4,21233.8,4.7,1132.4,30.8,59.658247968915575,0.3143093979898456,1262.300000000003,0.05944767304957205,0.057084638471822845
26,울산광역시,Ulsan,metro,2014,68933.5,4.3,21879.3,4.6,1149.2,31.4,59.98390184476157,0.3173972016508664,1376.5,0.06291334731915556,0.0740865960634246
26,울산광역시,Ulsan,metro,2015,71173.6,4.2,22423.7,4.5,1166.0,32.0,61.04082332761578,0.3150564254161655,2240.100000000006,0.0998987678215462,0.07106060635727847
26,울산광역시,Ulsan,metro,2016,72326.9,4.06,22896.7,4.3,1160.0,32.4,62.35077586206896,0.3165723956093791,1153.2999999999884,0.05036970393113367,0.06913048135817963
26,울산광역시,Ulsan,metro,2017,73714.0,3.92,24282.7,4.1,1154.0,32.8,63.87694974003466,0.3294177496812003,1387.1000000000058,0.05712297232185901,0.061059904192247126
26,울산광역시,Ulsan,metro,2018,75521.8,3.78,23885.2,3.9,1148.0,33.2,65.78554006968642,0.316268944860954,1807.800000000003,0.07568703632374872,0.05637097925663522
26,울산광역시,Ulsan,metro,2019,76359.0,3.64,23061.5,3.7,1142.0,33.6,66.86427320490368,0.3020141699079349,837.1999999999971,0.036302929124297945,0.0009139993227906124
26,울산광역시,Ulsan,metro,2020,73865.0,3.5,22828.8,3.5,1136.0,34.0,65.02200704225352,0.30906112502538413,-2494.0,-0.1092479674796748,0.08819213680900478
26,울산광역시,Ulsan,metro,2021,82775.6,3.65,26400.1,3.65,1128.5,34.4,73.35011076650422,0.3189357733438356,8910.600000000006,0.3375214487823912,0.16029322809592342
26,울산광역시,Ulsan,metro,2022,90173.4,3.8,29285.9,3.8,1121.0,34.8,80.44014272970561,0.3247731592686979,7397.799999999988,0.2526062029850538,0.2950638258837225
29,세종특별자치시,Sejong,metro,2011,1419.3,0.1,1279.7,0.3,42.0,1.4,33.792857142857144,0.9016416543366449,,,
29,세종특별자치시,Sejong,metro,2012,2946.4,0.2,2579.4,0.6,84.0,2.8,35.076190476190476,0.8754412163996742,1527.1000000000001,0.5920369078080174,0.500125684597565
29,세종특별자치시,Sejong,metro,2013,4606.2,0.3,4066.0,0.9,126.0,4.2,36.55714285714286,0.8827232860058183,1659.7999999999997,0.4082144613871126,0.43890220728024176
29,세종특별자치시,Sejong,metro,2014,6412.4,0.4,5707.6,1.2,168.0,5.6,38.16904761904762,0.8900879545879858,1806.1999999999998,0.3164552526455953,0.3334500059984873
29,세종특별자치시,Sejong,metro,2015,8473.0,0.5,7474.6,1.5,210.0,7.0,40.34761904761905,0.8821668830402455,2060.6000000000004,0.2756803039627539,0.25618731886631974
29,세종특별자치시,Sejong,metro,2016,9976.1,0.56,8519.7,1.6,238.8,8.4,41.77596314907873,0.8540110864967272,1503.1000000000004,0.17642639999061002,0.2064144961160346
29,세종특별자치시,Sejong,metro,2017,11658.9,0.62,10068.4,1.7,267.6,9.8,43.56838565022421,0.8635806122361458,1682.7999999999993,0.16713678439473992,0.17278787326633097
29,세종특별자치시,Sejong,metro,2018,13585.9,0.68,11024.0,1.8,296.4,11.2,45.8363697705803,0.8114294967576678,1927.0,0.17480043541364296,0.16851756771878432
29,세종특별자치시,Sejong,metro,2019,15523.5,0.74,11842.4,1.9,325.2,12.6,47.73523985239853,0.7628691983122363,1937.6000000000004,0.16361548334797005,0.14755425221017612
29,세종특별자치시,Sejong,metro,2020,16883.4,0.8,13045.0,2.0,354.0,14.0,47.69322033898305,0.7726524278285178,1359.9000000000015,0.1042468378689154,0.14180536444326072
29,세종특별자치시,Sejong,metro,2021,19276.5,0.85,15189.1,2.1,367.0,15.4,52.52452316076294,0.7879594324695873,2393.0999999999985,0.15755377211289665,0.12816729268144353
29,세종특별자치시,Sejong,metro,2022,21356.9,0.9,16955.0,2.2,380.0,16.8,56.20236842105263,0.7938886261582907,2080.4000000000015,0.12270126806251852,0.1401275200877076
31,경기도,Gyeonggi,province,1985,12905.4,14.2,4318.8,16.0,4795.0,82.0,2.6914285714285713,0.3346506113719838,,,
31,경기도,Gyeonggi,province,1986,15409.0,14.52,5060.5,16.5,5067.2,86.8,3.040929902115567,0.3284119670322539,2503.6000000000004,0.4947337219642329,0.4995504217205141
31,경기도,Gyeonggi,province,1987,18613.9,14.84,6354.3,17.0,5339.4,91.6,3.4861407648799494,0.3413739194902734,3204.9000000000015,0.5043671214767954,0.4936962771185163
31,경기도,Gyeonggi,province,1988,22554.2,15.16,8175.1,17.5,5611.6,96.4,4.019210207427472,0.3624646407321031,3940.2999999999993,0.4819879879145208,0.4255772963024628
31,경기도,Gyeonggi,province,1989,25440.4,15.48,9939.5,18.0,5883.8,101.2,4.323804344131344,0.3906974733101681,2886.2000000000007,0.2903767795160723,0.3921932042125352
31,경기도,Gyeonggi,province,1990,30858.9,15.8,13405.0,18.5,6156.0,106.0,5.012816764132554,0.43439655982552844,5418.5,0.4042148452070123,0.3425685726782854
31,경기도,Gyeonggi,province,1991,36379.4,16.08,16572.4,18.8,6454.8,112.8,5.636022804734461,0.45554352188326364,5520.5,0.33311409331177133,0.3183571924140503
31,경기도,Gyeonggi,province,1992,40124.9,16.36,17201.5,19.1,6753.6,119.6,5.941260957119166,0.4286988877230847,3745.5,0.21774263872336716,0.25635635342660973
31,경기도,Gyeonggi,province,1993,44130.1,16.64,18354.6,19.4,7052.4,126.4,6.257458453859679,0.41592019959166193,4005.199999999997,0.21821232824469056,0.2382816328069235
31,경기도,Gyeonggi,province,1994,50163.8,16.92,21634.7,19.7,7351.2,133.2,6.823892697790837,0.4312811230409179,6033.700000000004,0.27888993145271274,0.40734764893101083
31,경기도,Gyeonggi,province,1995,73447.3,17.2,32117.8,20.0,7650.0,140.0,9.600954248366014,0.4372904109477135,23283.5,0.7249406870956292,0.4188582509313554
31,경기도,Gyeonggi,province,1996,82887.9,17.52,37352.4,20.4,7916.4,151.0,10.47040321358193,0.4506375478206108,9440.599999999991,0.2527441342457243,0.39179905994479536
31,경기도,Gyeonggi,province,1997,90450.2,17.84,38249.0,20.8,8182.8,162.0,11.053698000684362,0.42287358126350194,7562.300000000003,0.19771235849303256,0.16030412051704238
31,경기도,Gyeonggi,province,1998,91267.2,18.16,26825.7,21.2,8449.2,173.0,10.801874733702597,0.2939248711475755,817.0,0.030455868812370227,0.1726342051971311
31,경기도,Gyeonggi,province,1999,101319.1,18.48,34693.5,21.6,8715.6,184.0,11.62502868419845,0.34241816202473174,10051.900000000009,0.2897343882859904,0.24321869242313057
31,경기도,Gyeonggi,province,2000,119126.4,18.8,43489.1,22.0,8982.0,195.0,13.262792251169005,0.3650668533591211,17807.29999999999,0.4094658201710311,0.31956753092744256
31,경기도,Gyeonggi,province,2001,130831.8,19.1,45107.1,22.3,9268.6,205.0,14.115594588179444,0.34477168394839786,11705.400000000009,0.259502384325306,0.3309711443494526
31,경기도,Gyeonggi,province,2002,147141.6,19.4,50347.4,22.6,9555.2,215.0,15.399112525117213,0.3421697195082832,16309.800000000003,0.3239452285520206,0.2665778290007336
31,경기도,Gyeonggi,province,2003,159242.6,19.7,55949.1,22.9,9841.8,225.0,16.180231258509625,0.3513450546524611,12101.0,0.2162858741248742,0.2622807515932575
31,경기도,Gyeonggi,province,2004,174450.0,20.0,61665.5,23.2,10128.4,235.0,17.22384581967537,0.35348523932358844,15207.399999999994,0.24661115210287754,0.21113242250055939
31,경기도,Gyeonggi,province,2005,185474.0,20.3,64656.8,23.5,10415.0,245.0,17.808353336533845,0.3486030387008422,11024.0,0.17050024127392632,0.1968347446605655
31,경기도,Gyeonggi,province,2006,197269.1,20.54,68025.3,23.6,10608.0,256.0,18.59625754147813,0.34483505019285837,11795.100000000006,0.17339284060489266,0.1925856221348222
31,경기도,Gyeonggi,province,2007,214309.0,20.78,72862.5,23.7,10801.0,267.0,19.84158874178317,0.3399880546313967,17039.899999999994,0.23386378452564754,0.19466338301241104
31,경기도,Gyeonggi,province,2008,227854.9,21.02,76645.9,23.8,10994.0,278.0,20.72538657449518,0.33638030167444277,13545.899999999994,0.17673352390669292,0.19273601780202063
31,경기도,Gyeonggi,province,2009,239909.8,21.26,71922.0,23.9,11187.0,289.0,21.445409850719585,0.2997876701993833,12054.899999999994,0.16761074497372144,0.2845999072139855
31,경기도,Gyeonggi,province,2010,288484.9,21.5,95347.1,24.0,11380.0,300.0,25.35016695957821,0.3305098464425694,48575.100000000035,0.5094554527615421,0.28429621037156877
31,경기도,Gyeonggi,province,2011,306559.2,21.6,102798.6,24.1,11575.4,309.2,26.48368090951501,0.33533033750088076,18074.29999999999,0.17582243337944278,0.270491255256382
31,경기도,Gyeonggi,province,2012,319687.9,21.7,104034.3,24.2,11770.8,318.4,27.159402929282635,0.3254245781588856,13128.700000000012,0.1261958796281612,0.14629727969285208
31,경기도,Gyeonggi,province,2013,334714.3,21.8,109783.1,24.3,11966.2,327.6,27.971645133793515,0.32799046828892586,15026.399999999965,0.1368735260709523,0.1346958007588701
31,경기도,Gyeonggi,province,2014,351080.2,21.9,116055.4,24.4,12161.6,336.8,28.867928562031313,0.3305666340625304,16365.900000000023,0.1410179965774968,0.1519712767040126
31,경기도,Gyeonggi,province,2015,372814.0,22.0,122084.7,24.5,12357.0,346.0,30.170267864368373,0.32746812083237214,21733.79999999999,0.1780223074635887,0.16740969145105103
31,경기도,Gyeonggi,province,2016,396907.5,22.28,131522.8,24.7,12571.2,357.8,31.572761550210004,0.331368895775464,24093.5,0.1831887703120676,0.18216460249855762
31,경기도,Gyeonggi,province,2017,424231.7,22.56,147473.0,24.9,12785.4,369.6,33.18094858197632,0.3476237160023638,27324.20000000001,0.18528272972001664,0.19241984018490865
31,경기도,Gyeonggi,province,2018,456327.2,22.84,153722.9,25.1,12999.6,381.4,35.103172405304775,0.3368699038759907,32095.5,0.20878802052264173,0.19197800482486857
31,경기도,Gyeonggi,province,2019,485005.4,23.12,157691.0,25.3,13213.8,393.2,36.70446048827741,0.3251324624426862,28678.20000000001,0.18186326423194737,0.1479228980494341
31,경기도,Gyeonggi,province,2020,493840.1,23.4,166324.0,25.5,13428.0,405.0,36.77689156985404,0.3367972750694,8834.699999999953,0.0531174093937132,0.1503328832513785
31,경기도,Gyeonggi,province,2021,534072.8,23.55,186247.0,25.75,13496.5,416.8,39.57120735005372,0.3487296113938025,40232.70000000007,0.21601797612847493,0.13683052523773417
31,경기도,Gyeonggi,province,2022,562397.4,23.7,200377.5,26.0,13565.0,428.6,41.459447106524145,0.35629165426440446,28324.599999999977,0.14135619019101434,0.17868708315974466
32,강원특별자치도,Gangwon,province,1985,2272.1,2.5,944.7,3.5,1725.0,35.0,1.317159420289855,0.4157827560406673,,,
32,강원특별자치도,Gangwon,province,1986,2610.6,2.46,1042.8,3.4,1696.0,34.8,1.5392688679245283,0.3994484026660538,338.5,0.3246068277713847,0.33449636078476014
32,강원특별자치도,Gangwon,province,1987,3035.4,2.42,1233.5,3.3,1667.0,34.6,1.820875824835033,0.4063714831653159,424.8000000000002,0.34438589379813556,0.33569184549117576
32,강원특별자치도,Gangwon,province,1988,3540.8,2.38,1494.9,3.2,1638.0,34.4,2.161660561660562,0.422192724807953,505.4000000000001,0.338082814904007,0.286842297689825
32,강원특별자치도,Gangwon,province,1989,3845.6,2.34,1711.8,3.1,1609.0,34.2,2.3900559353635797,0.4451320990222592,304.7999999999997,0.17805818436733248,0.27118215478517466
32,강원특별자치도,Gangwon,province,1990,4492.1,2.3,2173.8,3.0,1580.0,34.0,2.843101265822785,0.48391620845484296,646.5000000000005,0.2974054650841846,0.24359372251994063
32,강원특별자치도,Gangwon,province,1991,5158.3,2.28,2609.3,2.96,1557.2,34.4,3.3125481633701517,0.5058449489172789,666.1999999999998,0.25531751810830483,0.23298994869059853
32,강원특별자치도,Gangwon,province,1992,5542.9,2.26,2629.8,2.92,1534.4,34.8,3.612421793534932,0.4744447852207329,384.59999999999945,0.1462468628793062,0.18250668248618163
32,강원특별자치도,Gangwon,province,1993,5940.6,2.24,2724.8,2.88,1511.6,35.2,3.9300079386080977,0.45867420799245867,397.7000000000007,0.14595566647093391,0.1659292772869135
32,강원특별자치도,Gangwon,province,1994,6581.8,2.22,3118.9,2.84,1488.8,35.6,4.420875873186459,0.4738673311252241,641.1999999999998,0.20558530251050045,0.32568323266429583
32,강원특별자치도,Gangwon,province,1995,9394.4,2.2,4496.5,2.8,1466.0,36.0,6.40818553888131,0.4786362088052457,2812.5999999999995,0.6255087290114533,0.33811155937879905
32,강원특별자치도,Gangwon,province,1996,10313.7,2.18,5016.9,2.74,1469.6,36.8,7.018032117583017,0.48643066988568595,919.3000000000011,0.18324064661444342,0.3127158443894013
32,강원특별자치도,Gangwon,province,1997,10951.4,2.16,4928.2,2.68,1473.2,37.6,7.433749660602769,0.45000639187683766,637.6999999999989,0.12939815754230732,0.08447615876098458
32,강원특별자치도,Gangwon,province,1998,10755.1,2.14,3315.3,2.62,1476.8,38.4,7.282705850487541,0.30825375868192767,-196.29999999999927,-0.05921032787379702,0.0937706371930364
32,강원특별자치도,Gangwon,province,1999,11623.2,2.12,4111.8,2.56,1480.4,39.2,7.851391515806538,0.3537580012389015,868.1000000000004,0.21112408191059884,0.16419073507992685
32,강원특별자치도,Gangwon,province,2000,13306.7,2.1,4941.9,2.5,1484.0,40.0,8.96677897574124,0.3713843402195886,1683.5,0.34065845120297866,0.24595497186695736
32,강원특별자치도,Gangwon,province,2001,14247.7,2.08,5056.9,2.5,1480.0,40.8,9.626824324324325,0.3549274619763189,941.0,0.1860823824872946,0.2579709603161685
32,강원특별자치도,Gangwon,province,2002,15624.3,2.06,5569.4,2.5,1476.0,41.6,10.585569105691057,0.3564575692991046,1376.5999999999985,0.24717204725823225,0.19166765208937334
32,강원특별자치도,Gangwon,province,2003,16490.1,2.04,6108.0,2.5,1472.0,42.4,11.20251358695652,0.37040406061818915,865.7999999999993,0.1417485265225932,0.18629431716948017
32,강원특별자치도,Gangwon,province,2004,17619.5,2.02,6645.0,2.5,1468.0,43.2,12.002384196185286,0.37713896535088964,1129.4000000000015,0.16996237772761497,0.1355873596473323
32,강원특별자치도,Gangwon,province,2005,18273.3,2.0,6878.4,2.5,1464.0,44.0,12.481762295081968,0.3764180525685016,653.7999999999993,0.09505117469178868,0.13158824514829864
32,강원특별자치도,Gangwon,province,2006,19208.3,2.0,7206.1,2.5,1465.4,44.6,13.107888631090486,0.3751555317232655,935.0,0.1297511830254923,0.13644068754382488
32,강원특별자치도,Gangwon,province,2007,20626.5,2.0,7685.9,2.5,1466.8,45.2,14.062244341423508,0.37262259714445006,1418.2000000000007,0.18451970491419362,0.14836645215097133
32,강원특별자치도,Gangwon,province,2008,21679.8,2.0,8051.0,2.5,1468.2,45.8,14.76624438087454,0.3713595143866641,1053.2999999999993,0.13082846851322807,0.1445186170038095
32,강원특별자치도,Gangwon,province,2009,22569.1,2.0,7523.2,2.5,1469.6,46.4,15.357308111050626,0.3333407180614203,889.2999999999993,0.11820767758400672,0.22620912213175384
32,강원특별자치도,Gangwon,province,2010,26835.8,2.0,9932.0,2.5,1471.0,47.0,18.243235893949695,0.3701026241066039,4266.700000000001,0.42959122029802665,0.22280065361574
32,강원특별자치도,Gangwon,province,2011,28101.3,1.98,10493.1,2.46,1486.6,47.8,18.903067402125657,0.3734026539697452,1265.5,0.12060306296518664,0.20818806693005856
32,강원특별자치도,Gangwon,province,2012,28875.0,1.96,10403.4,2.42,1502.2,48.6,19.221808014911463,0.36029090909090905,773.7000000000007,0.07436991752696241,0.09324825079187853
32,강원특별자치도,Gangwon,province,2013,29786.5,1.94,10752.4,2.38,1517.8,49.4,19.62478587429174,0.3609823242072751,911.5,0.08477177188348647,0.08278993488918301
32,강원특별자치도,Gangwon,province,2014,30779.6,1.92,11129.9,2.34,1533.4,50.2,20.07277944437198,0.361599890836788,993.0999999999985,0.08922811525710012,0.09924127349324559
32,강원특별자치도,Gangwon,province,2015,32197.6,1.9,11461.0,2.3,1549.0,51.0,20.786055519690123,0.3559582080651974,1418.0,0.12372393333915016,0.10650395206133802
32,강원특별자치도,Gangwon,province,2016,33491.3,1.88,12140.6,2.28,1547.6,51.8,21.64079865598346,0.3625001119693771,1293.7000000000044,0.10655980758776373,0.11375013760775866
32,강원특별자치도,Gangwon,province,2017,34976.6,1.86,13385.1,2.26,1546.2,52.6,22.62100633811926,0.38268728235448846,1485.2999999999956,0.11096667189636204,0.1158875722942378
32,강원특별자치도,Gangwon,province,2018,36761.9,1.84,13718.7,2.24,1544.8,53.4,23.797190574831696,0.3731771208778654,1785.300000000003,0.13013623739858754,0.11451786757687266
32,강원특별자치도,Gangwon,province,2019,38179.5,1.82,13836.9,2.22,1543.4,54.2,24.737268368536995,0.36241700388952186,1417.5999999999985,0.10245069343566829,0.07307353715010168
32,강원특별자치도,Gangwon,province,2020,37987.7,1.8,14349.5,2.2,1542.0,55.0,24.63534370946822,0.37774068974957686,-191.8000000000029,-0.013366319383950864,0.08904263747476926
32,강원특별자치도,Gangwon,province,2021,40820.8,1.8,15912.4,2.2,1541.0,55.8,26.489811810512656,0.38981107670599296,2833.100000000006,0.1780435383725903,0.0921066007657992
32,강원특별자치도,Gangwon,province,2022,42713.7,1.8,16955.0,2.2,1540.0,56.6,27.73616883116883,0.3969452423929559,1892.8999999999942,0.11164258330875813,0.14484306084067425
33,충청북도,Chungbuk,province,1985,2544.7,2.8,809.8,3.0,1391.0,26.0,1.8294033069734004,0.31823004676386213,,,
33,충청북도,Chungbuk,province,1986,2950.2,2.78,920.1,3.0,1391.0,26.2,2.120920201294033,0.3118771608704495,405.5,0.44071296598195847,0.4485291397286945
33,충청북도,Chungbuk,province,1987,3461.9,2.76,1121.3,3.0,1391.0,26.4,2.488785046728972,0.3238972818394523,511.7000000000003,0.45634531347543056,0.4451723578688383
33,충청북도,Chungbuk,province,1988,4076.4,2.74,1401.5,3.0,1391.0,26.6,2.9305535585909417,0.3438082621921303,614.5,0.4384587941491259,0.37748651549173823
33,충청북도,Chungbuk,province,1989,4470.1,2.72,1656.6,3.0,1391.0,26.8,3.2135873472322074,0.370595736113286,393.7000000000003,0.23765543885065815,0.3485351488476294
33,충청북도,Chungbuk,province,1990,5273.3,2.7,2173.8,3.0,1391.0,27.0,3.7910136592379584,0.41222763734284035,803.1999999999998,0.3694912135431041,0.31189287746408983
33,충청북도,Chungbuk,province,1991,6153.7,2.72,2679.8,3.04,1392.0,27.6,4.420761494252873,0.43547784259876177,880.3999999999996,0.3285319799985072,0.3007518848085324
33,충청북도,Chungbuk,province,1992,6720.2,2.74,2773.8,3.08,1393.0,28.2,4.824264178033022,0.41275557275081104,566.5,0.20423246088398586,0.24528465881195513
33,충청북도,Chungbuk,province,1993,7319.7,2.76,2951.9,3.12,1394.0,28.8,5.250860832137733,0.4032815552549968,599.5,0.2030895355533724,0.22436384214972427
33,충청북도,Chungbuk,province,1994,8242.0,2.78,3470.3,3.16,1395.0,29.4,5.908243727598566,0.42105071584566856,922.3000000000002,0.2657695300118146,0.39722637477754247
33,충청북도,Chungbuk,province,1995,11956.5,2.8,5138.9,3.2,1396.0,30.0,8.564828080229226,0.42979969054489187,3714.5,0.7228200587674406,0.39842028809060775
33,충청북도,Chungbuk,province,1996,13152.3,2.78,5786.0,3.16,1409.2,31.0,9.33316775475447,0.4399230552831064,1195.7999999999993,0.20667127549256814,0.358697798154181
33,충청북도,Chungbuk,province,1997,13993.4,2.76,5737.3,3.12,1422.4,32.0,9.837879640044994,0.4100004287735647,841.1000000000004,0.14660206020253436,0.09869329802722597
33,충청북도,Chungbuk,province,1998,13770.5,2.74,3897.3,3.08,1435.6,33.0,9.59215658957927,0.28301804582259177,-222.89999999999964,-0.05719344161342458,0.10778408582827508
33,충청북도,Chungbuk,province,1999,14912.8,2.72,4882.8,3.04,1448.8,34.0,10.293208172280508,0.32742342149026343,1142.2999999999993,0.23394363889571543,0.18233938108488998
33,충청북도,Chungbuk,province,2000,17108.6,2.7,5930.3,3.0,1462.0,35.0,11.702188782489738,0.3466268426405434,2195.7999999999993,0.370267945972379,0.29138450919714004
33,충청북도,Chungbuk,province,2001,18768.5,2.74,6149.1,3.04,1460.2,35.8,12.85337624982879,0.3276287396435517,1659.9000000000015,0.2699419427233256,0.32594914383568113
33,충청북도,Chungbuk,province,2002,21085.2,2.78,6861.5,3.08,1458.4,36.6,14.457761930883159,0.3254178286191262,2316.7000000000007,0.33763754281133873,0.277297795312905
33,충청북도,Chungbuk,province,2003,22795.1,2.82,7622.8,3.12,1456.6,37.4,15.64952629410957,0.3344052011177841,1709.8999999999978,0.22431390040405072,0.27268934145301876
33,충청북도,Chungbuk,province,2004,24946.3,2.86,8399.3,3.16,1454.8,38.2,17.1475804234259,0.3366952213354285,2151.2000000000007,0.25611658114366687,0.2188269401955321
33,충청북도,Chungbuk,province,2005,26496.3,2.9,8804.3,3.2,1453.0,39.0,18.235581555402614,0.33228413023705194,1550.0,0.17605033903887873,0.19896144032406146
33,충청북도,Chungbuk,province,2006,28044.1,2.92,9396.7,3.26,1461.6,40.0,19.18726053639847,0.3350686953762111,1547.7999999999993,0.1647174007896388,0.18794417644455216
33,충청북도,Chungbuk,province,2007,30320.9,2.94,10206.9,3.32,1470.2,41.0,20.623656645354373,0.3366291897667945,2276.800000000003,0.22306478950513897,0.18331677052085907
33,충청북도,Chungbuk,province,2008,32086.1,2.96,10885.0,3.38,1478.8,42.0,21.697389775493644,0.33924347303037766,1765.199999999997,0.16216812126779945,0.17805999138077858
33,충청북도,Chungbuk,province,2009,33628.0,2.98,10352.0,3.44,1487.4,43.0,22.608578727981712,0.3078387058403711,1541.9000000000015,0.14894706336939736,0.26253990035439295
33,충청북도,Chungbuk,province,2010,40253.7,3.0,13904.8,3.5,1496.0,44.0,26.907553475935828,0.34542911583283026,6625.699999999997,0.4765045164259822,0.266709407456906
33,충청북도,Chungbuk,province,2011,42861.5,3.02,14929.3,3.5,1513.4,44.6,28.32132945685212,0.34831492131633285,2607.800000000003,0.17467664257533863,0.25969102199392485
33,충청북도,Chungbuk,province,2012,44785.8,3.04,15046.3,3.5,1530.8,45.2,29.256467206689315,0.33596139847898215,1924.300000000003,0.12789190698045386,0.14717004656674534
33,충청북도,Chungbuk,province,2013,46982.8,3.06,15812.4,3.5,1548.2,45.8,30.346725229298542,0.3365572081697983,2197.0,0.1389415901444436,0.13685817473278544
33,충청북도,Chungbuk,province,2014,49375.7,3.08,16647.3,3.5,1565.6,46.4,31.537876852324988,0.33715572639982827,2392.899999999994,0.143741027073459,0.15456915380140088
33,충청북도,Chungbuk,province,2015,52532.9,3.1,17440.7,3.5,1583.0,47.0,33.18566013897663,0.3319957588482646,3157.2000000000044,0.1810248441863001,0.16812456870734913
33,충청북도,Chungbuk,province,2016,55937.6,3.14,18956.3,3.56,1586.4,48.2,35.26071608673726,0.3388829695946912,3404.699999999997,0.17960783486228837,0.18023915807340254
33,충청북도,Chungbuk,province,2017,59798.6,3.18,21439.9,3.62,1589.8,49.4,37.61391369983646,0.358535149652333,3861.0,0.18008479517161927,0.18696531215480308
33,충청북도,Chungbuk,province,2018,64333.3,3.22,22537.9,3.68,1593.2,50.6,40.37992719055988,0.35033023333172714,4534.700000000004,0.2012033064305017,0.1850677322503834
33,충청북도,Chungbuk,province,2019,68387.4,3.26,23310.8,3.74,1596.6,51.8,42.83314543404735,0.34086396032017596,4054.0999999999913,0.17391509514902925,0.1419404778647391
33,충청북도,Chungbuk,province,2020,69644.1,3.3,24785.5,3.8,1600.0,53.0,43.5275625,0.3558880077422208,1256.7000000000116,0.050703032014686476,0.13786585683214742
33,충청북도,Chungbuk,province,2021,74838.2,3.3,27485.0,3.8,1598.5,54.2,46.817766656240224,0.3672589666774455,5194.099999999991,0.18897944333272662,0.1193932575605417
33,충청북도,Chungbuk,province,2022,78308.5,3.3,29285.9,3.8,1597.0,55.4,49.03475266123982,0.37398111316140653,3470.300000000003,0.11849729733421212,0.15373837033346932
34,충청남도,Chungnam,province,1985,4089.7,4.5,1349.6,5.0,2854.0,54.0,1.4329712683952347,0.32999975548328725,,,
34,충청남도,Chungnam,province,1986,4733.1,4.46,1521.2,4.96,2847.2,54.0,1.6623700477662267,0.3213961251610995,643.4000000000005,0.42295556139889595,0.4319508638968378
34,충청남도,Chungnam,province,1987,5544.0,4.42,1839.0,4.92,2840.4,54.0,1.9518377693282636,0.33170995670995673,810.8999999999996,0.44094616639477957,0.43013507169821213
34,충청남도,Chungnam,province,1988,6516.3,4.38,2279.7,4.88,2833.6,54.0,2.2996541501976284,0.34984577137332534,972.3000000000002,0.42650348730096077,0.36600388441557974
34,충청남도,Chungnam,province,1989,7132.5,4.34,2672.6,4.84,2826.8,54.0,2.523171076835998,0.3747073256221521,616.1999999999998,0.23056199955099896,0.34033327293827087
34,충청남도,Chungnam,province,1990,8398.3,4.3,3478.1,4.8,2820.0,54.0,2.9781205673758864,0.41414333853279833,1265.7999999999993,0.3639343319628531,0.30914634152926673
34,충청남도,Chungnam,province,1991,9818.8,4.34,4266.5,4.84,2794.8,54.4,3.5132388721912116,0.4345235670346682,1420.5,0.3329426930739482,0.3023508185498524
34,충청남도,Chungnam,province,1992,10742.5,4.38,4394.9,4.88,2769.6,54.8,3.878718948584633,0.40911333488480334,923.7000000000007,0.21017543061275587,0.2511876770678381
34,충청남도,Chungnam,province,1993,11722.1,4.42,4654.9,4.92,2744.4,55.2,4.271279696837196,0.397104614360908,979.6000000000004,0.21044490751681033,0.2320476977857061
34,충청남도,Chungnam,province,1994,13222.9,4.46,5447.1,4.96,2719.2,55.6,4.862790526625478,0.41194442973931594,1500.7999999999993,0.2755227552275521,0.4107801377423194
34,충청남도,Chungnam,province,1995,19215.9,4.5,8029.5,5.0,2694.0,56.0,7.132850779510023,0.4178570870997455,5993.000000000002,0.7463727504825957,0.4126944603960095
34,충청남도,Chungnam,province,1996,21195.1,4.48,9155.0,5.0,2691.0,56.4,7.876291341508733,0.43193945770484693,1979.199999999997,0.21618787547788063,0.3722393342176881
34,충청남도,Chungnam,province,1997,22612.5,4.46,9194.5,5.0,2688.0,56.8,8.412388392857142,0.4066113875069099,1417.4000000000015,0.1541573766925881,0.1077322048761945
34,충청남도,Chungnam,province,1998,22314.2,4.44,6326.8,5.0,2685.0,57.2,8.310689013035383,0.28353245915157166,-298.2999999999993,-0.0471486375418852,0.11532026228880037
34,충청남도,Chungnam,province,1999,24233.2,4.42,8030.9,5.0,2682.0,57.6,9.035495898583147,0.331400722975092,1919.0,0.23895204771569814,0.18694596686925033
34,충청남도,Chungnam,province,2000,27880.7,4.4,9883.9,5.0,2679.0,58.0,10.407129525942516,0.3545068811041329,3647.5,0.36903449043393804,0.28891977276566
34,충청남도,Chungnam,province,2001,30550.2,4.46,10316.0,5.1,2666.8,58.6,11.45575221238938,0.3376737304502098,2669.5,0.25877278014734395,0.31666351718177904
34,충청남도,Chungnam,province,2002,34282.5,4.52,11584.4,5.2,2654.6,59.2,12.914375047088074,0.33791001239699553,3732.2999999999993,0.3221832809640551,0.26417023684702684
34,충청남도,Chungnam,province,2003,37021.9,4.58,12948.9,5.3,2642.4,59.8,14.01070996064184,0.34976324823955546,2739.4000000000015,0.2115546494296814,0.2580457612826728
34,충청남도,Chungnam,province,2004,40472.4,4.64,14353.2,5.4,2630.2,60.4,15.38757508934682,0.35464168173866634,3450.5,0.24039935345428196,0.20505741392459007
34,충청남도,Chungnam,province,2005,42942.3,4.7,15132.5,5.5,2618.0,61.0,16.402711993888467,0.35239146482605727,2469.9000000000015,0.1632182388898068,0.19974545539850122
34,충청남도,Chungnam,province,2006,46099.9,4.8,16141.6,5.6,2609.4,61.8,17.666858281597303,0.3501439265594936,3157.5999999999985,0.19561877385141488,0.2039714129003988
34,충청남도,Chungnam,province,2007,50534.8,4.9,17523.9,5.7,2600.8,62.6,19.430482928329745,0.34676895921226564,4434.9000000000015,0.2530772259599747,0.21496708074348012
34,충청남도,Chungnam,province,2008,54199.6,5.0,18678.4,5.8,2592.2,63.4,20.90872617853561,0.3446224695385206,3664.7999999999956,0.19620524241905063,0.21268652926862827
34,충청남도,Chungnam,province,2009,57551.3,5.1,17754.8,5.9,2583.6,64.2,22.27562316148011,0.3085038913108826,3351.7000000000044,0.18877711942685946,0.299236860132912
34,충청남도,Chungnam,province,2010,69773.1,5.2,23836.8,6.0,2575.0,65.0,27.09634951456311,0.34163309355611254,12221.800000000003,0.512728218552826,0.2796698532873165
34,충청남도,Chungnam,province,2011,73233.6,5.16,25166.5,5.9,2546.6,64.8,28.757402026231055,0.34364690524567953,3460.5,0.13750422188226413,0.24608985424497995
34,충청남도,Chungnam,province,2012,75428.7,5.12,24933.8,5.8,2518.2,64.6,29.953419108887303,0.3305611789676874,2195.0999999999913,0.08803712229984965,0.10843275083024136
34,충청남도,Chungnam,province,2013,77997.6,5.08,25751.6,5.7,2489.8,64.4,31.326853562535142,0.33015887668338506,2568.9000000000087,0.0997569083086103,0.09762493521949552
34,충청남도,Chungnam,province,2014,80796.5,5.04,26635.7,5.6,2461.4,64.2,32.82542455513123,0.3296640324766543,2798.899999999994,0.10508077505002662,0.11612501788210085
34,충청남도,Chungnam,province,2015,84730.4,5.0,27406.8,5.5,2433.0,64.0,34.82548294286888,0.3234588766251546,3933.899999999994,0.14353737028766564,0.13577320679383933
34,충청남도,Chungnam,province,2016,89428.9,5.02,29605.9,5.56,2411.4,65.0,37.08588371900141,0.33105517343945867,4698.5,0.15870147504382573,0.1542867548416882
34,충청남도,Chungnam,province,2017,94775.2,5.04,33285.1,5.62,2389.8,66.0,39.65821407649175,0.3512005250318649,5346.300000000003,0.1606214191935732,0.16700146631680243
34,충청남도,Chungnam,province,2018,101095.3,5.06,34786.7,5.68,2368.2,67.0,42.68866649776202,0.3440980935810072,6320.100000000006,0.1816815047130083,0.16508043508209583
34,충청남도,Chungnam,province,2019,106566.9,5.08,35776.5,5.74,2346.6,68.0,45.41332140117617,0.335718689386667,5471.599999999991,0.152938381339706,0.12092301876704593
34,충청남도,Chungnam,province,2020,107631.8,5.1,37830.6,5.8,2325.0,69.0,46.29324731182796,0.3514816253189113,1064.9000000000087,0.028149170248423467,0.11659032571121102
34,충청남도,Chungnam,province,2021,114525.2,5.05,40865.9,5.65,2323.5,70.0,49.2899505057026,0.3568288900608775,6893.399999999994,0.16868342554550356,0.09804180992206886
34,충청남도,Chungnam,province,2022,118649.2,5.0,42387.5,5.5,2322.0,71.0,51.097846683893195,0.357250617787562,4124.0,0.09729283397227956,0.13298812975889157
35,전북특별자치도,Jeonbuk,province,1985,2817.4,3.1,809.8,3.0,2202.0,40.0,1.2794732061762035,0.2874281252218357,,,
35,전북특별자치도,Jeonbuk,province,1986,3247.3,3.06,907.8,2.96,2175.4,39.8,1.4927369679139468,0.2795553228836264,429.9000000000001,0.47356245869134184,0.4844905934651504
35,전북특별자치도,Jeonbuk,province,1987,3788.0,3.02,1091.4,2.92,2148.8,39.6,1.762844378257632,0.2881203801478353,540.6999999999998,0.49541872823895894,0.482921383701508
35,전북특별자치도,Jeonbuk,province,1988,4433.5,2.98,1345.4,2.88,2122.2,39.4,2.089105645085289,0.3034622758542912,645.5,0.4797829641742232,0.4097077953582349
35,전북특별자치도,Jeonbuk,province,1989,4831.7,2.94,1568.2,2.84,2095.6,39.2,2.3056403893872877,0.32456485295030735,398.1999999999998,0.2539216936615226,0.3813089819250078
35,전북특별자치도,Jeonbuk,province,1990,5664.0,2.9,2028.9,2.8,2069.0,39.0,2.737554374093765,0.35820974576271186,832.3000000000002,0.4102222879392775,0.33723050699297047
35,전북특별자치도,Jeonbuk,province,1991,6515.7,2.88,2450.6,2.78,2035.6,39.2,3.200874435056003,0.37610694169467596,851.6999999999998,0.34754753937811145,0.3194792157491296
35,전북특별자치도,Jeonbuk,province,1992,7014.5,2.86,2485.7,2.76,2002.2,39.4,3.5033962641094796,0.35436595623351624,498.8000000000002,0.20066781992999969,0.24925596007849102
35,전북특별자치도,Jeonbuk,province,1993,7531.8,2.84,2592.3,2.74,1968.8,39.6,3.82557903291345,0.34418067394248386,517.3000000000002,0.19955252092736186,0.2258933614737845
35,전북특별자치도,Jeonbuk,province,1994,8360.6,2.82,2987.1,2.72,1935.4,39.8,4.31983052598946,0.3572829701217616,828.8000000000002,0.2774597435639919,0.4354480405919617
35,전북특별자치도,Jeonbuk,province,1995,11956.5,2.8,4335.9,2.7,1902.0,40.0,6.2862776025236595,0.36263956843557893,3595.8999999999996,0.8293318572845314,0.4442958280760178
35,전북특별자치도,Jeonbuk,province,1996,13057.7,2.76,4870.5,2.66,1899.0,40.6,6.8760926803580835,0.37299830751204266,1101.2000000000007,0.22609588337952996,0.4025159863388185
35,전북특별자치도,Jeonbuk,province,1997,13790.6,2.72,4817.9,2.62,1896.0,41.2,7.273523206751055,0.34936115905036763,732.8999999999996,0.15212021835239414,0.09322472234618218
35,전북특별자치도,Jeonbuk,province,1998,13468.9,2.68,3264.6,2.58,1893.0,41.8,7.115108293713682,0.24238059529731457,-321.7000000000007,-0.09854193469337767,0.09999782041520137
35,전북특별자치도,Jeonbuk,province,1999,14474.2,2.64,4079.7,2.54,1890.0,42.4,7.658306878306878,0.28186013734783266,1005.3000000000011,0.2464151775865875,0.1842391778502165
35,전북특별자치도,Jeonbuk,province,2000,16474.9,2.6,4941.9,2.5,1887.0,43.0,8.730736618971914,0.29996540191442733,2000.7000000000007,0.4048442906574396,0.29731988102892287
35,전북특별자치도,Jeonbuk,province,2001,17672.6,2.58,4975.9,2.46,1865.2,43.6,9.474908856959038,0.2815601552686079,1197.699999999997,0.24070017484274145,0.3230115325224178
35,전북특별자치도,Jeonbuk,province,2002,19416.6,2.56,5391.2,2.42,1843.4,44.2,10.533036779863295,0.27765932243544184,1744.0,0.3234901320670723,0.25199226093297483
35,전북특별자치도,Jeonbuk,province,2003,20531.8,2.54,5814.8,2.38,1821.6,44.8,11.271299956082565,0.2832094604467217,1115.2000000000007,0.19178647588911066,0.24940998861172692
35,전북특별자치도,Jeonbuk,province,2004,21980.7,2.52,6219.7,2.34,1799.8,45.4,12.212856984109346,0.28296187109600696,1448.9000000000015,0.23295335787899762,0.18692794267199553
35,전북특별자치도,Jeonbuk,province,2005,22841.6,2.5,6328.1,2.3,1778.0,46.0,12.846794150731158,0.2770427640795741,860.8999999999978,0.13604399424787816,0.16244845569669053
35,전북특별자치도,Jeonbuk,province,2006,23626.2,2.46,6629.6,2.3,1775.6,46.6,13.306037395809868,0.28060373652978476,784.6000000000022,0.11834801496319569,0.1475795925673645
35,전북특별자치도,Jeonbuk,province,2007,24958.0,2.42,7071.0,2.3,1773.2,47.2,14.07511842995714,0.2833159708309961,1331.7999999999993,0.18834676849101956,0.14007867607422586
35,전북특별자치도,Jeonbuk,province,2008,25799.0,2.38,7407.0,2.3,1770.8,47.8,14.569121301106845,0.2871041513236947,841.0,0.11354124476846227,0.12985752858160582
35,전북특별자치도,Jeonbuk,province,2009,26405.9,2.34,6921.4,2.3,1768.4,48.4,14.93208550101787,0.2621156635448896,606.9000000000015,0.08768457248533555,0.22960509490573003
35,전북특별자치도,Jeonbuk,province,2010,30861.2,2.3,9137.4,2.3,1766.0,49.0,17.47519818799547,0.29608051533964974,4455.299999999999,0.48758946746339216,0.24309490438044282
35,전북특별자치도,Jeonbuk,province,2011,32359.0,2.28,9725.3,2.28,1779.6,49.6,18.183299617891663,0.30054389814271143,1497.7999999999993,0.15401067319260067,0.24596972314481735
35,전북특별자치도,Jeonbuk,province,2012,33294.7,2.26,9715.6,2.26,1793.2,50.2,18.567198304706668,0.29180620338972874,935.6999999999971,0.09630902877845908,0.11960626593730928
35,전북특별자치도,Jeonbuk,province,2013,34392.7,2.24,10119.9,2.24,1806.8,50.8,19.035145007748504,0.29424558118437927,1098.0,0.10849909584086799,0.10603143161405619
35,전북특별자치도,Jeonbuk,province,2014,35588.9,2.22,10559.1,2.22,1820.4,51.4,19.550043946385408,0.29669644186811056,1196.2000000000044,0.11328617022284138,0.12539080507164072
35,전북특별자치도,Jeonbuk,province,2015,37281.4,2.2,10962.7,2.2,1834.0,52.0,20.327917121046895,0.2940527984464103,1692.5,0.15438714915121274,0.1342674483003124
35,전북특별자치도,Jeonbuk,province,2016,38835.6,2.18,11501.6,2.16,1828.0,52.8,21.244857768052515,0.29616125410705646,1554.199999999997,0.13512902552688297,0.1438217926138497
35,전북특별자치도,Jeonbuk,province,2017,40617.9,2.16,12555.9,2.12,1822.0,53.6,22.293029637760704,0.30912233276461853,1782.300000000003,0.14194920316345327,0.14829874450865213
35,전북특별자치도,Jeonbuk,province,2018,42755.7,2.14,12738.8,2.08,1816.0,54.4,23.543887665198238,0.2979438998776771,2137.7999999999956,0.16781800483561998,0.14827081005920104
35,전북특별자치도,Jeonbuk,province,2019,44472.8,2.12,12715.0,2.04,1810.0,55.2,24.570607734806632,0.2859050925509525,1717.1000000000058,0.13504522217852977,0.09702442305863247
35,전북특별자치도,Jeonbuk,province,2020,44319.0,2.1,13045.0,2.0,1804.0,56.0,24.567073170731707,0.294343283918861,-153.8000000000029,-0.011789957838252428,0.09112034368173179
35,전북특별자치도,Jeonbuk,province,2021,46490.4,2.05,14465.8,2.0,1795.0,56.8,25.899944289693593,0.3111567119233218,2171.4000000000015,0.1501057667049179,0.06706714120399643
35,전북특별자치도,Jeonbuk,province,2022,47459.7,2.0,15413.7,2.0,1786.0,57.6,26.573180291153413,0.32477449288554294,969.2999999999956,0.06288561474532368,0.10649569072512086
36,전라남도,Jeonnam,province,1985,3908.0,4.3,1214.7,4.5,2748.0,54.0,1.4221251819505094,0.31082395087001025,,,
36,전라남도,Jeonnam,province,1986,4499.6,4.24,1349.5,4.4,2699.8,53.4,1.666641973479517,0.2999155480487154,591.6000000000004,0.43838458688403137,0.45044968160850596
36,전라남도,Jeonnam,province,1987,5243.0,4.18,1607.3,4.3,2651.6,52.8,1.9772967265047519,0.306561129124547,743.3999999999996,0.46251477633298055,0.45091140853411105
36,전라남도,Jeonnam,province,1988,6129.5,4.12,1962.0,4.2,2603.4,52.2,2.354421141584082,0.32009136144873157,886.5,0.4518348623853211,0.3847007629649934
36,전라남도,Jeonnam,province,1989,6672.3,4.06,2264.0,4.1,2555.2,51.6,2.6112633061991235,0.33931328027816493,542.8000000000002,0.23975265017667852,0.36164748900654375
36,전라남도,Jeonnam,province,1990,7812.4,4.0,2898.4,4.0,2507.0,51.0,3.116234543278819,0.37099994879934467,1140.0999999999995,0.3933549544576316,0.3222180821598743
36,전라남도,Jeonnam,province,1991,8959.1,3.96,3437.9,3.9,2418.8,50.2,3.703944104514635,0.383732741011932,1146.7000000000007,0.33354664184531274,0.3061172635389032
36,전라남도,Jeonnam,province,1992,9614.3,3.92,3422.3,3.8,2330.6,49.4,4.125246717583455,0.3559593522149299,655.1999999999989,0.19145019431376525,0.23934029639285356
36,전라남도,Jeonnam,province,1993,10290.0,3.88,3500.6,3.7,2242.4,48.6,4.588833392793435,0.3401943634596696,675.7000000000007,0.19302405301948258,0.22045604627393414
36,전라남도,Jeonnam,province,1994,11384.7,3.84,3953.5,3.6,2154.2,47.8,5.284885340265529,0.3472643108733651,1094.7000000000007,0.27689389148855464,0.44379726950277393
36,전라남도,Jeonnam,province,1995,16226.7,3.8,5620.6,3.5,2066.0,47.0,7.854162633107454,0.3463797321698189,4842.0,0.8614738640002846,0.45711338735179247
36,전라남도,Jeonnam,province,1996,17694.1,3.74,6298.6,3.44,2051.6,47.0,8.62453694677325,0.3559717645994993,1467.3999999999978,0.23297240656653823,0.4165034078624991
36,전라남도,Jeonnam,province,1997,18657.9,3.68,6215.5,3.38,2037.2,47.0,9.158600039269587,0.33312966625397283,963.8000000000029,0.15506395302067458,0.09246534528492249
36,전라남도,Jeonnam,province,1998,18193.1,3.62,4201.0,3.32,2022.8,47.0,8.99401819260431,0.2309117192781879,-464.8000000000029,-0.11064032373244535,0.0991629430807983
36,전라남도,Jeonnam,province,1999,19518.2,3.56,5236.2,3.26,2008.4,47.0,9.718283210515834,0.2682726890799356,1325.1000000000022,0.25306519995416565,0.18762282116423135
36,전라남도,Jeonnam,province,2000,22177.8,3.5,6325.7,3.2,1994.0,47.0,11.122266800401203,0.285226668109551,2659.5999999999985,0.42044358727097375,0.30390550629517415
36,전라남도,Jeonnam,province,2001,23700.4,3.46,6391.9,3.16,1959.0,47.2,12.098213374170497,0.26969587011189683,1522.6000000000022,0.23820773166038303,0.3269272608294866
36,전라남도,Jeonnam,province,2002,25939.4,3.42,6950.6,3.12,1924.0,47.4,13.482016632016633,0.26795531122539457,2239.0,0.32213046355710295,0.24801527880449967
36,전라남도,Jeonnam,province,2003,27321.8,3.38,7525.0,3.08,1889.0,47.6,14.46363155108523,0.275421092314562,1382.3999999999978,0.183707641196013,0.24333764991549836
36,전라남도,Jeonnam,province,2004,29133.2,3.34,8080.3,3.04,1854.0,47.8,15.713700107874866,0.2773571046091744,1811.4000000000015,0.22417484499337914,0.17706363420424842
36,전라남도,Jeonnam,province,2005,30151.0,3.3,8254.1,3.0,1819.0,48.0,16.575590984057175,0.2737587476368943,1017.7999999999993,0.12330841642335315,0.1604852384154171
36,전라남도,Jeonnam,province,2006,31309.5,3.26,8647.3,3.0,1800.8,48.4,17.386439360284317,0.27618773854580875,1158.5,0.13397245382951906,0.1543959259695498
36,전라남도,Jeonnam,province,2007,33208.6,3.22,9223.1,3.0,1782.6,48.8,18.62930550880736,0.27773227416994395,1899.0999999999985,0.20590690765577718,0.15684533623089425
36,전라남도,Jeonnam,province,2008,34470.9,3.18,9661.2,3.0,1764.4,49.2,19.536896395375198,0.2802711852606111,1262.300000000003,0.13065664720738654,0.14772952428763997
36,전라남도,Jeonnam,province,2009,35433.5,3.14,9027.9,3.0,1746.2,49.6,20.29177642881686,0.2547843142788604,962.5999999999985,0.10662501799975616,0.25143245733780845
36,전라남도,Jeonnam,province,2010,41595.5,3.1,11918.4,3.0,1728.0,50.0,24.07146990740741,0.2865309949393564,6162.0,0.5170157068062827,0.2630411579984234
36,전라남도,Jeonnam,province,2011,43713.1,3.08,12796.5,3.0,1742.2,50.4,25.090747330960852,0.292738332444965,2117.5999999999985,0.1654827491892313,0.2628390010773461
36,전라남도,Jeonnam,province,2012,45080.4,3.06,12896.8,3.0,1756.4,50.8,25.666363015258483,0.2860844180619515,1367.300000000003,0.10601854723652403,0.12973752957062698
36,전라남도,Jeonnam,province,2013,46675.8,3.04,13553.5,3.0,1770.6,51.2,26.361572348356493,0.29037531226031477,1595.4000000000015,0.11771129228612547,0.11517716494926426
36,전라남도,Jeonnam,province,2014,48413.8,3.02,14269.1,3.0,1784.8,51.6,27.125616315553565,0.29473208052249567,1738.0,0.12180165532514314,0.13389887474018763
36,전라남도,Jeonnam,province,2015,50838.3,3.0,14949.1,3.0,1799.0,52.0,28.259199555308506,0.2940519254184345,2424.5,0.1621836766092942,0.13468994739789272
36,전라남도,Jeonnam,province,2016,52731.0,2.96,15761.4,2.96,1789.4,52.8,29.46853693975634,0.2989019741707914,1892.699999999997,0.12008451025924075,0.13607698283999167
36,전라남도,Jeonnam,province,2017,54909.4,2.92,17294.0,2.92,1779.8,53.6,30.85144398246994,0.31495518071587014,2178.4000000000015,0.12596276165143988,0.13173710233114228
36,전라남도,Jeonnam,province,2018,57540.4,2.88,17638.3,2.88,1770.2,54.4,32.505027680488084,0.3065376674475673,2631.0,0.1491640350827461,0.13005639825005036
36,전라남도,Jeonnam,province,2019,59576.8,2.84,17701.3,2.84,1760.6,55.2,33.83891855049416,0.2971173342643445,2036.4000000000015,0.11504239801596501,0.07922031954738651
36,전라남도,Jeonnam,province,2020,59092.0,2.8,18263.0,2.8,1751.0,56.0,33.74757281553398,0.30906044811480404,-484.8000000000029,-0.026545474456551657,0.0864226079491351
36,전라남도,Jeonnam,province,2021,62365.2,2.75,19167.2,2.65,1739.5,56.8,35.85237137108364,0.3073380667423499,3273.199999999997,0.17077090028799183,0.07757966865861053
36,전라남도,Jeonnam,province,2022,64070.6,2.7,19267.1,2.5,1728.0,57.6,37.077893518518515,0.3007167093799652,1705.4000000000015,0.0885135801443913,0.1296422402161916
37,경상북도,Gyeongbuk,province,1985,5725.6,6.3,1619.5,6.0,3011.0,55.0,1.9015609432082365,0.28285245214475335,,,
37,경상북도,Gyeongbuk,province,1986,6622.0,6.24,1827.9,5.96,2980.8,54.8,2.2215512614063337,0.27603443068559347,896.3999999999996,0.4903988183161002,0.500441636200711
37,경상북도,Gyeongbuk,province,1987,7751.6,6.18,2212.8,5.92,2950.6,54.6,2.627126686097743,0.285463646214975,1129.6000000000004,0.5104844540853218,0.49786735748655714
37,경상북도,Gyeongbuk,province,1988,9105.0,6.12,2746.8,5.88,2920.4,54.4,3.117723599506917,0.3016803953871499,1353.3999999999996,0.4927188000582494,0.42269596605083404
37,경상북도,Gyeongbuk,province,1989,9959.2,6.06,3224.8,5.84,2890.2,54.2,3.4458514981662174,0.3238011085227729,854.2000000000007,0.26488464400893097,0.39207969435372014
37,경상북도,Gyeongbuk,province,1990,11718.6,6.0,4202.7,5.8,2860.0,54.0,4.097412587412587,0.3586349905278787,1759.3999999999996,0.41863563899398,0.35386314535735464
37,경상북도,Gyeongbuk,province,1991,13664.9,6.04,5148.0,5.84,2822.4,54.4,4.841588718820861,0.3767316262833976,1946.2999999999993,0.37806915306915295,0.3440625830969893
37,경상북도,Gyeongbuk,province,1992,14911.9,6.08,5295.5,5.88,2784.8,54.8,5.354747199080723,0.35511906598086096,1247.0,0.23548295722783497,0.282997403426378
37,경상북도,Gyeongbuk,province,1993,16230.6,6.12,5601.0,5.92,2747.2,55.2,5.908051834595224,0.34508890614025356,1318.7000000000007,0.23544009998214618,0.2604786481066052
37,경상북도,Gyeongbuk,province,1994,18263.0,6.16,6545.3,5.96,2709.6,55.6,6.740109241216416,0.3583912829217544,2032.3999999999996,0.3105128871098345,0.46608549868806587
37,경상북도,Gyeongbuk,province,1995,26475.2,6.2,9635.3,6.0,2672.0,56.0,9.908383233532934,0.36393681634133074,8212.2,0.8523035089722169,0.469929038969005
37,경상북도,Gyeongbuk,province,1996,29143.2,6.16,10802.9,5.9,2680.8,56.8,10.871083258728737,0.3706833841170496,2668.0,0.24697072082496369,0.4253587616675671
37,경상북도,Gyeongbuk,province,1997,31028.9,6.12,10665.6,5.8,2689.6,57.6,11.53662254610351,0.34373116675099663,1885.7000000000007,0.17680205520552061,0.11942080638500546
37,경상북도,Gyeongbuk,province,1998,30556.4,6.08,7212.6,5.7,2698.4,58.4,11.323895641861844,0.23604220392454608,-472.5,-0.06551035687546793,0.1319207935798327
37,경상북도,Gyeongbuk,province,1999,33115.1,6.04,8994.6,5.6,2707.2,59.2,12.23223256501182,0.27161627173102304,2558.699999999997,0.28447068240944534,0.22333828007269432
37,경상북도,Gyeongbuk,province,2000,38019.1,6.0,10872.3,5.5,2716.0,60.0,13.998195876288658,0.28596942063331326,4904.0,0.4510545146841055,0.3292462201144399
37,경상북도,Gyeongbuk,province,2001,40825.0,5.96,11125.1,5.5,2694.2,61.0,15.15292108974835,0.2725070422535211,2805.9000000000015,0.2522134632497687,0.3453097835097674
37,경상북도,Gyeongbuk,province,2002,44901.0,5.92,12252.7,5.5,2672.4,62.0,16.80175123484508,0.2728825638627202,4076.0,0.33266137259542794,0.26018073897505056
37,경상북도,Gyeongbuk,province,2003,47530.3,5.88,13437.6,5.5,2650.6,63.0,17.931902210820194,0.2827164987386993,2629.300000000003,0.19566738107995496,0.2538417595818323
37,경상북도,Gyeongbuk,province,2004,50939.4,5.84,14619.0,5.5,2628.8,64.0,19.37743457090688,0.28698806817512573,3409.0999999999985,0.23319652507011412,0.18818179546926408
37,경상북도,Gyeongbuk,province,2005,52992.6,5.8,15132.5,5.5,2607.0,65.0,20.32704257767549,0.28555873838988843,2053.199999999997,0.13568148025772325,0.18400827939462694
37,경상북도,Gyeongbuk,province,2006,55896.1,5.82,15853.4,5.5,2600.6,66.0,21.493539952318695,0.2836226498807609,2903.5,0.1831468328560435,0.19169806900547415
37,경상북도,Gyeongbuk,province,2007,60229.3,5.84,16909.0,5.5,2594.2,67.0,23.216906946264746,0.28074375760634773,4333.200000000004,0.25626589390265564,0.20843538181881338
37,경상북도,Gyeongbuk,province,2008,63521.9,5.86,17712.3,5.5,2587.8,68.0,24.546680578097224,0.27883769219749405,3292.5999999999985,0.18589341869774104,0.20440782382601805
37,경상북도,Gyeongbuk,province,2009,66353.2,5.88,16551.1,5.5,2581.4,69.0,25.70434647865499,0.2494393638890061,2831.2999999999956,0.17106415887765744,0.31444223527644793
37,경상북도,Gyeongbuk,province,2010,79165.6,5.9,21850.4,5.5,2575.0,70.0,30.74392233009709,0.2760087714866053,12812.400000000009,0.5863691282539454,0.3053173822172427
37,경상북도,Gyeongbuk,province,2011,82884.5,5.84,23460.3,5.5,2596.0,70.6,31.92777349768875,0.28304809705071515,3718.899999999994,0.15851885952012523,0.2802616871542146
37,경상북도,Gyeongbuk,province,2012,85151.9,5.78,23644.1,5.5,2617.0,71.2,32.53798242262132,0.27766967031857187,2267.399999999994,0.09589707368857323,0.12065259589463606
37,경상북도,Gyeongbuk,province,2013,87824.1,5.72,24848.0,5.5,2638.0,71.8,33.29192570128886,0.2829291731996115,2672.2000000000116,0.10754185447520974,0.1049141483277849
37,경상북도,Gyeongbuk,province,2014,90735.8,5.66,26160.0,5.5,2659.0,72.4,34.12403159082362,0.2883095757132245,2911.699999999997,0.11130351681957175,0.123572146596244
37,경상북도,Gyeongbuk,province,2015,94898.1,5.6,27406.8,5.5,2680.0,73.0,35.40973880597015,0.2888024101641655,4162.300000000003,0.15187106849395052,0.13091085759405025
37,경상북도,Gyeongbuk,province,2016,98692.4,5.54,29286.5,5.5,2671.8,74.0,36.93854330413953,0.2967452407682861,3794.2999999999884,0.12955798746862848,0.1383927525965936
37,경상북도,Gyeongbuk,province,2017,103049.2,5.48,32574.4,5.5,2663.6,75.0,38.68794113230215,0.3161053166836812,4356.800000000003,0.13374920182720182,0.13960923789814586
37,경상북도,Gyeongbuk,province,2018,108287.8,5.42,33684.3,5.5,2655.4,76.0,40.78022143556526,0.31106274206327955,5238.600000000006,0.15552052439860722,0.13680456451034242
37,경상북도,Gyeongbuk,province,2019,112440.7,5.36,34280.7,5.5,2647.2,77.0,42.47533242671502,0.30487803793466245,4152.899999999994,0.12114396730521823,0.08675789984598503
37,경상북도,Gyeongbuk,province,2020,111852.7,5.3,35873.8,5.5,2639.0,78.0,42.38450170519136,0.320723594513141,-588.0,-0.016390792165870357,0.1238196855350255
37,경상북도,Gyeongbuk,province,2021,122462.5,5.4,39780.9,5.5,2624.5,79.0,46.661268813107256,0.324841482086353,10609.800000000003,0.2667058814657286,0.1467565583226009
37,경상북도,Gyeongbuk,province,2022,130514.2,5.5,42387.5,5.5,2610.0,80.0,50.00544061302682,0.32477308982470876,8051.699999999997,0.1899545856679445,0.22833023356683654
38,경상남도,Gyeongnam,province,1985,11996.6,13.2,3644.0,13.5,5637.0,93.0,2.128188752882739,0.3037527299401497,,,
38,경상남도,Gyeongnam,province,1986,13774.7,12.98,4079.0,13.3,5574.0,92.2,2.4712414782920704,0.29612260158115966,1778.1000000000004,0.4359156656043149,0.4456872777231229
38,경상남도,Gyeongnam,province,1987,16004.9,12.76,4896.6,13.1,5511.0,91.4,2.904173471239339,0.30594380470980764,2230.199999999999,0.4554588898419309,0.44378200462891604
38,경상남도,Gyeongnam,province,1988,18656.3,12.54,6026.3,12.9,5448.0,90.6,3.4244309838472833,0.32301688973697895,2651.3999999999996,0.4399714584405024,0.37408981968799765
38,경상남도,Gyeongnam,province,1989,20247.1,12.32,7012.9,12.7,5385.0,89.8,3.759907149489322,0.3463656523650301,1590.7999999999993,0.2268391107815596,0.34685570818764666
38,경상남도,Gyeongnam,province,1990,23632.4,12.1,9057.5,12.5,5322.0,89.0,4.440511086057874,0.38326619386943345,3385.300000000003,0.37375655534087804,0.31889158885903696
38,경상남도,Gyeongnam,province,1991,27556.0,12.18,11018.9,12.5,5289.0,90.4,5.210058612214029,0.3998729859195819,3923.5999999999985,0.3560791004546732,0.3176941267338343
38,경상남도,Gyeongnam,province,1992,30069.2,12.26,11257.5,12.5,5256.0,91.8,5.720928462709285,0.37438641533529327,2513.2000000000007,0.22324672440595164,0.26800037585773334
38,경상남도,Gyeongnam,province,1993,32726.3,12.34,11826.4,12.5,5223.0,93.2,6.2658050928585105,0.3613729630297345,2657.0999999999985,0.22467530271257513,0.24876876801655765
38,경상남도,Gyeongnam,province,1994,36822.4,12.42,13727.6,12.5,5190.0,94.6,7.094874759152216,0.3728056834970018,4096.100000000002,0.29838427693114616,0.4492582094215986
38,경상남도,Gyeongnam,province,1995,53377.4,12.5,20073.6,12.5,5157.0,96.0,10.350475082412256,0.3760692727633792,16555.0,0.8247150486210745,0.3996523788931419
38,경상남도,Gyeongnam,province,1996,54974.7,11.62,21056.5,11.5,4736.6,89.6,11.606363214119831,0.38302164450192544,1597.2999999999956,0.07585781112720517,0.29117760500030526
38,경상남도,Gyeongnam,province,1997,54452.6,10.74,19308.4,10.5,4316.2,83.2,12.615865807886568,0.3545909653533532,-522.0999999999985,-0.027040044747363764,-0.11957024180872161
38,경상남도,Gyeongnam,province,1998,49553.7,9.86,12021.0,9.5,3895.8,76.8,12.71977514246111,0.24258531653539495,-4898.9000000000015,-0.40752849180600625,-0.15265938949630428
38,경상남도,Gyeongnam,province,1999,49234.1,8.98,13652.5,8.5,3475.4,70.4,14.16645565978017,0.27729764533118306,-319.59999999999854,-0.023409631935542834,-0.09661766278980906
38,경상남도,Gyeongnam,province,2000,51325.8,8.1,14825.8,7.5,3055.0,64.0,16.800589198036008,0.2888566763693892,2091.7000000000044,0.14108513537212186,0.1165641664515396
38,경상남도,Gyeongnam,province,2001,54798.7,8.0,14968.3,7.4,3055.2,65.6,17.93620712228332,0.27315064043490084,3472.899999999994,0.23201699591803976,0.22930690128397116
38,경상남도,Gyeongnam,province,2002,59918.5,7.9,16262.7,7.3,3055.4,67.2,19.61068927145382,0.2714136702354031,5119.800000000003,0.3148185725617519,0.2416251584167665
38,경상남도,Gyeongnam,province,2003,63050.4,7.8,17591.0,7.2,3055.6,68.8,20.634376227254876,0.2789990230038192,3131.9000000000015,0.17803990677050774,0.23693070525444548
38,경상남도,Gyeongnam,province,2004,67163.2,7.7,18871.8,7.1,3055.8,70.4,21.978925322337847,0.28098422945898943,4112.799999999996,0.21793363643107683,0.17137261187623298
38,경상남도,Gyeongnam,province,2005,69438.6,7.6,19259.5,7.0,3056.0,72.0,22.72205497382199,0.2773601426296037,2275.4000000000087,0.11814429242711434,0.1667660553796794
38,경상남도,Gyeongnam,province,2006,72799.4,7.58,20465.2,7.1,3068.8,74.0,23.722432221063606,0.28111770151951804,3360.7999999999884,0.16422023728084692,0.17195460380051278
38,경상남도,Gyeongnam,province,2007,77968.0,7.56,22135.4,7.2,3081.6,76.0,25.301142263759086,0.28390365278062796,5168.600000000006,0.23349928169357706,0.18595556555035275
38,경상남도,Gyeongnam,province,2008,81732.9,7.54,23509.0,7.3,3094.4,78.0,26.413165718717682,0.2876320306755297,3764.899999999994,0.16014717767663422,0.17802258940092933
38,경상남도,Gyeongnam,province,2009,84859.9,7.52,22268.7,7.4,3107.2,80.0,27.31072991761071,0.26241723122464206,3127.0,0.14042130883257667,0.2766606101940804
38,경상남도,Gyeongnam,province,2010,100634.3,7.5,29796.0,7.5,3120.0,82.0,32.254583333333336,0.2960819521773391,15774.400000000009,0.5294133440730302,0.25812501888468575
38,경상남도,Gyeongnam,province,2011,103889.5,7.32,31138.2,7.3,3162.8,83.0,32.8473188314152,0.2997242262211292,3255.199999999997,0.10454040374845036,0.22549438961228874
38,경상남도,Gyeongnam,province,2012,105187.6,7.14,30522.4,7.1,3205.6,84.0,32.81370102320938,0.2901710848046728,1298.1000000000058,0.04252942101538561,0.06693728170064957
38,경상남도,Gyeongnam,province,2013,106862.9,6.96,31173.0,6.9,3248.4,85.0,32.897087797069325,0.29171021935582886,1675.2999999999884,0.05374202033811274,0.05120806136642945
38,경상남도,Gyeongnam,province,2014,108690.6,6.78,31867.7,6.7,3291.2,86.0,33.024611084103064,0.293196467771822,1827.7000000000116,0.05735274274578999,0.06948624934737668
38,경상남도,Gyeongnam,province,2015,111844.2,6.6,32389.8,6.5,3334.0,87.0,33.54655068986202,0.2895974936563541,3153.5999999999913,0.09736398495822732,0.08694617930260733
38,경상남도,Gyeongnam,province,2016,115438.1,6.48,33865.8,6.36,3330.0,88.8,34.6660960960961,0.2933676143318367,3593.9000000000087,0.10612181020380468,0.10546213133014486
38,경상남도,Gyeongnam,province,2017,119597.2,6.36,36838.6,6.22,3326.0,90.6,35.95826819001804,0.3080222613907349,4159.099999999991,0.11290059882840259,0.11842527210244243
38,경상남도,Gyeongnam,province,2018,124670.8,6.24,37236.5,6.08,3322.0,92.4,37.52883804936785,0.2986785999608569,5073.600000000006,0.13625340727512,0.11648091491862582
38,경상남도,Gyeongnam,province,2019,128383.8,6.12,37023.1,5.94,3318.0,94.2,38.69312839059675,0.28837828448760666,3713.0,0.10028873865235488,0.06335639496178513
38,경상남도,Gyeongnam,province,2020,126625.7,6.0,37830.6,5.8,3314.0,96.0,38.20932407966204,0.2987592566122043,-1758.1000000000058,-0.046472961042119496,0.07647150139229474
38,경상남도,Gyeongnam,province,2021,133801.7,5.9,40865.9,5.65,3292.5,97.8,40.63832953682612,0.3054213810437386,7176.000000000015,0.17559872656664882,0.07317187367479393
38,경상남도,Gyeongnam,province,2022,137633.1,5.8,42387.5,5.5,3271.0,99.6,42.07676551513299,0.3079746078523262,3831.399999999994,0.09038985549985241,0.13299429103325064
39,제주특별자치도,Jeju,province,1985,1181.5,1.3,404.9,1.5,489.0,11.0,2.4161554192229038,0.34269995768091405,,,
39,제주특별자치도,Jeju,province,1986,1358.4,1.28,441.6,1.44,494.2,11.1,2.748684743019021,0.3250883392226148,176.9000000000001,0.40058876811594224,0.4154940738602201
39,제주특별자치도,Jeju,province,1987,1580.4,1.26,515.8,1.38,499.4,11.2,3.164597517020425,0.32637307010883315,222.0,0.4303993796044979,0.41993042052352864
39,제주특별자치도,Jeju,province,1988,1844.8,1.24,616.6,1.32,504.6,11.3,3.655965120887832,0.3342367736339983,264.39999999999986,0.42880311385014575,0.3631470225858681
39,제주특별자치도,Jeju,province,1989,2005.0,1.22,695.8,1.26,509.8,11.4,3.932914868575912,0.34703241895261844,160.20000000000005,0.2302385743029607,0.3495253010730788
39,제주특별자치도,Jeju,province,1990,2343.7,1.2,869.5,1.2,515.0,11.5,4.550873786407767,0.37099458121773266,338.6999999999998,0.38953421506612973,0.30928835211275724
39,제주특별자치도,Jeju,province,1991,2669.6,1.18,1057.8,1.2,513.2,11.8,5.201870615744348,0.3962391369493557,325.9000000000001,0.3080922669691814,0.28664289785495844
39,제주특별자치도,Jeju,province,1992,2845.0,1.16,1080.7,1.2,511.4,12.1,5.563159953070004,0.37985940246045696,175.4000000000001,0.16230221152956426,0.20914849274483283
39,제주특별자치도,Jeju,province,1993,3023.3,1.14,1135.3,1.2,509.6,12.4,5.9326923076923075,0.37551681936956305,178.30000000000018,0.15705099973575284,0.1816268684690228
39,제주특별자치도,Jeju,province,1994,3320.5,1.12,1317.8,1.2,507.8,12.7,6.538991729027176,0.396867941575064,297.1999999999998,0.22552739414175127,0.3656559636831401
39,제주특별자치도,Jeju,province,1995,4697.2,1.1,1927.1,1.2,506.0,13.0,9.28300395256917,0.4102656901984161,1376.6999999999998,0.7143894971719162,0.3902065346189682
39,제주특별자치도,Jeju,province,1996,5204.1,1.1,2197.2,1.2,507.4,13.2,10.256405202995666,0.4222055686862281,506.90000000000055,0.23070271254323713,0.371374296336676
39,제주특별자치도,Jeju,province,1997,5577.1,1.1,2206.7,1.2,508.8,13.4,10.96128144654088,0.39567158559107773,373.0,0.16903067929487472,0.12253143268506078
39,제주특별자치도,Jeju,province,1998,5528.3,1.1,1518.4,1.2,510.2,13.6,10.835554684437476,0.2746594794059657,-48.80000000000018,-0.03213909378292952,0.13255246133231688
39,제주특별자치도,Jeju,province,1999,6030.9,1.1,1927.4,1.2,511.6,13.8,11.78831118060985,0.3195874579250195,502.59999999999945,0.2607657984850054,0.20820165060829288
39,제주특별자치도,Jeju,province,2000,6970.2,1.1,2372.1,1.2,513.0,14.0,13.587134502923977,0.34032022036670395,939.3000000000002,0.39597824712280266,0.2964493912171045
39,제주특별자치도,Jeju,province,2001,7534.8,1.1,2427.3,1.2,517.0,14.4,14.574081237911026,0.32214524605828954,564.6000000000004,0.23260412804350525,0.31031425124154804
39,제주특별자치도,Jeju,province,2002,8343.1,1.1,2673.3,1.2,521.0,14.8,16.01362763915547,0.32042046721242706,808.3000000000002,0.3023603785583362,0.24069501562808737
39,제주특별자치도,Jeju,province,2003,8891.7,1.1,2931.8,1.2,525.0,15.2,16.93657142857143,0.3297232250300842,548.6000000000004,0.18712054028242048,0.23663869437489304
39,제주특별자치도,Jeju,province,2004,9594.8,1.1,3189.6,1.2,529.0,15.6,18.137618147448013,0.3324300662859049,703.0999999999985,0.2204351642839223,0.18183970541517624
39,제주특별자치도,Jeju,province,2005,10050.3,1.1,3301.6,1.2,533.0,16.0,18.85609756097561,0.32850760673810736,455.5,0.13796341167918585,0.15051652590889164
39,제주특별자치도,Jeju,province,2006,10372.5,1.08,3458.9,1.2,532.8,16.4,19.467905405405407,0.33346830561581103,322.2000000000007,0.09315100176356667,0.12759110322680645
39,제주특별자치도,Jeju,province,2007,10932.0,1.06,3689.2,1.2,532.6,16.8,20.525722868944797,0.33746798390047567,559.5,0.1516588962376667,0.11105946011349177
39,제주특별자치도,Jeju,province,2008,11273.5,1.04,3864.5,1.2,532.4,17.2,21.174868519909843,0.34279505033929125,341.5,0.08836848233924181,0.10186765498777602
39,제주특별자치도,Jeju,province,2009,11510.3,1.02,3611.1,1.2,532.2,17.6,21.627771514468243,0.3137277047513966,236.79999999999927,0.06557558638641946,0.18469277126894593
39,제주특별자치도,Jeju,province,2010,13417.9,1.0,4767.4,1.2,532.0,18.0,25.221616541353384,0.35530150023476104,1907.6000000000004,0.40013424508117645,0.22303832330714932
39,제주특별자치도,Jeju,province,2011,14476.4,1.02,5203.9,1.22,546.4,18.4,26.494143484626647,0.359474731286784,1058.5,0.20340513845385194,0.2540183835650212
39,제주특별자치도,Jeju,province,2012,15321.4,1.04,5330.7,1.24,560.8,18.8,27.320613409415124,0.3479251243358962,845.0,0.15851576716003526,0.1764857124993151
39,제주특별자치도,Jeju,province,2013,16275.1,1.06,5692.5,1.26,575.2,19.2,28.294680111265645,0.34976743614478556,953.7000000000007,0.1675362318840581,0.16553714730025565
39,제주특별자치도,Jeju,province,2014,17313.5,1.08,6088.2,1.28,589.6,19.6,29.364823609226594,0.35164467034395125,1038.3999999999996,0.17055944285667352,0.18099124117373985
39,제주특별자치도,Jeju,province,2015,18640.7,1.1,6478.0,1.3,604.0,20.0,30.862086092715234,0.34751913822978747,1327.2000000000007,0.2048780487804879,0.16977433897342162
39,제주특별자치도,Jeju,province,2016,19596.0,1.1,7135.2,1.34,618.0,20.8,31.70873786407767,0.36411512553582365,955.2999999999993,0.13388552528310338,0.157338718557258
39,제주특별자치도,Jeju,province,2017,20685.1,1.1,8173.2,1.38,632.0,21.6,32.729588607594934,0.3951249933527032,1089.0999999999985,0.13325258160818268,0.13857056792428737
39,제주특별자치도,Jeju,province,2018,21977.2,1.1,8696.7,1.42,646.0,22.4,34.02043343653251,0.3957146497278998,1292.1000000000022,0.148573596881576,0.13417282872735545
39,제주특별자치도,Jeju,province,2019,23075.5,1.1,9100.0,1.46,660.0,23.2,34.962878787878786,0.39435765205521006,1098.2999999999993,0.12069230769230761,0.09449783510053912
39,제주특별자치도,Jeju,province,2020,23214.7,1.1,9783.8,1.5,674.0,24.0,34.443175074183976,0.4214484787656097,139.20000000000073,0.014227600727733675,0.0981687470596122
39,제주특별자치도,Jeju,province,2021,24946.1,1.1,10849.3,1.5,675.0,24.8,36.95718518518518,0.4349096652382537,1731.3999999999978,0.1595863327587953,0.09129091866608345
39,제주특별자치도,Jeju,province,2022,26102.8,1.1,11560.2,1.5,676.0,25.6,38.61360946745562,0.44287202905435435,1156.7000000000007,0.10005882251172131,0.1298225776352583
