u,E_Low,E_LowerMid,E_UpperMid,E_High,w_Low,w_LowerMid,w_UpperMid,w_High,E_agg
0.1,6.293752655392536,9.374139907325047,9.656845618790303,7.41429633806111,0.6909602998799332,0.21344226470469896,0.09044102386924423,0.0051564115461234595,7.261177041972887
0.10267558528428095,6.272314424761918,9.35797712450622,9.646754685552844,7.416574153860773,0.6869019153547999,0.21563088822959633,0.09213086060998142,0.005336335805622333,7.254674852951676
0.10535117056856189,6.250876194131299,9.341814341687396,9.636663752315386,7.418851969660436,0.6828099225450006,0.21782362807561528,0.09384437573828357,0.0055220736411004945,7.2483423236130164
0.10802675585284281,6.22943796350068,9.32565155886857,9.626572819077929,7.421129785460098,0.6786846124276777,0.22001996220115774,0.09558163477834226,0.005713790592822321,7.242179542300651
0.11070234113712375,6.207999732870062,9.309488776049745,9.61648188584047,7.423407601259761,0.6745262936823702,0.22221935661432296,0.09734269380270373,0.005911655900603227,7.236186540237208
0.11337792642140469,6.186561502239442,9.29332599323092,9.606390952603011,7.425685417059424,0.6703352928333289,0.2244212654827437,0.09912759914107497,0.006115842542852333,7.230363290505205
0.11605351170568562,6.165123271608824,9.277163210412095,9.596300019365554,7.427963232859087,0.666111954377105,0.22662513125828956,0.10093638709046379,0.006326527274141651,7.2247097070662525
0.11872909698996656,6.143685040978205,9.26100042759327,9.586209086128095,7.43024104865875,0.6618566408948301,0.22883038481687967,0.10276908362707754,0.006543890661212608,7.2192256438209315
0.1214046822742475,6.122246810347587,9.244837644774444,9.576118152890636,7.432518864458412,0.6575697331486262,0.2310364456136264,0.10462570412041707,0.006768117117330303,7.21391089371194
0.12408026755852844,6.1008085797169676,9.22867486195562,9.566027219653177,7.434796680258074,0.6532516301615864,0.23324272185350908,0.10650625305000981,0.006999394934894812,7.208765187872922
0.12675585284280938,6.079370349086349,9.212512079136793,9.55593628641572,7.437074496057737,0.6489027492807908,0.23544861067775402,0.10841072372523662,0.00723791631621845,7.203788194825566
0.12943143812709032,6.05793211845573,9.196349296317969,9.545845353178262,7.4393523118574,0.6445235262228365,0.23765349836607252,0.1103390980087135,0.007483877402377409,7.198979519727392
0.13210702341137126,6.036493887825111,9.180186513499144,9.535754419940803,7.441630127657063,0.6401144151013733,0.23985676055488372,0.11229134604369724,0.00773747830004583,7.1943387036727255
0.13478260869565217,6.015055657194493,9.164023730680318,9.525663486703344,7.4439079434567255,0.6356758884361688,0.24205776247162128,0.1142674259859897,0.007998923106220213,7.1898652230492415
0.1374581939799331,5.993617426563874,9.147860947861494,9.515572553465887,7.446185759256388,0.6312084371432394,0.2442558591851968,0.11626728374082156,0.008268419930742248,7.1855584889525215
0.14013377926421405,5.972179195933255,9.131698165042668,9.505481620228428,7.448463575056051,0.6267125705056107,0.24645039587266251,0.11829085270519896,0.00854618091652781,7.181417846660906
0.142809364548495,5.950740965302637,9.115535382223843,9.49539068699097,7.450741390855714,0.6221888161243,0.24864070810208683,0.12033805351620257,0.008832422257410733,7.177442575172961
0.14548494983277593,5.929302734672017,9.099372599405019,9.485299753753512,7.453019206655376,0.6176377198491354,0.25082612213162686,0.1224087938057277,0.00912736421350999,7.173631886809773
0.14816053511705687,5.907864504041399,9.083209816586193,9.475208820516054,7.455297022455039,0.6130598456890647,0.2530059552247479,0.1245029679621576,0.009431231124029734,7.169984926884247
0.15083612040133781,5.88642627341078,9.067047033767368,9.465117887278595,7.457574838254701,0.6084557757016262,0.2551795159815105,0.12662045689946091,0.009744251417402318,7.16650077343946
0.15351170568561873,5.864988042780162,9.050884250948542,9.455026954041138,7.459852654054364,0.6038261098613,0.25734610468581126,0.12876112783420332,0.010066657618685384,7.163178437058084
0.1561872909698997,5.843549812149543,9.034721468129717,9.444936020803679,7.462130469854027,0.5991714659064835,0.25950501366842954,0.1309248340709615,0.010398686354125225,7.160016860744797
0.1588628762541806,5.822111581518924,9.018558685310893,9.43484508756622,7.46440828565369,0.5944924791648768,0.2616555276857004,0.13311141479662297,0.010740578352799806,7.157014919883465
0.16153846153846155,5.800673350888305,9.002395902492067,9.424754154328761,7.4666861014533525,0.5897898023570958,0.26379692431359664,0.13532069488405135,0.01109257844525625,7.154171422270811
0.1642140468227425,5.779235120257686,8.986233119673242,9.414663221091304,7.468963917253015,0.5850641053783789,0.26592847435697115,0.13755248470559062,0.011454935559059267,7.151485108228183
0.16688963210702343,5.757796889627068,8.970070336854416,9.404572287853846,7.471241733052678,0.580316075058285,0.2680494422736731,0.13980657995687337,0.01182790271116851,7.14895465079283
0.16956521739130437,5.736358658996449,8.953907554035592,9.394481354616387,7.47351954885234,0.5755464148983265,0.27015908661321764,0.14208276149139104,0.012211736997064952,7.146578655990112
0.17224080267558528,5.71492042836583,8.937744771216767,9.384390421378928,7.475797364652003,0.5707558447875255,0.27225666046965386,0.14438079516627247,0.012606699576548192,7.144355663187772
0.17491638795986625,5.693482197735211,8.921581988397941,9.374299488141471,7.478075180451666,0.5659451006959236,0.2743414119482401,0.14670043169970737,0.013013055656128949,7.142284145533414
0.17759197324414716,5.672043967104592,8.905419205579117,9.364208554904012,7.480352996251328,0.5611149343461191,0.2764125846455003,0.14904140654043743,0.013431074467943015,7.14036251047604
0.1802675585284281,5.650605736473974,8.88925642276029,9.354117621666553,7.482630812050991,0.5562661128629562,0.27846941814220266,0.15140343974972528,0.013861029245115888,7.138589100372475
0.18294314381270904,5.6291675058433555,8.873093639941466,9.344026688429096,7.484908627850654,0.5513994184015311,0.2805111485087651,0.1537862358961948,0.014303197193509124,7.136962193179266
0.18561872909698998,5.607729275212736,8.85693085712264,9.333935755191638,7.487186443650317,0.5465156477537351,0.2825370088225601,0.15618948396392196,0.014757859459782925,7.1354800032305015
0.18829431438127092,5.586291044582118,8.840768074303815,9.323844821954179,7.48946425944998,0.5416156119335925,0.28454622969655985,0.15861285727413593,0.015225301095711645,7.134140682101864
0.19096989966555186,5.564852813951498,8.824605291484989,9.31375388871672,7.4917420752496415,0.5367001357417086,0.28653803981872633,0.16105601342087286,0.015705811018692225,7.13294231956099
0.1936454849498328,5.54341458332088,8.808442508666165,9.303662955479263,7.494019891049304,0.531770057309182,0.28851166650152565,0.1635185942209041,0.01619968196838823,7.131882944604098
0.19632107023411371,5.521976352690261,8.79227972584734,9.293572022241804,7.496297706848967,0.5268262276213925,0.2904663362409117,0.16600022567824016,0.016707210459455606,7.130960526578649
0.19899665551839468,5.500538122059642,8.776116943028514,9.283481089004345,7.49857552264863,0.5218695100221147,0.2924012752840966,0.16850051796348967,0.01722869673029912,7.1301729763915835
0.2016722408026756,5.479099891429024,8.75995416020969,9.273390155766888,7.500853338448293,0.5169007796984608,0.2943157102053982,0.171019065408329,0.01776444468781194,7.129518147802568
0.20434782608695654,5.457661660798404,8.743791377390863,9.26329922252943,7.5031311542479555,0.5119209231472007,0.29620886848942957,0.17355544651531576,0.018314761848053987,7.128993838801421
0.20702341137123748,5.436223430167786,8.727628594572039,9.25320828929197,7.505408970047618,0.5069308376230517,0.2980799791208676,0.17610922398325268,0.018879959272828102,7.128597793068764
0.20969899665551842,5.414785199537167,8.711465811753214,9.243117356054512,7.507686785847281,0.5019314305695793,0.29992827318001947,0.17867994474828472,0.01946035150211649,7.1283277015187085
0.21237458193979936,5.393346968906549,8.695303028934388,9.233026422817055,7.509964601646944,0.49692361903339166,0.30175298444338017,0.18126714004088473,0.020056256482343358,7.128181203922249
0.21505016722408027,5.37190873827593,8.679140246115564,9.222935489579596,7.512242417446606,0.4919083290623524,0.30355334998835765,0.1838703254588568,0.020667995490433144,7.128155890609789
0.21772575250836124,5.350470507645311,8.662977463296738,9.212844556342137,7.514520233246269,0.4868864950885821,0.305328610801323,0.1864890010564578,0.021295893053637126,7.1282493042510895
0.22040133779264215,5.329032277014692,8.646814680477913,9.20275362310468,7.516798049045931,0.4818590592970552,0.3070780123881285,0.18912265144971135,0.021940276865104795,7.128458941710734
0.2230769230769231,5.307594046384073,8.630651897659089,9.192662689867221,7.519075864845594,0.47682697098063775,0.30880080538622234,0.19177074593795973,0.022601477695180172,7.128782255977002
0.22575250836120403,5.286155815753455,8.614489114840262,9.182571756629763,7.521353680645257,0.4717911858824495,0.31049624617747706,0.1944327386416677,0.023279829298405805,7.12921665816188
0.22842809364548497,5.2647175851228365,8.598326332021438,9.172480823392304,7.52363149644492,0.46675266552646855,0.3121635975008409,0.1971080686564687,0.02397566831622194,7.1297595195697765
0.2311036789297659,5.243279354492217,8.582163549202612,9.162389890154847,7.525909312244583,0.46171237653732644,0.31380212906391275,0.1997961602234101,0.024689334175350693,7.130408173832307
0.23377926421404685,5.221841123861599,8.566000766383787,9.152298956917388,7.528187128044245,0.45667128995027506,0.3154111181525382,0.20249642291532763,0.0254211689818592,7.1311599191064055
0.2364548494983278,5.200402893230979,8.549837983564963,9.14220802367993,7.530464943843908,0.451630380512333,0.3169898502375195,0.2052082518392492,0.026171517410898484,7.132012020332746
0.23913043478260873,5.178964662600361,8.533675200746137,9.132117090442472,7.53274275964357,0.44659062597564375,0.3185376195775368,0.2079310278547007,0.02694072659211887,7.132961711551469
0.24180602006688964,5.1575264319697425,8.517512417927312,9.122026157205013,7.535020575443233,0.44155300638410416,0.32005372981737434,0.21066411780775648,0.027729145990765036,7.134006198271917
0.24448160535117058,5.136088201339123,8.501349635108486,9.111935223967555,7.537298391242896,0.4365185033543356,0.3215374945805556,0.21340687478065062,0.0285371272844582,7.135142659893003
0.24715719063545152,5.114649970708505,8.485186852289662,9.101844290730096,7.5395762070425585,0.4314880993520954,0.3229882380554948,0.21615863835673502,0.029365024235674754,7.136368252170713
0.24983277591973246,5.093211740077885,8.469024069470837,9.091753357492639,7.541854022842221,0.4264627769652334,0.32440529557428427,0.21891873490054733,0.030213192559935022,7.137680109729103
0.25250836120401343,5.071773509447267,8.452861286652011,9.08166242425518,7.544131838641884,0.42144351817431513,0.32578801418324604,0.2216864778527208,0.03108198978971794,7.139075348611032
0.25518394648829434,5.0503352788166485,8.436698503833187,9.071571491017721,7.546409654441547,0.41643130362203984,0.3271357532043943,0.22446116803944513,0.03197177513412066,7.140551068864782
0.25785953177257526,5.02889704818603,8.42053572101436,9.061480557780264,7.54868747024121,0.41142711188258485,0.328447884786967,0.22724209399616277,0.03288290933428525,7.1421043571626
0.26053511705685617,5.007458817555412,8.404372938195536,9.051389624542805,7.550965286040872,0.40643191873201734,0.3297237944482074,0.23002853230515855,0.03381575451461691,7.14373228944714
0.26321070234113714,4.986020586924792,8.38821015537671,9.041298691305347,7.553243101840534,0.40144669642090375,0.3309628816025944,0.23281974794668053,0.03477067402982123,7.145431933601652
0.2658862876254181,4.964582356294173,8.372047372557885,9.031207758067888,7.555520917640197,0.3964724129502562,0.33216456007874606,0.2356149946632069,0.03574803230779072,7.1472003521398
0.268561872909699,4.943144125663554,8.35588458973906,9.02111682483043,7.55779873343986,0.3915100313519347,0.3333282586232413,0.23841351533645092,0.03674819468837301,7.1490346049107805
0.27123745819397993,4.921705895032936,8.339721806920235,9.011025891592972,7.560076549239523,0.3865605089746263,0.33445342139063655,0.24121454237668083,0.03777152725805647,7.15093175181554
0.2739130434782609,4.9002676644023175,8.32355902410141,9.000934958355513,7.562354365039186,0.38162479677650396,0.33553950841897817,0.24401729812390766,0.038818396680610205,7.15288885552972
0.27658862876254187,4.878829433771697,8.307396241282584,8.990844025118054,7.564632180838848,0.37670383862565443,0.33658599609014467,0.24682099526048187,0.03988917002371913,7.154902984229022
0.2792642140468228,4.857391203141079,8.29123345846376,8.980753091880597,7.566909996638511,0.37179857060934046,0.33759237757438265,0.2496248372346203,0.040984214581656554,7.156971214312612
0.2819397993311037,4.83595297251046,8.275070675644933,8.970662158643139,7.569187812438173,0.3669099203531527,0.33855816325843524,0.2524280186943731,0.042103897694038994,7.159090633120232
0.2846153846153846,4.814514741879842,8.258907892826109,8.96057122540568,7.571465628237836,0.36203880635107105,0.33948288115669395,0.25522972593152443,0.04324858656071046,7.161258341638664
0.28729096989966557,4.7930765112492235,8.242745110007284,8.950480292168223,7.573743444037499,0.3571861373074368,0.34036607730484436,0.2580291373349132,0.04441864805280575,7.163471457193237
0.28996655518394654,4.771638280618604,8.226582327188458,8.940389358930764,7.5760212598371615,0.3523528114918014,0.34120731613550864,0.2608254238526454,0.045614448520044426,7.165727116120053
0.29264214046822745,4.750200049987986,8.210419544369634,8.930298425693305,7.578299075636824,0.3475397161075932,0.3420061808354308,0.2636177494626661,0.046836353594310015,7.168022476414754
0.29531772575250836,4.728761819357367,8.194256761550808,8.920207492455848,7.580576891436487,0.3427477266755022,0.34276227368378254,0.266405271651145,0.04808472798957026,7.170354720353538
0.29799331103678933,4.707323588726748,8.178093978731983,8.91011655921839,7.58285470723615,0.33797770643245295,0.3434752163712155,0.2691871418981338,0.04935993529819779,7.172721057082395
0.3006688963210703,4.6858853580961295,8.161931195913159,8.90002562598093,7.585132523035813,0.3332305057469946,0.3441446502993165,0.2719625061699372,0.0506623377837518,7.175118725170426
0.3033444816053512,4.664447127465511,8.145768413094332,8.889934692743472,7.587410338835475,0.3285069615518963,0.3447702368601705,0.27473050541764815,0.05199229617028499,7.177544995123308
0.3060200668896321,4.643008896834892,8.129605630275508,8.879843759506015,7.589688154635137,0.3238078967946983,0.345351657695771,0.277490276081289,0.0533501694282418,7.179997171853038
0.30869565217391304,4.621570666204273,8.113442847456682,8.869752826268556,7.5919659704348,0.31913411990692053,0.3458886149370611,0.2802409505990022,0.05473631455701615,7.182472597100106
0.311371237458194,4.600132435573654,8.097280064637857,8.859661893031097,7.594243786234463,0.31448642429259166,0.3463808314224289,0.28298165792073826,0.056151086364241216,7.184968651804529
0.314046822742475,4.5786942049430355,8.081117281819033,8.849570959793638,7.596521602034126,0.30986558783671075,0.34682805089551894,0.2857115240258862,0.057594837241884154,7.187482758422082
0.3167224080267559,4.557255974312417,8.064954499000207,8.839480026556181,7.5987994178337885,0.3052723724342082,0.34723003818226533,0.2884296724443019,0.05906791693922463,7.190012383182378
0.3193979933110368,4.535817743681799,8.048791716181382,8.829389093318722,7.601077233633451,0.30070752353992586,0.3475865793470885,0.29113522478018955,0.06057067233279612,7.192555038285464
0.32207357859531777,4.514379513051179,8.032628933362556,8.819298160081264,7.603355049433114,0.2961717697400871,0.34789748182823826,0.29382730123830036,0.062103447193374316,7.195108284033772
0.32474916387959873,4.49294128242056,8.016466150543732,8.809207226843807,7.605632865232777,0.29166582234567723,0.34816257455230354,0.2965050211519202,0.06366658195009905,7.197669730896414
0.32742474916387965,4.4715030517899415,8.000303367724905,8.799116293606348,7.60791068103244,0.2871903750081047,0.3483817080279485,0.29916750351212584,0.06526041345182086,7.20023704150297
0.33010033444816056,4.450064821159323,7.984140584906081,8.789025360368889,7.610188496832102,0.2827461033574666,0.34855475441896777,0.30181386749779954,0.06688527472576616,7.202807932564049
0.33277591973244147,4.4286265905287046,7.9679778020872565,8.778934427131432,7.612466312631764,0.2783336646636889,0.34868160759679273,0.30444323300589926,0.0685414947336191,7.205380176716044
0.33545150501672244,4.407188359898086,7.95181501926843,8.768843493893973,7.614744128431427,0.27395369752076326,0.34876218317261465,0.30705472118149885,0.07022939812512317,7.2079516042877625
0.3381270903010034,4.385750129267466,7.935652236449606,8.758752560656514,7.61702194423109,0.2696068215542531,0.3487964185093209,0.30964745494711715,0.07194930498930872,7.210520104986636
0.3408026755852843,4.364311898636847,7.9194894536307805,8.748661627419056,7.619299760030753,0.265293637152191,0.34878427271347623,0.31222055953087446,0.07370153060345833,7.213083629502508
0.34347826086956523,4.342873668006229,7.903326670811955,8.738570694181599,7.621577575830416,0.26101472521944297,0.3487257266076087,0.3147731629930218,0.07548638517992659,7.215640191027086
0.34615384615384615,4.3214354373756105,7.887163887993131,8.72847976094414,7.623855391630078,0.25677064695556556,0.3486207826830916,0.3173043967504079,0.07730417361093503,7.218187866687384
0.3488294314381271,4.299997206744992,7.8710011051743045,8.718388827706681,7.626133207429741,0.2525619436561359,0.34846946503393744,0.31981339609845666,0.07915519521147,7.220724798891582
0.3515050167224081,4.278558976114373,7.85483832235548,8.708297894469222,7.628411023229403,0.24838913653748834,0.3482718192718479,0.3222993007302487,0.08103974346041513,7.223249196585983
0.354180602006689,4.257120745483754,7.838675539536654,8.698206961231765,7.630688839029066,0.24425272658474592,0.34802791242288766,0.3247612552523091,0.08295810574005724,7.225759336421836
0.3568561872909699,4.235682514853135,7.822512756717829,8.688116027994306,7.632966654828729,0.24015319442299254,0.3477378328061734,0.32719840969672387,0.08491056307411025,7.228253563831067
0.3595317725752508,4.2142442842225165,7.806349973899005,8.678025094756848,7.6352444706283915,0.2360910002113886,0.3474016898949874,0.3296099200292167,0.08689738986440726,7.230730294010021
0.36220735785953184,4.192806053591898,7.790187191080179,8.66793416151939,7.637522286428054,0.23206658355999316,0.34701961416074945,0.33199494865283835,0.08891885362641902,7.23318801281061
0.36488294314381275,4.17136782296128,7.774024408261354,8.657843228281932,7.639800102227717,0.2280803634690142,0.3465917569002934,0.3343526649069299,0.09097521472376237,7.235625277538294
0.36755852842809367,4.14992959233066,7.757861625442528,8.647752295044473,7.64207791802738,0.22413273829017277,0.3461182900469138,0.3366822455610422,0.09306672610187122,7.238040717656672
0.3702341137123746,4.128491361700042,7.741698842623704,8.637661361807016,7.644355733827043,0.2202240857098318,0.3455994059656604,0.3389828753035008,0.09519363302100692,7.24043303539838
0.3729096989966556,4.1070531310694225,7.7255360598048775,8.627570428569557,7.6466335496267055,0.21635476275350396,0.3450353172333731,0.3412537472243266,0.09735617278879632,7.2428010062824155
0.3755852842809365,4.085614900438804,7.709373276986053,8.617479495332098,7.648911365426367,0.2125251058113218,0.3444262564039568,0.3434940632922317,0.09955457449248972,7.245143479537983
0.37826086956521743,4.064176669808186,7.693210494167228,8.60738856209464,7.65118918122603,0.20873543068402278,0.34377247575940945,0.34570303482542564,0.10178905873114215,7.247459378435176
0.38093645484949834,4.042738439177567,7.677047711348402,8.597297628857183,7.653466997025693,0.20498603264897552,0.34307424704711953,0.3478798829559784,0.10405983734792658,7.249747700522952
0.38361204013377925,4.021300208546949,7.660884928529578,8.587206695619724,7.655744812825356,0.20127718654574245,0.342331861203959,0.35002383908750045,0.1063671131627981,7.252007517775029
0.3862876254180603,3.9998619779163285,7.644722145710752,8.577115762382265,7.658022628625019,0.19760914688065473,0.34154562806769906,0.3521341453459108,0.10871107970573551,7.254237976644441
0.3889632107023412,3.97842374728571,7.628559362891927,8.567024829144806,7.660300444424681,0.19398214794984997,0.3407158760762805,0.35421005502307484,0.11109192095079465,7.256438298027603
0.3916387959866221,3.9569855166550916,7.612396580073102,8.556933895907349,7.662578260224344,0.1903964039802026,0.3398429519554718,0.35625083301310734,0.11350981105121821,7.258607777138979
0.394314381270903,3.935547286024473,7.596233797254277,8.54684296266989,7.664856076024007,0.18685210928755958,0.3389272203954472,0.35825575624114037,0.1159649140758529,7.260745783297421
0.39698996655518404,3.9141090553938533,7.580071014435451,8.536752029432431,7.667133891823669,0.18334943845167825,0.33796906371681645,0.36022411408436983,0.1184573837471355,7.26285175962549
0.39966555183946495,3.892670824763235,7.563908231616626,8.526661096194974,7.669411707623332,0.17988854650724712,0.3369688815266356,0.3621552087852011,0.12098736318091621,7.26492522266313
0.40234113712374586,3.8712325941326164,7.5477454487978015,8.516570162957516,7.6716895234229945,0.17646956915035625,0.3359270903649231,0.3640483558563215,0.12355498462839913,7.266965761897201
0.4050167224080268,3.849794363501998,7.531582665978976,8.506479229720057,7.673967339222657,0.17309262295977984,0.33484412334220254,0.36590288447753483,0.1261603692204829,7.268973039208461
0.4076923076923077,3.828356132871379,7.515419883160151,8.4963882964826,7.67624515502232,0.16975780563241724,0.33372042976858535,0.3677181378841979,0.12880362671479953,7.270946788237687
0.4103678929765887,3.8069179022407598,7.4992571003413255,8.486297363245141,7.678522970821983,0.16646519623223682,0.3325564747749025,0.36949347374710867,0.13148485524575212,7.272886813672779
0.4130434782608696,3.7854796716101413,7.4830943175225,8.476206430007682,7.680800786621646,0.1632148554520597,0.33135273892638384,0.37122826454369395,0.1342041410778626,7.274792990458681
0.41571906354515054,3.7640414409795224,7.466931534703676,8.466115496770223,7.6830786024213085,0.1600068258875183,0.3301097178293764,0.3729218979203549,0.13696155836275029,7.276665262932121
0.41839464882943145,3.742603210348904,7.45076875188485,8.456024563532766,7.685356418220971,0.15684113232252375,0.32882792173158554,0.3745737770458274,0.1397571689000634,7.2785036438832265
0.42107023411371236,3.7211649797182855,7.434605969066025,8.445933630295308,7.687634234020633,0.15371778202557257,0.3275078751163086,0.37618332095541807,0.14259102190270073,7.280308213546094
0.4237458193979934,3.699726749087666,7.4184431862472,8.435842697057849,7.689912049820296,0.15063676505623055,0.326150116291126,0.37774996488598145,0.145463153766662,7.2820791185205875
0.4264214046822743,3.6782885184570473,7.4022804034283745,8.42575176382039,7.692189865619959,0.1475980545811297,0.32475519697149796,0.37927316060149985,0.14837358784587257,7.283816570627522
0.4290969899665552,3.656850287826429,7.38611762060955,8.415660830582933,7.694467681419622,0.14460160719882045,0.3233236818597081,0.38075237670913303,0.1513223342323383,7.285520845699631
0.4317725752508361,3.6354120571958104,7.369954837790725,8.405569897345474,7.696745497219284,0.14164736327282912,0.32185614821958314,0.3821870989656027,0.1543093895419848,7.287192282310638
0.43444816053511714,3.613973826565191,7.353792054971899,8.395478964108015,7.699023313018947,0.1387352472722747,0.320353185447402,0.38357683057377595,0.15733473670654727,7.28883128044486
0.43712374581939806,3.592535595934572,7.337629272153074,8.385388030870558,7.70130112881861,0.13586516811940985,0.318815394639402,0.3849210924693119,0.1603983447718762,7.290438300109799
0.43979933110367897,3.5710973653039537,7.321466489334249,8.3752970976331,7.703578944618273,0.13303701954345867,0.3172433881562724,0.3862194235972358,0.1635001687030332,7.292013859894222
0.4424749163879599,3.5496591346733353,7.305303706515424,8.36520616439564,7.705856760417935,0.13025068044013607,0.315637789185016,0.3874713811782999,0.16664014919654815,7.293558535474258
0.4451505016722408,3.528220904042717,7.289140923696599,8.355115231158184,7.7081345762175975,0.12750601523624455,0.3139992312985474,0.3886765409649917,0.1698182125002163,7.295072958070088
0.4478260869565218,3.506782673412097,7.272978140877774,8.345024297920725,7.71041239201726,0.12480287425875566,0.3123283580133829,0.38983449748704696,0.17303427024081447,7.296557812855776
0.45050167224080273,3.4853444427814786,7.256815358058948,8.334933364683266,7.712690207816923,0.12214109410779848,0.3106258223457675,0.39094486428632047,0.17628821926011368,7.298013837324906
0.45317725752508364,3.46390621215086,7.240652575240123,8.324842431445807,7.714968023616586,0.11952049803298893,0.30889228636657057,0.39200727414086983,0.17957994145957068,7.299441819614602
0.45585284280936456,3.4424679815202412,7.2244897924212985,8.31475149820835,7.717245839416249,0.11694089631255247,0.30712842075527236,0.39302137927810044,0.1829093036540748,7.300842596790609
0.4585284280936456,3.421029750889622,7.208327009602472,8.304660564970892,7.719523655215911,0.11440208663470286,0.30533490435335053,0.393986851576819,0.1862761574351277,7.302217053096054
0.4612040133779265,3.3995915202590035,7.192164226783648,8.294569631733433,7.721801471015574,0.11190385448076029,0.30351242371736736,0.39490338275804115,0.18968033904383128,7.303566118166582
0.4638795986622074,3.378153289628385,7.1760014439648225,8.284478698495974,7.724079286815236,0.10944597350950402,0.3016616726720452,0.3957706845643961,0.19312166925405466,7.304890765214488
0.4665551839464883,3.356715058997766,7.159838661145997,8.274387765258517,7.726357102614899,0.10702820594227594,0.29978335186361066,0.396588488927968,0.19659995326614535,7.306192009184546
0.46923076923076923,3.3352768283671477,7.143675878327173,8.264296832021058,7.728634918414562,0.10465030294836322,0.2978781683136765,0.39735654812641313,0.20011498061154703,7.307470904884165
0.47190635451505025,3.3138385977365283,7.1275130955083466,8.2542058987836,7.7309127342142245,0.10231200503021044,0.2959468349739217,0.39807463492719086,0.20366652506867705,7.308728545090543
0.47458193979933117,3.29240036710591,7.111350312689522,8.244114965546142,7.733190550013887,0.10001304240802507,0.2939900702818228,0.39874254271974224,0.20725434459040995,7.309966058637444
0.4772575250836121,3.270962136475291,7.095187529870697,8.234024032308684,7.73546836581355,0.09775313540335907,0.29200859771767834,0.3993600856354548,0.21087818124350788,7.31118460848427
0.479933110367893,3.2495239058446725,7.0790247470518715,8.223933099071225,7.737746181613213,0.09553199482126759,0.2900031453631663,0.3999270986552454,0.21453776116032064,7.312385389769988
0.482608695652174,3.228085675214053,7.062861964233045,8.213842165833766,7.740023997412876,0.0933493223306622,0.2879744454616605,0.4004434377045988,0.21823279450307848,7.313569627854576
0.4852842809364549,3.2066474445834343,7.046699181414221,8.203751232596309,7.7423018132125385,0.09120481084249452,0.28592323398053177,0.4009089797358966,0.22196297544107704,7.314738576350512
0.48795986622073584,3.185209213952816,7.030536398595396,8.19366029935885,7.7445796290122,0.08909814488542117,0.28385025017564924,0.40132362279787726,0.22572798214105236,7.315893515146915
0.49063545150501675,3.1637709833221974,7.01437361577657,8.183569366121393,7.746857444811863,0.08702900097862275,0.28175623615829426,0.40168728609206344,0.22952747677101948,7.317035748428842
0.49331103678929766,3.142332752691579,6.998210832957746,8.173478432883934,7.749135260611526,0.08499704800146188,0.27964193646469426,0.4019999100160047,0.23336110551783906,7.3181666026942676
0.4959866220735787,3.120894522060959,6.9820480501389195,8.163387499646475,7.751413076411189,0.08300194755968522,0.2775080976283767,0.4022614561931785,0.2372284986187596,7.31928742477121
0.4986622073578596,3.0994562914303407,6.965885267320095,8.153296566409017,7.753690892210852,0.08104335434788999,0.27535546775554526,0.40247190748940437,0.24112927040716045,7.320399579837468
0.5013377926421405,3.078018060799722,6.949722484501271,8.143205633171558,7.755968708010514,0.07912091650799152,0.27318479610366886,0.40263126801562726,0.24506301937271238,7.321504449445382
0.5040133779264214,3.0565798301691034,6.933559701682444,8.1331146999341,7.758246523810177,0.07723427598344619,0.2709968326634793,0.4027395631169339,0.2490293282361406,7.32260342955399
0.5066889632107023,3.035141599538485,6.91739691886362,8.123023766696642,7.76052433960984,0.07538306886899704,0.2687923277445647,0.40279683934767335,0.2530277640387648,7.32369792857093
0.5093645484949834,3.0137033689078656,6.901234136044794,8.112932833459183,7.762802155409503,0.07356692575572735,0.26657203156474646,0.40280316443256126,0.2570578782469649,7.324789365406386
0.5120401337792643,2.992265138277247,6.885071353225969,8.102841900221726,7.765079971209165,0.07178547207122124,0.2643366938434255,0.40275862721365485,0.2611192068716984,7.3258791675413555
0.5147157190635452,2.9708269076466287,6.868908570407144,8.092750966984267,7.7673577870088275,0.07003832841464432,0.26208706339908094,0.4026633375830991,0.2652112706031757,7.326968769112424
0.5173913043478261,2.9493886770160103,6.852745787588319,8.082660033746809,7.76963560280849,0.06832511088657331,0.25982388775110415,0.4025174264015511,0.2693335749607714,7.328059609015259
0.5200668896321071,2.92795044638539,6.836583004769493,8.07256910050935,7.771913418608153,0.06664543141341578,0.2575479127261505,0.4023210454022054,0.2734856104582283,7.329153129028924
0.522742474916388,2.9065122157547716,6.820420221950668,8.062478167271893,7.774191234407816,0.06499889806627566,0.2552598820691885,0.4020743670803537,0.2776668527841821,7.330250771963076
0.525418060200669,2.885073985124153,6.8042574391318436,8.052387234034434,7.776469050207479,0.06338511537413112,0.2529605370594277,0.40177758456842627,0.28187676299801495,7.331353979830114
0.5280936454849499,2.8636357544935347,6.788094656313018,8.042296300796977,7.7787468660071415,0.061803684631206904,0.25065061613130535,0.40143091149647814,0.2861147877410095,7.332464192044207
0.5307692307692308,2.8421975238629162,6.771931873494193,8.032205367559518,7.781024681806803,0.06025420419843221,0.24833085450071155,0.40103458183809765,0.2903803594627586,7.333582843649143
0.5334448160535118,2.820759293232297,6.755769090675368,8.02211443432206,7.783302497606467,0.05873626979888835,0.24600198379663196,0.4005888497417304,0.2946728966627493,7.334711363576838
0.5361204013377927,2.7993210626016785,6.739606307856542,8.0120235010846,7.785580313406129,0.05724947480716118,0.24366473169838904,0.40009398934743123,0.2989918041470186,7.335851172938325
0.5387959866220736,2.77788283197106,6.723443525037718,8.001932567847142,7.787858129205792,0.055793410532523444,0.24131982157865903,0.39955029458907215,0.3033364732997454,7.337003683348957
0.5414715719063545,2.7564446013404407,6.7072807422188925,7.991841634609685,7.790135945005455,0.05436766649588326,0.23896797215244586,0.3989580789820541,0.3077062823696168,7.338170295289485
0.5441471571906356,2.7350063707098213,6.691117959400067,7.981750701372226,7.792413760805117,0.05297183070044325,0.2366098971321892,0.3983176753965895,0.31210059677077806,7.339352396504651
0.5468227424749165,2.713568140079203,6.674955176581242,7.971659768134767,7.79469157660478,0.051605489896026445,0.23424630488918657,0.397629435816641,0.31651876939814594,7.340551360440822
0.5494983277591974,2.6921299094485844,6.6587923937624165,7.96156883489731,7.796969392404443,0.05026822983703038,0.23187789812150528,0.3968937310846251,0.3209601409568394,7.341768544724158
0.5521739130434783,2.670691678817966,6.642629610943592,7.951477901659851,7.799247208204106,0.048959635533982984,0.2295053735285634,0.3961109506320068,0.32542404030544697,7.343005289680709
0.5548494983277592,2.6492534481873475,6.626466828124767,7.941386968422393,7.801525024003768,0.04767929149867972,0.22712942149255486,0.39528150219593594,0.3299097848128295,7.344262916899812
0.5575250836120402,2.627815217556728,6.610304045305941,7.931296035184935,7.8038028398034305,0.046426781982888965,0.2247507257668929,0.39440581152209353,0.3344166807281245,7.345542727842014
0.5602006688963211,2.606376986926109,6.594141262487116,7.921205101947477,7.806080655603093,0.045201691210621044,0.22236996317184718,0.3934843220539444,0.3389440235635874,7.346846002492768
0.562876254180602,2.5849387562954904,6.577978479668291,7.911114168710018,7.808358471402756,0.04400360360396176,0.2199878032975423,0.3925174946086069,0.34349109848988907,7.348173998062951
0.565551839464883,2.563500525664872,6.561815696849466,7.90102323547256,7.810636287202419,0.042832104002479346,0.21760490821449163,0.3915058070395801,0.34805718074344905,7.349527947737339
0.568227424749164,2.5420622950342526,6.54565291403064,7.890932302235101,7.812914103002082,0.04168677787621779,0.21522193219182886,0.390449753886586,0.35264153604536747,7.350909059471926
0.5709030100334449,2.520624064403634,6.529490131211816,7.880841368997643,7.8151919188017445,0.040567211532298024,0.21283952142340432,0.38934984601281003,0.35724342103148754,7.352318514841013
0.5735785953177258,2.4991858337730157,6.51332734839299,7.8707504357601845,7.817469734601407,0.039472992315150085,0.21045831376190288,0.3882066102298431,0.3618620836931039,7.353757467934892
0.5762541806020067,2.4777476031423973,6.497164565574165,7.860659502522727,7.81974755040107,0.0384037088004092,0.20807893846114367,0.38702058891065055,0.3664967638277965,7.355227044308801
0.5789297658862876,2.456309372511779,6.481001782755341,7.850568569285269,7.822025366200732,0.03735895098250914,0.2057020159267109,0.3857923395909191,0.37114669349986096,7.3567283399838646
0.5816053511705687,2.4348711418811586,6.464838999936514,7.84047763604781,7.824303182000395,0.03633831045601353,0.20332815747506502,0.38452243455914753,0.3758110975097739,7.358262420500537
0.5842809364548496,2.41343291125054,6.44867621711769,7.830386702810351,7.826580997800058,0.0353413805907295,0.2009579651012763,0.38321146043587534,0.3804891938721188,7.359830320025065
0.5869565217391305,2.3919946806199217,6.432513434298865,7.820295769572894,7.82885881359972,0.03436775670065072,0.19859203125551694,0.3818600177424573,0.385180194301375,7.36143304050935
0.5896321070234114,2.3705564499893033,6.416350651480039,7.810204836335435,7.831136629399383,0.0334170362067828,0.19623093862844404,0.38046872045981794,0.38988330470495514,7.36307155090455
0.5923076923076923,2.349118219358685,6.400187868661215,7.8001139030979765,7.833414445199046,0.032488818793906034,0.19387525994559637,0.379038195577635,0.39459772568286255,7.36474678642866
0.5949832775919733,2.3276799887280655,6.384025085842389,7.790022969860519,7.835692260998709,0.031582706561333856,0.19152555777092262,0.37756908263442124,0.3993226530333222,7.366459647888194
0.5976588628762542,2.306241758097447,6.367862303023564,7.779932036623061,7.8379700767983715,0.03069830416772956,0.1891823843195521,0.37606203324899323,0.40405727826372506,7.368211001054105
0.6003344481605352,2.2848035274668277,6.351699520204739,7.769841103385602,7.840247892598034,0.029835218970045266,0.18684628127990757,0.37451771064382827,0.40880078910621886,7.370001676091871
0.6030100334448161,2.2633652968362092,6.3355367373859135,7.759750170148144,7.842525708397696,0.028993061156651165,0.18451777964525692,0.37293678916083284,0.4135523700372592,7.371832467045696
0.605685618729097,2.241927066205591,6.319373954567089,7.749659236910686,7.844803524197359,0.028171443874724575,0.18219739955478623,0.37131995377005567,0.4183112028004335,7.373704131376644
0.608361204013378,2.2204888355749715,6.303211171748263,7.739568303673227,7.847081339997022,0.02736998335197172,0.17988565014427205,0.3696678995718961,0.42307646693186013,7.375617389554473
0.6110367892976589,2.199050604944353,6.287048388929438,7.729477370435768,7.849359155796685,0.026588299012756184,0.1775830294064178,0.3679813312933677,0.42784734028745836,7.377572924702806
0.6137123745819398,2.1776123743137346,6.270885606110612,7.7193864371983105,7.851636971596347,0.025826013588711328,0.1752900240609124,0.36626096277899384,0.43262299957138234,7.379571382297268
0.6163879598662207,2.156174143683116,6.254722823291788,7.709295503960853,7.85391478739601,0.02508275322391498,0.17300710943425682,0.36450751647691776,0.4374026208649104,7.381613369916105
0.6190635451505017,2.1347359130524977,6.238560040472963,7.699204570723394,7.856192603195673,0.024358147574706845,0.17073474934939453,0.3627217229208212,0.4421853801550775,7.383699457042697
0.6217391304347827,2.1132976824218774,6.222397257654137,7.689113637485935,7.858470418995336,0.023651829904231148,0.16847339602517183,0.3609043202082533,0.44697045386234374,7.385830174919376
0.6244147157190636,2.091859451791259,6.206234474835313,7.679022704248478,7.860748234794999,0.022963437171787966,0.1662234899856425,0.359056053475979,0.4517570193665904,7.38800601645183
0.6270903010033445,2.0704212211606405,6.190071692016486,7.668931771011019,7.8630260505946605,0.022292610117078233,0.16398545997921796,0.3571776743729597,0.456544255530744,7.390227436163324
0.6297658862876254,2.048982990530022,6.173908909197662,7.65884083777356,7.865303866394323,0.021638993339429872,0.16175972290765814,0.3552699405315837,0.46133134322132846,7.392494850197899
0.6324414715719064,2.0275447598994027,6.157746126378836,7.6487499045361025,7.867581682193986,0.021002235372092067,0.1595466837648801,0.35333361503776817,0.46611746582525954,7.394808636371657
0.6351170568561874,2.0061065292687843,6.141583343560011,7.638658971298645,7.869859497993649,0.020381988751687383,0.15734673558555548,0.35136946590055396,0.47090180976220314,7.397169134271184
0.6377926421404683,1.9846682986381659,6.125420560741187,7.628568038061186,7.872137313793312,0.019777910082911545,0.15516025940345127,0.3493782655218128,0.47568356499182435,7.399576645398029
0.6404682274247492,1.9632300680075465,6.109257777922361,7.618477104823728,7.8744151295929745,0.01918966009857247,0.1529876242194619,0.3473607901666894,0.48046192551527617,7.402031433358239
0.6431438127090301,1.941791837376928,6.093094995103536,7.60838617158627,7.876692945392637,0.01861690371506037,0.15082918697926323,0.3453178194353942,0.4852360898702821,7.404533724095757
0.6458193979933111,1.9203536067463087,6.07693221228471,7.598295238348811,7.878970761192299,0.018059310083342384,0.14868529256051216,0.34325013573695873,0.4900052616191869,7.407083706168522
0.648494983277592,1.8989153761156903,6.060769429465886,7.588204305111352,7.881248576991962,0.017516552635575233,0.14655627376950103,0.3411585237655618,0.4947686498293619,7.409681531066022
0.6511705685618729,1.8774771454850718,6.04460664664706,7.578113371873894,7.883526392791625,0.016988309127430642,0.1444424513471646,0.3390437699800267,0.499525469545378,7.4123273135670456
0.6538461538461539,1.8560389148544534,6.028443863828235,7.5680224386364365,7.885804208591288,0.01647426167622881,0.1423441339843278,0.3369066620870782,0.5042749422523651,7.415021132136282
0.6565217391304349,1.834600684223834,6.01228108100941,7.557931505398978,7.88808202439095,0.01597409679497555,0.14026161834606915,0.33474798852894583,0.5090162963300096,7.417763029358415
0.6591973244147158,1.8131624535932147,5.996118298190584,7.547840572161519,7.890359840190613,0.015487505422399855,0.13819518910506493,0.332568537975881,0.5137487674966543,7.420553012408324
0.6618729096989967,1.7917242229625963,5.97995551537176,7.537749638924062,7.892637655990276,0.015014182949087981,0.13614511898376666,0.330369098824148,0.5184715992429973,7.423391053555963
0.6645484949832776,1.7702859923319778,5.9637927325529345,7.527658705686603,7.894915471789939,0.014553829239811985,0.1341116688052577,0.3281504587000368,0.5231840432548934,7.426277090704431
0.6672240802675585,1.7488477617013594,5.947629949734109,7.517567772449144,7.897193287589602,0.014106148652149769,0.13209508755261937,0.32591340397042556,0.5278853598248052,7.4292110279597905
0.6698996655518396,1.72740953107074,5.931467166915284,7.507476839211686,7.8994711033892635,0.013670850051494416,0.13009561243663073,0.3236587192604125,0.5325748182514624,7.432192736231082
0.6725752508361205,1.7059713004401216,5.9153043840964585,7.4973859059742285,7.901748919188926,0.013247646822550927,0.1281134689716166,0.3213871869785154,0.537251697227317,7.435222053859043
0.6752508361204014,1.6845330698095031,5.899141601277634,7.48729497273677,7.904026734988589,0.01283625687741825,0.12614887105924596,0.31909958684992024,0.5419152852134156,7.438298787271977
0.6779264214046823,1.6630948391788847,5.882978818458809,7.477204039499312,7.906304550788252,0.012436402660354827,0.12420202108007851,0.3167966954582456,0.5465648808013212,7.441422711667214
0.6806020066889632,1.6416566085482653,5.866816035639983,7.467113106261854,7.908582366587915,0.012047811149325814,0.12227310999264553,0.3144792857962663,0.5511997930617624,7.444593571716585
0.6832775919732442,1.620218377917646,5.850653252821158,7.457022173024395,7.9108601823875775,0.011670213854429828,0.1203623174398447,0.3121481268260218,0.5558193418797037,7.447811082294389
0.6859531772575251,1.5987801472870276,5.834490470002333,7.446931239786936,7.91313799818724,0.011303346813303364,0.1184698118624216,0.3098039830487153,0.5604228582755597,7.451074929226213
0.688628762541806,1.577341916656409,5.818327687183508,7.436840306549478,7.915415813986903,0.010946950583600326,0.11659575061930123,0.307447614084785,0.5650096847123135,7.454384770057102
0.691304347826087,1.5559036860257907,5.802164904364683,7.4267493733120205,7.917693629786566,0.01060077023264435,0.11474028011453119,0.30507977426451305,0.5695791753883115,7.457740234837454
0.693979933110368,1.5344654553951713,5.786002121545858,7.416658440074562,7.919971445586228,0.010264555324350718,0.1129035359305866,0.30270121222950847,0.5741306965155542,7.461140926925118
0.6966555183946489,1.5130272247645529,5.769839338727032,7.406567506837103,7.922249261385891,0.009938059903514866,0.11108564296778657,0.3003126705453847,0.5786636265833138,7.464586423802141
0.6993311036789298,1.4915889941339335,5.753676555908207,7.396476573599646,7.924527077185553,0.009621042477563258,0.10928671558956324,0.2979148853259217,0.5831773566069517,7.468076277904595
0.7020066889632107,1.470150763503315,5.737513773089383,7.386385640362187,7.926804892985216,0.009313265995862624,0.1075068577733234,0.29550858586898954,0.5876712903618245,7.471610017464018
0.7046822742474916,1.4487125328726966,5.721350990270557,7.376294707124728,7.929082708784879,0.009014497826682495,0.10574616326663684,0.29309449430447576,0.592144844602205,7.475187147358909
0.7073578595317727,1.4272743022420773,5.705188207451732,7.36620377388727,7.931360524584542,0.008724509731905283,0.10400471574848313,0.29067332525444445,0.5965974492651671,7.478807149974851
0.7100334448160536,1.4058360716114588,5.689025424632907,7.356112840649812,7.933638340384205,0.008443077839577682,0.10228258899528693,0.2882457855057257,0.6010285476594097,7.482469486071755
0.7127090301003345,1.3843978409808404,5.672862641814081,7.346021907412354,7.9359161561838665,0.008169982614396045,0.10057984705146715,0.28581257369511215,0.6054375966390246,7.486173595656831
0.7153846153846154,1.362959610350222,5.656699858995257,7.335930974174896,7.938193971983529,0.007905008826217785,0.09889654440422803,0.28337438000731824,0.609824066762236,7.489918898861868
0.7180602006688964,1.3415213797196026,5.640537076176431,7.325840040937437,7.940471787783192,0.007647945516689729,0.0972327261623148,0.2809318858858284,0.614187442435167,7.493704796823442
0.7207357859531773,1.3200831490889833,5.624374293357606,7.315749107699979,7.942749603582855,0.007398585964083499,0.09558842823846049,0.2784857637567461,0.6185272220407099,7.497530672564744
0.7234113712374582,1.2986449184583648,5.608211510538781,7.30565817446252,7.945027419382518,0.007156727646426595,0.0939636775352459,0.27603667676572097,0.6228429180526066,7.501395891877678
0.7260869565217392,1.2772066878277464,5.5920487277199555,7.295567241225062,7.9473052351821805,0.006922172203017374,0.09235849213410051,0.27358527852802095,0.6271340571348611,7.5052998042040056
0.7287625418060201,1.255768457197128,5.575885944901131,7.285476307987604,7.949583050981843,0.006694725394410201,0.09077288148716939,0.27113221289178474,0.6314001802266356,7.5092417435142735
0.7314381270903011,1.2343302265665086,5.559723162082305,7.275385374750146,7.951860866781506,0.006474197060956289,0.08920684661177451,0.2686781137144724,0.6356408426127969,7.5132210291833434
0.734113712374582,1.2128919959358901,5.5435603792634796,7.265294441512687,7.954138682581169,0.00626040107998439,0.08766038028720127,0.2662236046525094,0.6398556139803049,7.5172369668613745
0.7367892976588629,1.1914537653052717,5.527397596444655,7.25520350827523,7.956416498380831,0.006053155321703839,0.08613346725354233,0.26376929896409823,0.6440440784606555,7.5212888493391565
0.7394648829431438,1.1700155346746524,5.51123481362583,7.245112575037771,7.958694314180494,0.005852281603911514,0.084626084412336,0.2613157993251521,0.6482058346586004,7.525375957406701
0.7421404682274247,1.148577304044034,5.4950720308070045,7.235021641800312,7.960972129980156,0.005657605645582504,0.08313820102873773,0.25886369765828426,0.6523404956673955,7.52949756070409
0.7448160535117058,1.1271390734134146,5.478909247988179,7.224930708562854,7.963249945779819,0.005468957019422797,0.0816697789349687,0.2564135749747682,0.6564476890708404,7.533652918563604
0.7474916387959867,1.1057008427827961,5.462746465169354,7.214839775325396,7.965527761579482,0.005286169103460977,0.08022077273479022,0.25396600122936624,0.6605270569323826,7.537841280842173
0.7501672240802676,1.0842626121521777,5.446583682350529,7.2047488420879375,7.967805577379145,0.005109079031754042,0.07879113000875418,0.25152153518790293,0.6645782557715888,7.542061888743294
0.7528428093645485,1.0628243815215592,5.430420899531704,7.19465790885048,7.9700833931788075,0.004937527644281069,0.07738079151998997,0.24908072430744663,0.6686009565282823,7.546313975627543
0.7555183946488295,1.0413861508909399,5.414258116712879,7.184566975613021,7.97236120897847,0.004771359436096703,0.07598969142028915,0.24664410462894407,0.6725948445146701,7.550596767810897
0.7581939799331104,1.0199479202603214,5.398095333894053,7.174476042375563,7.974639024778133,0.004610422505814723,0.07461775745625712,0.24421220068213767,0.6765596193557906,7.554909485350123
0.7608695652173914,0.9985096896297021,5.381932551075228,7.164385109138104,7.976916840577795,0.004454568503490191,0.07326491117530609,0.24178552540257892,0.6804949949186249,7.559251342814518
0.7635451505016723,0.9770714589990837,5.365769768256404,7.154294175900646,7.979194656377458,0.0043036525779671635,0.07193106813127106,0.23936458006054084,0.6844006992302208,7.563621550043351
0.7662207357859532,0.9556332283684652,5.349606985437578,7.144203242663188,7.981472472177121,0.004157533323756818,0.07061613808943562,0.2369498542016153,0.6882764743851922,7.568019312888383
0.7688963210702342,0.9341949977378459,5.333444202618753,7.1341123094257295,7.983750287976783,0.004016072727509307,0.0693200252307616,0.23454182559877076,0.6921220764429583,7.572443833940913
0.7715719063545151,0.9127567671072274,5.317281419799928,7.124021376188271,7.986028103776446,0.003879136114140812,0.06804262835512379,0.23214096021563457,0.6959372753151009,7.576894313242817
0.774247491638796,0.891318536476609,5.301118636981102,7.113930442950814,7.988305919576109,0.003746592092675249,0.06678384108335804,0.22974771218075118,0.6997218546432156,7.581369948981112
0.7769230769230769,0.8698803058459905,5.284955854162278,7.103839509713355,7.990583735375772,0.003618312501858477,0.06554355205793749,0.2273625237725608,0.7034756116676433,7.585869938165603
0.779598662207358,0.8484420752153703,5.268793071343452,7.093748576475896,7.992861551175435,0.003494172355600869,0.06432164514209945,0.2249858254148306,0.7071983570874691,7.590393477289228
0.7822742474916389,0.8270038445847518,5.252630288524627,7.083657643238438,7.995139366975097,0.0033740497883022282,0.0631179996172539,0.22261803568226524,0.7108899149121787,7.594939762970762
0.7849498327759198,0.8055656139541334,5.236467505705802,7.07356671000098,7.997417182774759,0.003257826000111219,0.061932490378509855,0.22025956131601293,0.7145501223053661,7.599507992579548
0.7876254180602007,0.784127383323515,5.220304722886977,7.0634757767635215,7.999694998574422,0.0031453852021696305,0.06076498812816584,0.21791079724877974,0.7181788294208848,7.604097364842025
0.7903010033444816,0.7626891526928965,5.204141940068152,7.0533848435260635,8.001972814374085,0.003036614561889825,0.059615359567016385,0.21557212663925718,0.7217758992318367,7.6087070804298
0.7929765886287626,0.7412509220622772,5.187979157249326,7.043293910288605,8.004250630173749,0.002931404148312006,0.05848346758333572,0.213243920915562,0.7253412073527903,7.613336342529088
0.7956521739130435,0.7198126914316587,5.171816374430501,7.033202977051147,8.00652844597341,0.0028296468775859404,0.05736917143940639,0.21092653982738513,0.7288746418556227,7.617984357391376
0.7983277591973245,0.6983744608010403,5.155653591611676,7.023112043813688,8.008806261773072,0.0027312384586199896,0.05627232695546805,0.20862033150654172,0.7323761030793702,7.622650334865181
0.8010033444816054,0.6769362301704209,5.139490808792851,7.01302111057623,8.011084077572736,0.002636077338938549,0.055192786690970816,0.2063256325356113,0.7358455034344794,7.627333488908855
0.8036789297658864,0.6554979995398016,5.1233280259740255,7.002930177338772,8.013361893372398,0.0025440646507869894,0.05413040012302313,0.20404276802435384,0.739282767201836,7.6320330380843355
0.8063545150501673,0.6340597689091831,5.1071652431552,6.992839244101313,8.015639709172062,0.00245510415752159,0.053085013821933286,0.20177205169359025,0.742687830326955,7.636748206031918
0.8090301003344482,0.6126215382785647,5.091002460336375,6.982748310863855,8.017917524971724,0.0023691022003200163,0.05205647162374932,0.19951378596622762,0.7460606402097031,7.6414782219259685
0.8117056856187291,0.5911833076479462,5.07483967751755,6.972657377626398,8.020195340771387,0.002285967645246254,0.05104461479971218,0.19726826206511763,0.7494011554899239,7.646222320911734
0.81438127090301,0.5697450770173278,5.058676894698725,6.962566444388939,8.02247315657105,0.0022056118307020654,0.05004928222254059,0.19503576011742962,0.7527093458293278,7.650979744523219
0.8170568561872911,0.5483068463867085,5.0425141118799,6.95247551115148,8.024750972370711,0.0021279485152954285,0.04907031052947672,0.19281654926522568,0.7559851916900021,7.655749741082327
0.819732441471572,0.5268686157560891,5.026351329061074,6.942384577914022,8.027028788170375,0.002052893826154644,0.04810753428202613,0.1906108877819251,0.7592286841098941,7.660531566079362
0.8224080267558529,0.5054303851254707,5.010188546242249,6.932293644676564,8.029306603970037,0.0019803662077151605,0.047160786122333424,0.18841902319434436,0.7624398244756071,7.665324482535017
0.8250836120401338,0.4839921544948522,4.994025763423425,6.922202711439105,8.0315844197697,0.0019102863710046259,0.046229896926142246,0.18624119241000978,0.7656186242928433,7.670127761344102
0.8277591973244148,0.4625539238642329,4.977862980604598,6.912111778201647,8.033862235569362,0.001842577243449925,0.045314695952293094,0.18407762184943155,0.7687651049548254,7.6749406816011465
0.8304347826086957,0.44111569323361444,4.961700197785774,6.902020844964189,8.036140051369026,0.0017771639192285657,0.04441501098872091,0.18192852758304215,0.7718792975090084,7.679762530908144
0.8331103678929767,0.419677462602996,4.945537414966949,6.891929911726731,8.038417867168688,0.0017139736101850947,0.04353066849491828,0.17979411547249785,0.7749612424223987,7.684592605664644
0.8357859531772576,0.39823923197237754,4.929374632148123,6.881838978489272,8.040695682968352,0.0016529355973318787,0.04266149374083846,0.17767458131605204,0.7780109893457777,7.689430211340516
0.8384615384615385,0.3768010013417582,4.913211849329299,6.871748045251814,8.042973498768013,0.0015939811829520315,0.0418073109422163,0.17557011099770997,0.7810285968771217,7.69427466273156
0.8411371237458195,0.35536277071113886,4.897049066510473,6.861657112014356,8.045251314567675,0.001537043643320877,0.04096794339229185,0.1734808806398818,0.7840141323245055,7.699125284198392
0.8438127090301004,0.3339245400805204,4.880886283691648,6.851566178776897,8.047529130367339,0.0014820581820609914,0.04014321358992662,0.1714070567592552,0.7869676714687571,7.703981409888776
0.8464882943143813,0.31248630944990197,4.864723500872823,6.8414752455394385,8.049806946167001,0.0014289618841444754,0.039332943364107115,0.16934879642561376,0.7898892983261347,7.708842383943825
0.8491638795986622,0.2910480788192835,4.848560718053998,6.8313843123019815,8.052084761966665,0.0013776936705548577,0.03853695399483643,0.167306247423335,0.7927791049112737,7.713707560688357
0.8518394648829432,0.26960984818866507,4.832397935235173,6.821293379064523,8.054362577766327,0.0013281942536197383,0.03775506633041878,0.1652795484153075,0.795637191000654,7.718576304805764
0.8545150501672242,0.24817161755804573,4.816235152416347,6.811202445827064,8.05664039356599,0.001280406093024076,0.03698710090114592,0.16326882910901075,0.7984636638968192,7.723447991497734
0.8571906354515051,0.22673338692742728,4.800072369597522,6.801111512589606,8.058918209365652,0.001234273352512832,0.036232878029400166,0.16127421042451123,0.8012586381935758,7.728322006629205
0.859866220735786,0.20529515629680795,4.783909586778697,6.791020579352148,8.061196025165316,0.0011897418572905528,0.035492217936191776,0.1592958046641324,0.8040222355423853,7.733197746858923
0.8625418060200669,0.1838569256661895,4.767746803959872,6.780929646114689,8.063473840964978,0.0011467590521243895,0.034764940844153026,0.15733371568356483,0.8067545844201577,7.738074619755945
0.8652173913043479,0.16241869503557016,4.7515840211410465,6.7708387128772305,8.06575165676464,0.0011052739601559564,0.0340508670770148,0.15538803906418844,0.8094558198986409,7.742952043902536
0.8678929765886289,0.1409804644049517,4.735421238322221,6.760747779639773,8.068029472564303,0.001065237142426474,0.03334981715559558,0.15345886228638633,0.8121260834155916,7.747829448983752
0.8705685618729098,0.11954223377433326,4.719258455503396,6.750656846402315,8.070307288363965,0.001026600658118585,0.032661611890335,0.1515462649036369,0.8147655225479096,7.752706275864203
0.8732441471571907,0.09810400314371481,4.703095672684571,6.740565913164856,8.072585104163629,0.0009893180255173843,0.03198607247040904,0.1496503187171786,0.817374290786895,7.757581976652311
0.8759197324414716,0.07666577251309636,4.686932889865746,6.730474979927398,8.07486291996329,0.0009533441836922505,0.03132302054946502,0.14777108795104776,0.819952547315795,7.762456014752479
0.8785953177257526,0.05522754188247614,4.670770107046921,6.72038404668994,8.077140735762955,0.0009186354549002216,0.03067227832801896,0.1459086294272989,0.8225004567897819,7.767327864905593
0.8812709030100335,0.03378931125185769,4.654607324228095,6.710293113452481,8.079418551562616,0.0008851495077108549,0.030033668632559435,0.14406299274122256,0.8250181891185071,7.7721970132182125
0.8839464882943144,0.012351080621239241,4.63844454140927,6.7002021802150225,8.08169636736228,0.000852845320851715,0.029407014991404454,0.14223422043638342,0.8275059192513604,7.77706295718088
0.8866220735785953,-0.009087150009379208,4.622281758590446,6.690111246977565,8.083974183161942,0.0008216831477729103,0.028792141707361267,0.14042234817931057,0.8299638269655553,7.781925205675902
0.8892976588628764,-0.030525380639998545,4.606118975771619,6.680020313740107,8.086251998961604,0.0007916244819283774,0.028188873927239552,0.13862740493367565,0.8323920966571565,7.786783278975059
0.8919732441471573,-0.051963611270616994,4.589956192952795,6.669929380502648,8.088529814761268,0.0007626320227709748,0.027597037708271332,0.1368494131338056,0.8347909171351521,7.7916367087275535
0.8946488294314382,-0.07340184190123544,4.57379341013397,6.65983844726519,8.09080763056093,0.0007346696424577609,0.02701646008149201,0.1350883888573799,0.8371604814186704,7.796485037938659
0.8973244147157191,-0.09484007253185389,4.557630627315144,6.649747514027732,8.093085446360593,0.0007077023532613178,0.026446969112139233,0.133344341997173,0.8395009865374263,7.8013278209394
0.9,-0.11627830316247323,4.54146784449632,6.639656580790273,8.095363262160255,0.0006816962756823482,0.025888393957126856,0.13161727643170754,0.8418126333354833,7.806164623347668
