city,Q_w1,K_100m,V_100m,house_price,gdp_per_capita,gdp_100m,pop_10k,per_capita_area_m2,fai_100m,city_tier,region4,province,fai_gdp_ratio,OCR_w1,Kstar_100m,ocr_cluster,ocr_color,Q_w2_extended,OCR_w2_extended
深圳市,7.610126961623662,22599.51285646059,172094.539607651,42221.75,162698.0,18497.7323,1103.7245093062606,36.864000000000004,3688.2357,一线,东部,广东省,0.19882993665555834,0.12591574036753958,179833.80997903628,0,绿色(适度),9.850499357123796,0.13520078927708565
上海市,6.82768619984688,56699.92600098543,389540.63232522673,43339.5,110179.0,26651.050000000003,2430.016664415935,36.864000000000004,6550.5327,一线,东部,上海市,0.246165069793148,0.26813632594025316,212936.04844635323,0,绿色(适度),6.918763235767292,0.2293291314103236
北京市,6.501892241263212,57360.34593826046,375701.2275400651,48128.5,112347.5,24341.86,2108.946922803273,36.864000000000004,7914.83495,一线,东部,北京市,0.3261815690699694,0.2999787637290331,192186.17792906816,0,绿色(适度),5.928843800124227,0.26887269253492335
厦门市,4.17462705006293,11691.156240174474,49374.554642947056,32296.5,93830.5,3625.1475,411.4957720588235,36.864000000000004,2023.7312499999998,二线,东部,福建省,0.5576747615731552,0.4824211851418585,24262.828354312092,0,绿色(适度),4.8350162224867805,0.4480521872763857
阜阳市,4.073842565600295,4723.933551478175,19101.465202376574,6453.25,16881.5,1334.6547,802.3305439330545,36.864000000000004,1148.8026,三线及以下,中部,安徽省,0.8574970305886455,1.6309508006059419,2889.589577650657,2,橙色(中度过度),2.6572717500166534,1.4652160371351408
广州市,3.6445777353781104,35541.097719040765,129789.67243954842,21384.75,139060.5,18823.927799999998,1643.5056256358089,36.864000000000004,5554.7690999999995,一线,东部,广东省,0.2952231374134011,0.18753330296109091,189486.48271154426,0,绿色(适度),4.306379433264243,0.24758705135536535
温州市,3.400204050267544,17728.88563028563,60088.43650876267,17358.75,53284.5,4859.8176,938.3858198198197,36.864000000000004,3681.0605,二线,东部,浙江省,0.7570217536848849,0.7719607456083429,22965.31817623772,0,绿色(适度),2.432519023484471,0.9097371144198967
丽水市,2.867834258035095,4583.464257842509,13144.615819120148,14130.0,56238.0,1210.2414,248.68022181146023,37.408,841.6456,三线及以下,东部,浙江省,0.6954361336506913,0.7813434360732107,5866.132671284187,0,绿色(适度),1.407518993630211,1.0052746528197614
茂名市,2.709274993657017,4667.817782333759,12557.368754593806,5723.75,41767.5,2541.18675,594.6758469945355,36.864000000000004,1137.7951,三线及以下,东部,广东省,0.4465238543439064,0.48072322507726367,9680.337162233322,0,绿色(适度),2.064644241931833,0.6466706779494772
东莞市,2.628650908830774,10929.378640379848,28929.369084636986,9970.75,79149.0,6551.38025,783.0537358490567,36.864000000000004,1501.988,新一线,东部,广东省,0.2293136319591138,0.28749311073007655,38148.9674171236,0,绿色(适度),4.210022282048553,0.2712586128956623
河源市,2.5836750697732955,2961.5359442553013,7524.780475790605,7262.75,27803.0,854.39775,281.8690469798658,36.864000000000004,608.2129,三线及以下,东部,广东省,0.7110988290426563,1.2864929958347504,2303.721762765287,1,黄色(轻度过度),1.4368845703153326,1.4811702924980044
汕头市,2.502227916886434,5936.245676539481,14717.434330490432,7522.25,35561.0,1974.4990000000003,530.611304347826,36.864000000000004,1426.922,三线及以下,东部,广东省,0.7206031853413936,0.8924451433589057,6642.370272950539,0,绿色(适度),1.8488739191438834,1.1213553776216219
金华市,2.467753170218044,10396.629398966425,25585.13327777783,10112.0,64819.0,3543.63805,686.0360081053698,36.864000000000004,1960.08735,二线,东部,浙江省,0.5526126952266873,0.49956355628475513,20799.569549062653,0,绿色(适度),2.7452532315892464,0.6882437495293943
保定市,2.4053243721134328,15047.421196504933,36513.360075712924,8599.25,29529.5,3238.73345,1148.4170243499796,36.864000000000004,2667.11425,二线,东部,河北省,0.8224526281419708,1.4271127019160401,10535.350148333084,1,黄色(轻度过度),2.0783697909355676,1.899136609678688
湛江市,2.395496613017459,6221.477571264629,14882.180027801302,5991.0,34272.5,2482.2285,672.8233023255814,36.864000000000004,1422.64255,三线及以下,东部,广东省,0.5722940657205902,0.7638961045014584,8128.904278928644,0,绿色(适度),1.9938915799749772,0.9665514831758328
菏泽市,2.3773475021570976,6366.446657844937,15079.077502191914,4728.25,29127.0,2480.6,865.023283000487,36.864000000000004,1145.77695,三线及以下,东部,山东省,0.46143328879571605,0.821034978476552,7746.917050359754,0,绿色(适度),2.043691154512044,0.8738276434283615
杭州市,2.2758519874822776,32514.08615268977,74514.5786914432,18791.75,118258.0,10681.9651,1071.8290490797544,36.864000000000004,5699.36885,新一线,东部,浙江省,0.5346286114732248,0.34979086740144827,93252.97312092545,0,绿色(适度),2.563458233090916,0.4159401575783024
亳州市,2.146579564701936,3791.0623973691736,8085.817534084085,4557.5,19691.0,994.3567,481.21246246246244,36.864000000000004,821.09725,三线及以下,中部,安徽省,0.8251765298619338,1.6911485145966587,2241.353302535277,2,橙色(中度过度),1.6786593813573027,1.5570402557556053
赣州市,2.093954158928357,9040.395309920192,18845.343798855065,5799.0,24454.5,2090.53235,880.8704168784951,36.864000000000004,2048.8586,三线及以下,中部,江西省,0.9789324167074733,1.5396048225357413,5871.244636018242,1,黄色(轻度过度),1.7516702962083457,1.51235637945282
宿州市,1.9280631465317315,5177.700223342485,9890.193397647952,5090.25,23342.5,1293.81875,527.1402352048558,36.864000000000004,1201.6858,三线及以下,中部,安徽省,0.9282890386199356,1.577145475626855,3276.869659373545,1,黄色(轻度过度),1.3729888795990506,1.7664806445235237
福州市,1.9118876545790695,26075.549870023526,50226.30520276052,17130.5,78755.0,5907.86195,792.7282065596651,36.864000000000004,5018.9856500000005,二线,东部,福建省,0.8502159755627471,0.7175353902620778,36367.536524803974,0,绿色(适度),1.6785135971621816,0.692632239476821
南京市,1.9089466204645436,35499.15736149927,68170.18604610748,21694.75,122717.5,10111.895,849.6432132963989,36.864000000000004,5479.76995,新一线,东部,江苏省,0.5425191572614254,0.42919180667410795,82817.55374667895,0,绿色(适度),1.7934172205865988,0.44770695072971955
廊坊市,1.8984738800406897,11531.01661643943,22517.580263301614,11562.25,56716.0,2590.0832,523.2245342886387,36.864000000000004,2296.1643000000004,三线及以下,东部,河北省,0.8854916693650621,0.8824912415046688,13061.993033461364,0,绿色(适度),1.5287950937436097,1.2774336451023163
宜宾市,1.8494838961864881,6352.88116098385,11679.954933581706,6863.75,35397.5,1589.4786,461.5324137931035,36.864000000000004,1352.016,三线及以下,西部,四川省,0.849836556117312,1.1555400022691216,5490.2669945128455,1,黄色(轻度过度),1.098600108802431,1.0843721262949138
上饶市,1.8438450704455709,9090.508281209197,16761.488882152215,6983.5,26996.0,1817.7664,641.6156763590392,37.408,1790.292,三线及以下,中部,江西省,0.9848856266679812,1.763940888457979,5153.522060002836,2,橙色(中度过度),1.361930889887342,1.7232135370971118
台州市,1.805636645890167,11694.699136946721,21255.38473337055,8787.5,61602.0,3726.25635,654.5225638911788,36.864000000000004,2134.3287499999997,三线及以下,东部,浙江省,0.5722888030797432,0.599828254904354,19506.656974982332,0,绿色(适度),2.043383659111356,0.6853472780120794
六安市,1.790206107975865,5474.111021213077,9724.58917162635,5446.75,22411.0,1062.3177,487.4693361702127,36.864000000000004,1034.2334,三线及以下,中部,安徽省,0.9737198024434504,2.0245335164317915,2701.552667403784,2,橙色(中度过度),1.358488406620279,2.0095816509579323
周口市,1.7718006246404303,9262.568300657094,16411.42430087889,4858.0,25682.0,2263.8615,903.075944333996,37.408,1862.1524,三线及以下,中部,河南省,0.822555796810008,1.408290347543636,6577.172325872306,1,黄色(轻度过度),1.1707476528632825,1.5902770449730272
珠海市,1.763248134950025,7015.906402161158,12436.979710320284,16956.75,129626.0,2125.89095,198.31049822064057,36.864000000000004,1347.4472500000002,二线,东部,广东省,0.6343034742135971,0.3878761746003544,18092.97855210113,0,绿色(适度),1.5639920766592947,0.4681726419837844
保山市,1.745992306592237,2706.6384853443033,4725.769972137618,5268.5,23692.0,613.3904,239.78449905482043,37.408,667.328,三线及以下,西部,云南省,1.0879335574863904,1.8222206481027896,1485.3516714138477,2,橙色(中度过度),1.465517172025805,1.6706020871316276
揭阳市,1.7286974203226597,6227.079694719678,10625.658047282028,5247.5,32141.0,1948.4568,549.6221408450704,36.864000000000004,1423.82135,三线及以下,东部,广东省,0.7304501139816683,1.0420888642683566,5961.595900988175,1,黄色(轻度过度),1.3861131328233238,1.6002390184392894
贵港市,1.6998829935333595,3736.4628122595614,6322.734065985584,4069.25,21235.0,911.9799499999999,421.2915901060071,36.864000000000004,765.67845,三线及以下,西部,广西壮族自治区,0.837506531480106,1.7153703225073733,2177.960601697271,2,橙色(中度过度),1.5043348426387098,1.8576453433045366
齐齐哈尔市,1.6810866067210828,4867.205145366074,8144.581093982835,5222.25,25060.0,1297.818,423.1126053639847,36.864000000000004,874.109,三线及以下,东北,黑龙江省,0.6731318099859973,1.5493977414512528,3137.549013615024,1,黄色(轻度过度),1.215620471525108,2.409381592418615
宁波市,1.6129784863711918,26896.3403400779,43416.37631492046,13001.25,106515.0,8345.0507,904.7886949429038,36.864000000000004,4733.9851,新一线,东部,浙江省,0.5671149854803033,0.4059573500595005,66274.60494500477,0,绿色(适度),1.890919553583922,0.43798849389271505
驻马店市,1.5781669650856918,8040.319916429917,12688.967280830244,4923.0,28305.0,1972.9881,689.0201967892284,37.408,1692.7128,三线及以下,中部,河南省,0.857943745327202,1.3606068022319269,5909.363309988345,1,黄色(轻度过度),1.3356236838660394,1.5058636817511217
玉溪市,1.57726640828121,3521.8077204057768,5473.817648207674,6757.5,54100.5,1278.20265,219.92607223476296,36.864000000000004,780.63825,三线及以下,西部,云南省,0.6088234011578502,0.6597666748192221,5323.475017263254,0,绿色(适度),1.032097579699914,0.646354651491252
自贡市,1.558573924105933,3280.632948858977,5119.58283428044,5423.5,42964.0,1188.8375,255.82502354788068,36.864000000000004,582.46155,三线及以下,西部,四川省,0.49152637258583,0.7684068691899444,4270.485147570717,0,绿色(适度),1.079178420381266,0.9278283869741397
普洱市,1.5528740133984438,2627.5318600087335,4067.8217270555906,4641.75,20737.0,540.7782,237.66490157480314,36.864000000000004,475.92755,三线及以下,西部,云南省,0.8798387571996086,2.2225260903943216,1183.4296688639133,2,橙色(中度过度),1.4253495768050344,1.919610478721781
石家庄市,1.5519520268842335,30909.331582411683,48627.2670518292,11884.0,53110.0,5684.164049999999,1104.6733999048977,36.864000000000004,5684.158450000001,二线,东部,河北省,1.0018815067758668,1.1417299065150748,27084.417302634745,1,黄色(轻度过度),1.3789424857863193,1.7434039119917375
定西市,1.5190882083532604,3003.8163072686048,4563.061932430972,4848.5,11892.0,331.0768,251.5848434925865,37.408,621.198,三线及以下,西部,甘肃省,1.876295771857164,5.197116290913495,577.9775050484054,3,红色(严重过度),1.1795565387471831,6.03615980426695
内江市,1.5016857013814837,3838.2445696252034,5727.574111047892,4774.25,33373.5,1248.1248,325.39459926017264,36.864000000000004,828.6431,三线及以下,西部,四川省,0.6633694278753565,1.0298320648855204,3721.352897886378,1,黄色(轻度过度),1.1749337121883787,1.2834124759381993
苏州市,1.5012544933246534,40067.08793871671,60473.22305146263,14158.75,141129.0,14989.58,1154.8065656565657,36.864000000000004,5806.964099999999,新一线,东部,江苏省,0.38814970457258435,0.2845605241664702,140946.61765158514,0,绿色(适度),1.5982895347475627,0.31944211343569834
泉州市,1.4738736815519944,16941.768272344078,24897.90734999452,8098.25,75102.5,6392.17165,833.357408616188,36.864000000000004,3577.1274,二线,东部,福建省,0.5594330083163574,0.46101636198934226,36702.13335042745,0,绿色(适度),1.387476430098372,0.473302277310256
达州市,1.4724851783956385,6803.458946997439,9971.766695222019,4801.5,25131.5,1398.9229500000001,563.2302752293579,36.864000000000004,1339.6131,三线及以下,西部,四川省,0.9556470576447647,1.760996059458434,3857.5870573126667,2,橙色(中度过度),1.1973715372169995,1.852817002237583
葫芦岛市,1.4724470866136286,3277.3158379922565,4825.015793769653,5266.0,26761.5,683.75955,248.81956124314445,36.864000000000004,184.23714999999999,三线及以下,东北,辽宁省,0.269728498205942,1.7939868950379516,1839.7930581445726,2,橙色(中度过度),1.3668234814908249,1.741245253894073
莆田市,1.4627428578992565,7686.764049486731,11144.417957279342,9916.0,60593.0,1739.29495,304.8665663474692,36.864000000000004,1835.83765,三线及以下,东部,福建省,1.0551322215566201,0.8984627493078066,8542.624966539459,0,绿色(适度),1.1057677281083014,1.1117232667596852
南充市,1.4583595532637117,7071.469595478854,10258.221976287145,4811.5,24876.0,1583.801,578.2822307157749,36.864000000000004,1440.14435,三线及以下,西部,四川省,0.9086294684680616,1.7211190281824789,4104.917997259186,2,橙色(中度过度),1.1292393688726068,1.7539327127650495
兰州市,1.456242602853124,9343.040968803027,13566.57894292455,8704.25,59089.5,2180.1119,422.54236526946113,36.864000000000004,1897.3533499999999,二线,西部,甘肃省,0.8699394662518164,0.8367374143437102,11154.197571158773,0,绿色(适度),1.30340679316476,1.0969919668614208
邵阳市,1.4102258903413012,7063.955089111956,9919.228051757029,4078.5,20071.5,1458.6282500000002,659.3418867924528,36.864000000000004,1575.1203,三线及以下,中部,湖南省,1.0807019648459217,2.1379303301635666,3302.2060614725133,2,橙色(中度过度),1.021557556554173,2.2289403232398324
惠州市,1.3984594847030547,10276.539870989205,14472.760462811457,7125.75,68918.0,3276.0988500000003,548.9553015075377,36.864000000000004,1951.8181,二线,东部,广东省,0.595688464012726,0.5427180476701206,18936.555392012924,0,绿色(适度),1.4183307756246581,0.6976934973373419
漳州市,1.3972141219877376,11652.365889392677,16256.774087218322,9047.75,58883.0,2946.3611499999997,486.7274809160306,36.864000000000004,2672.0038000000004,三线及以下,东部,福建省,0.9070149847031193,0.837062765149465,13928.61836294247,0,绿色(适度),1.143708626040656,0.893937827479754
怀化市,1.3869741384790029,4634.7375102498045,6397.95188682769,3794.5,27287.5,1336.7923500000002,457.1349376797699,36.864000000000004,1044.94105,三线及以下,中部,湖南省,0.7821317702564262,1.254938105576982,3690.08712497986,1,黄色(轻度过度),1.2084970331262122,1.6855705129406198
郑州市,1.3803383086402832,31869.22957670488,44360.60058254251,10398.5,80646.5,7712.7438,1152.5445510317904,36.864000000000004,6643.32345,新一线,中部,河南省,0.8612779196503104,0.6033935009290238,52816.513447832505,0,绿色(适度),1.1360567996252915,0.7900595596020452
三亚市,1.3800514519967908,3491.7684875043665,4793.151796842985,14466.0,60879.5,455.68845,89.85910447761194,36.864000000000004,744.5270499999999,三线及以下,东部,海南省,1.6332664456523034,1.5614921919991942,2233.599161494295,1,黄色(轻度过度),1.7983469380433765,1.9275507145541064
绥化市,1.3787344034274986,3748.362042657829,5134.524278604058,3551.0,23602.0,1294.2599,392.3072463768116,36.864000000000004,733.7570499999999,三线及以下,东北,黑龙江省,0.5666115583238993,1.341047366146381,2790.6874472772693,1,黄色(轻度过度),1.1427152840883303,2.104823220725081
邢台市,1.3569384898107875,10485.64598256085,14160.386801778139,5515.75,25647.0,1870.2391499999999,696.5179825109307,36.864000000000004,1925.9007499999998,三线及以下,东部,河北省,1.0300229991316,2.045341215372849,5139.896521168148,2,橙色(中度过度),1.3457966159811023,2.6327888730828777
张家口市,1.3393350812927363,8697.27255180162,11737.77934205261,7577.0,31991.0,1414.7676999999999,419.1463921993499,36.864000000000004,1592.7510499999999,三线及以下,东部,河北省,1.1262946204663635,1.9976680866048484,4352.381010524814,2,橙色(中度过度),1.086761848446581,2.6988449714708658
太原市,1.3387645771479706,11372.812842417246,15189.43591134439,8180.0,65858.5,2845.47435,503.5834146341464,36.864000000000004,2026.66015,二线,中部,山西省,0.7132940057760456,0.7130999431692884,15951.563060730754,0,绿色(适度),1.1664857913353959,0.772079651787258
广安市,1.3352674691239783,4814.370650819199,6368.923709872808,5187.75,32088.0,1042.11935,332.9788925438596,36.864000000000004,1097.08525,三线及以下,西部,四川省,1.0481692184567009,1.4525249865868748,3304.5574160570636,1,黄色(轻度过度),0.8517798349553021,2.049367251521088
济南市,1.3300172207183492,20792.148605756876,27778.713280968914,10431.75,88459.0,6318.17425,720.6112267657992,36.864000000000004,3736.3718,二线,东部,山东省,0.590772713073725,0.5098980024673316,40745.18804702393,0,绿色(适度),1.5801769721067978,0.5341643034646915
张家界市,1.329391707144737,1618.1814599673105,2151.1970135359056,3728.0,32300.0,493.099,154.25519287833828,37.408,305.7042,三线及以下,中部,湖南省,0.6199651591262607,1.079824736620846,1498.5593542070292,1,黄色(轻度过度),1.6751446345517425,1.5265349605028222
绵阳市,1.325065969070932,6919.076859386429,9169.051498696712,4951.5,36978.0,1765.3762499999998,501.95062381852557,36.864000000000004,1172.029,三线及以下,西部,四川省,0.6635890919668826,1.0840459137986471,6381.217228581641,1,黄色(轻度过度),1.264057215881241,0.9475948214708908
中山市,1.3212672006391843,7224.339613643706,9611.835503768794,7008.0,96750.5,3106.4053,370.72837696335074,36.864000000000004,1102.2116,二线,东部,广东省,0.354692953316997,0.3285796450795293,21988.896154870465,0,绿色(适度),1.858800384109506,0.5390752485043805
乌鲁木齐市,1.3127351330853643,8135.754992993576,10692.313761319481,6178.5,72102.5,2545.3082,468.8444805194805,36.864000000000004,1658.0858,二线,西部,新疆维吾尔自治区,0.6515075127320082,0.506453234973455,16155.333726503617,0,绿色(适度),0.9271592016953433,0.7453318467122146
玉林市,1.30430418462721,6793.4125937257395,8814.985210336217,4273.0,26277.5,1499.9776499999998,559.5158108108108,36.864000000000004,1399.6107000000002,三线及以下,西部,广西壮族自治区,0.9326745621998055,1.6194701611416722,4188.9127161094575,2,橙色(中度过度),1.0924135394185572,2.192179548918367
海口市,1.2988925298842342,4992.685848843825,6439.287752862156,7265.0,54424.5,1209.81505,240.3263157894737,36.864000000000004,1141.887,二线,东部,海南省,0.9410798752369628,0.9044903348730073,5506.166618468413,0,绿色(适度),1.8036540617513277,1.1314895138141858
天津市,1.2933943557543588,69257.8047838321,90522.4304027214,19231.0,111506.5,17211.79,1270.9461504424778,36.864000000000004,12902.17965,新一线,东部,天津市,0.7510948496132313,0.5764113490922865,120135.1288543376,0,绿色(适度),1.0497451551437404,0.9964955984965981
秦皇岛市,1.2817084081076078,5469.465457140286,7017.317364295774,6130.75,57250.5,1299.89825,310.1546755407654,36.864000000000004,874.49575,三线及以下,东部,河北省,0.6737120501757656,0.8633156274043627,7144.60100495687,0,绿色(适度),1.52659363810527,1.257632824548105
宁德市,1.2804680712689416,6143.264679048935,7866.2542748764035,6751.5,56358.0,1623.1142,311.46067415730334,37.408,1225.1483,三线及以下,东部,福建省,0.754813370494818,0.7972930464184386,7705.152712224712,0,绿色(适度),1.3169308324169908,0.7945106233443557
衡水市,1.275955313031002,5967.314264532235,7586.456751013653,4939.0,29749.0,1320.0952499999999,416.5283097055617,36.864000000000004,1158.17085,三线及以下,东部,河北省,0.8782138252016263,1.5565444635380532,3859.5896024382023,1,黄色(轻度过度),1.3226497660513306,1.984325381741306
开封市,1.2649148155458547,6298.459933819785,7919.8317945241915,4500.75,36972.5,1680.4703,477.3549911190053,36.864000000000004,1338.1017000000002,三线及以下,中部,河南省,0.7974800371914059,1.0395579869093887,6057.595769680804,1,黄色(轻度过度),1.1600581742183742,1.3261664980911771
遂宁市,1.2573722150554838,5172.133845276148,6483.5320934500005,5931.25,29241.5,962.13165,296.39375,36.864000000000004,1043.713,三线及以下,西部,四川省,1.0844484772223875,1.9422849156209558,2662.8912657106393,2,橙色(中度过度),0.8143468150458102,1.9683157030481768
青岛市,1.2509387599043769,36160.03547301436,45174.323579908116,12901.25,105963.0,9655.68,948.9594454382825,36.864000000000004,7005.18455,新一线,东部,山东省,0.7247673295482646,0.49802326559919735,72533.47162419642,0,绿色(适度),1.132136236607453,0.6269274747564008
丽江市,1.2494046047798764,1861.6273264528709,2317.645756368583,5074.5,22420.0,299.45079999999996,123.88809716599191,36.864000000000004,309.26324999999997,三线及以下,西部,云南省,1.0298897282931818,2.783778706807089,672.1264594274321,2,橙色(中度过度),1.1746552095133205,2.258014440748569
汕尾市,1.23466270412664,3585.590642321153,4426.995038339411,4365.0,27351.0,828.4882,271.1192145862553,37.408,652.4487,三线及以下,东部,广东省,0.7875171909509393,1.6425094548948393,2182.9954352078407,2,橙色(中度过度),1.3847865386511808,1.6252633455537524
衢州市,1.2315844643982325,5309.85369349083,6528.97849257712,7773.5,56064.0,1198.86025,227.7249805447471,36.864000000000004,931.8908,三线及以下,东部,浙江省,0.7769882395709764,0.9650039602103146,5504.353360983008,0,绿色(适度),1.5300626149156702,1.0722457602095725
江门市,1.2269606480513517,7429.232690396194,9100.191730705854,5254.0,51491.0,2329.40245,469.48542963885427,36.864000000000004,1412.8233,三线及以下,东部,广东省,0.6056804713015664,0.7148157455198549,10385.886736071152,0,绿色(适度),1.099777613489916,0.8154394264288486
成都市,1.2118816594134674,45862.29179791673,55709.77924588221,8368.25,75616.5,11485.698400000001,1800.9390543193717,36.864000000000004,7649.733,新一线,西部,四川省,0.6647369819851292,0.5999123153042376,76625.42828447235,0,绿色(适度),1.476719854237382,0.6711540485517071
商丘市,1.2085249680974472,9037.955209339085,10846.943338627269,3916.75,26136.0,1900.65805,751.4062369856223,36.864000000000004,1854.2064,三线及以下,中部,河南省,0.9743173224862138,1.632764837860285,5534.999663411765,2,橙色(中度过度),1.0926679669907924,1.860934800890796
昆明市,1.2080728295058831,20569.064594035102,24783.53424512576,8310.0,61906.0,4134.04155,808.7165552699229,36.864000000000004,3708.977,新一线,西部,云南省,0.8965748052766618,0.8821386809205732,23313.709360059842,0,绿色(适度),1.1693802640018975,0.9913545280839973
泸州市,1.2061863176246677,6265.460308312602,7499.821396656378,4784.0,33105.5,1417.6619,425.0272440944882,36.864000000000004,1572.0448000000001,三线及以下,西部,四川省,1.1069107510463967,1.3649324723309404,4577.384482065603,1,黄色(轻度过度),0.8824632984973536,1.5918259112348252
南宁市,1.1979119932853335,17760.719499854695,21233.88114702464,6976.75,50894.5,3556.70795,824.8270688566015,36.864000000000004,3562.8594999999996,二线,西部,广西壮族自治区,1.0011595860178477,1.0203968219695492,17392.194497933113,1,黄色(轻度过度),1.217533785043839,1.4843166158127463
抚州市,1.1961680606435696,5791.289502379029,6896.146082331852,5577.5,28997.0,1158.02235,335.3025,36.864000000000004,1175.4856,三线及以下,中部,江西省,1.014205594928835,1.8720056961801856,3092.3371604339036,2,橙色(中度过度),1.1242271596070927,1.9076315332960831
平凉市,1.192827938162053,3546.050364241869,4229.827944597426,6119.0,17486.0,367.3,184.78969957081543,37.408,670.7535,三线及以下,西部,甘肃省,1.8261734277157635,5.088496871733855,696.8758070659062,3,红色(严重过度),0.9035798864085474,5.202711917935657
湖州市,1.189979064259087,8512.479876428672,10095.518003736312,8252.75,74002.0,2184.32045,331.79752327746735,36.864000000000004,1497.40935,三线及以下,东部,浙江省,0.6849763179814863,0.6716459584346604,12682.181385194002,0,绿色(适度),1.0166598013963912,0.7376411696602717
合肥市,1.1677112791016593,31631.00888478315,37599.087161976306,11675.0,76620.0,5967.323850000001,867.8910044785669,36.864000000000004,6176.53515,新一线,中部,安徽省,1.035000562194159,0.8488965590643296,37293.00359419471,0,绿色(适度),0.9634143868660531,0.8830295081129008
武汉市,1.1663981524837816,41699.948016625945,48993.69864197739,11889.75,107800.5,11409.105,1114.5716902173913,36.864000000000004,7360.33835,新一线,中部,湖北省,0.6476297149758525,0.47405226957087443,88009.86332219787,0,绿色(适度),1.1689714715165336,0.559311314287249
绍兴市,1.1555824356210367,15240.958749499667,17542.97363687446,9065.5,93103.5,4627.49785,524.9275865921788,36.864000000000004,2732.66135,二线,东部,浙江省,0.5901156662858267,0.4902872089034961,31068.94705444281,0,绿色(适度),1.373381843524998,0.5802173791529867
安庆市,1.1522206491721443,7962.587398449347,9077.490684912227,5415.5,32197.5,1474.3038000000001,454.98454976303316,36.864000000000004,1453.74845,三线及以下,中部,安徽省,0.9857408008092232,1.7021625126883535,4673.552711009164,2,橙色(中度过度),0.9666416298065925,1.5729190834622764
邯郸市,1.1517972711707243,19067.822446039085,21899.613651245618,6362.5,34357.5,3241.2610999999997,933.3283223374176,36.864000000000004,3604.25655,三线及以下,东部,河北省,1.1114955775512927,1.7021391413029523,11188.557845710246,2,橙色(中度过度),1.2255097656202432,2.3598604563309213
常德市,1.1495125363805188,8331.43678553534,9508.40947308522,4787.5,48475.5,2831.4185500000003,538.6747826086956,36.864000000000004,1871.7161999999998,三线及以下,中部,湖南省,0.660221840694929,0.7241753413999916,11486.37651799271,0,绿色(适度),0.9214129521432175,0.890256909600711
肇庆市,1.1475824832665587,7052.788589968107,8058.50992846421,5484.75,49924.0,2027.0144999999998,398.56934210526316,36.864000000000004,1351.8885,三线及以下,东部,广东省,0.6671602005568906,0.8273947702000186,8514.297248003659,0,绿色(适度),1.0224733471961618,1.1419074478484668
濮阳市,1.1344363353142177,6674.7665266705735,7518.171221986559,5453.75,38450.5,1388.94825,373.9675143843498,36.864000000000004,1414.27975,三线及以下,中部,河南省,1.0167493841636783,1.3257995129058004,5029.380929974531,1,黄色(轻度过度),0.9852683848223304,1.9325155633238131
鸡西市,1.1330226797646383,1683.7623891402832,1904.8124275688624,3193.5,28434.5,516.53305,161.80329341317366,36.864000000000004,239.2663,三线及以下,东北,黑龙江省,0.46322870914552805,1.2505728903863478,1345.7517058760845,1,黄色(轻度过度),1.0236618683738297,1.4396268140251185
安康市,1.1322372746952607,3392.2650220288992,3814.4306910099012,4135.0,30481.5,807.6603,250.15049504950494,36.864000000000004,767.72955,三线及以下,西部,陕西省,0.9469640707341439,1.451079471299261,2332.4216120420333,1,黄色(轻度过度),0.7911205837418109,1.7169569573600576
哈尔滨市,1.1221446879107195,28087.763476697823,31224.343999084776,8343.75,61236.0,5926.41075,1016.5223706441395,36.864000000000004,4817.8728,二线,东北,黑龙江省,0.8125513439498333,0.9009094318299372,31169.51449965821,0,绿色(适度),0.9255767668303116,1.7374932180167748
资阳市,1.1103710378878628,4417.548247444326,4832.420691473815,4472.75,36505.0,1106.9111,292.12824742268043,36.864000000000004,772.88405,三线及以下,西部,四川省,0.7079879601802883,1.2434685390916536,3653.5665769363686,1,黄色(轻度过度),0.9327756089729401,2.28340066593814
遵义市,1.0982683512782894,9971.574894707375,10951.465119258251,4550.5,38709.0,2403.94,643.3519417475728,37.408,2068.8821,三线及以下,西部,贵州省,0.860621354942303,1.1013518454641853,9053.941241188613,1,黄色(轻度过度),0.8656400686252788,1.206599838474563
聊城市,1.0863220331965202,10739.141363650626,11618.639261145949,5461.75,46183.5,2761.3999999999996,576.7594594594595,36.864000000000004,2229.19855,三线及以下,东部,山东省,0.8066363839850303,0.9619776542431671,11147.245666315575,0,绿色(适度),1.3767731232168712,1.8401613718140648
临汾市,1.0851266825733947,6761.552293645388,7283.828104626697,4953.0,26670.5,1183.14255,399.11887209302324,36.864000000000004,1397.7368999999999,三线及以下,中部,山西省,1.181841288918707,2.1591177499085354,3126.655386123899,2,橙色(中度过度),0.8483069190790172,2.2302560605337254
吉安市,1.0790203666414444,7549.499345753783,8102.129218304416,4973.75,28470.0,1394.94595,441.75873840445274,36.864000000000004,1598.5569500000001,三线及以下,中部,江西省,1.1447493174946421,1.9437545555806295,3882.078234926479,2,橙色(中度过度),1.0242721554593512,1.859709077537024
韶关市,1.0741207118443736,4519.658188539765,4850.7342272282485,4666.5,40384.0,1184.1863,281.8457863501484,36.864000000000004,701.8814,三线及以下,东部,广东省,0.5932017460569973,1.0789147133214538,4188.6278152110035,1,黄色(轻度过度),0.9566754217908889,1.3491939650842808
平顶山市,1.0737261173560881,8351.922825476177,8922.736507041262,4892.0,35346.0,1765.45975,494.749745614035,36.864000000000004,1667.93545,三线及以下,中部,河南省,0.9445984777405666,1.3914197717397851,5997.964812063574,1,黄色(轻度过度),0.8051466684162062,1.6328150270896897
汉中市,1.0723361557134834,4068.8337267937495,4312.648214570303,3606.25,32299.0,1110.661,324.4630880420499,36.864000000000004,969.6555000000001,三线及以下,西部,陕西省,0.8711239540433392,1.2000897807208153,3381.552652537338,1,黄色(轻度过度),0.8302771491378864,1.3643270231315188
济宁市,1.0710199194109369,15690.80559739895,16741.791592719597,5572.25,50095.5,4157.47215,814.7098043599776,36.864000000000004,3084.98965,三线及以下,东部,山东省,0.7413085761451405,0.8595729036714617,18231.904191174803,0,绿色(适度),1.053979602491032,1.2336685344783465
桂林市,1.069131356607254,9787.012251070511,10427.428848432723,5842.25,40272.5,1998.8942000000002,483.8820036934442,36.864000000000004,1984.47315,三线及以下,西部,广西壮族自治区,0.9915019633585422,1.332573367762645,7331.1016866404025,1,黄色(轻度过度),0.8078725437107692,2.0615442894346936
十堰市,1.0680244730660158,5554.595321009979,5887.187842677551,4980.0,40257.0,1364.635,320.6690670553936,36.864000000000004,1274.65895,三线及以下,中部,湖北省,0.9344516095951911,1.1520611100686504,4816.102323029266,1,黄色(轻度过度),0.7297471532869866,1.319139739313082
荆州市,1.0590747636446305,8482.868939796415,8933.763234957914,4606.75,29090.0,1658.625,525.8672252964427,36.864000000000004,1927.7808,三线及以下,中部,湖北省,1.1624076361169164,1.770446643168491,4784.211439400628,2,橙色(中度过度),0.8260935065808687,1.8652316975388714
曲靖市,1.0561284596900802,7480.583541314089,7847.128319104705,3796.5,28155.5,1712.68185,560.5604555638537,36.864000000000004,1499.95845,三线及以下,西部,云南省,0.8706941114321989,1.5398850439324772,4848.939389287674,1,黄色(轻度过度),0.8985874157279687,1.3299763136760738
沧州市,1.0483476713149957,15968.654771916394,16765.236672581636,6274.5,46122.0,3432.6564,723.6497448979592,36.864000000000004,3292.1649500000003,三线及以下,东部,河北省,0.9582967215052041,1.1323293609118605,14078.799129599454,1,黄色(轻度过度),1.1492904980045673,1.6953043416519706
佳木斯市,1.0428422165772278,2907.3819971795183,3017.420021049891,3690.5,35973.5,827.6004,221.78579175704988,36.864000000000004,561.1197500000001,三线及以下,东北,黑龙江省,0.6776157059262196,1.0841798439318007,2677.6632629230585,1,黄色(轻度过度),0.8302990060432623,1.8480072946788302
南昌市,1.0428371971233463,20585.165328526848,21410.61241703792,9561.0,78738.5,4177.50335,607.0221933085502,36.864000000000004,4270.1674,二线,中部,江西省,1.021278249019648,0.7789358079565205,26395.002593254758,0,绿色(适度),0.8237929789934003,1.0167553802782716
临沂市,1.0380776902214652,16805.683105108255,17396.74075004788,4513.0,37729.5,3894.96,1044.892982015893,36.864000000000004,3411.25515,三线及以下,东部,山东省,0.8751460290414803,1.1510011931929758,14579.34456505214,1,黄色(轻度过度),1.1596521184190285,1.5060120289531533
阳江市,1.0358732928963201,3722.8221808145117,3850.5627546913906,4110.75,50162.5,1260.3820500000002,254.13794701986757,36.864000000000004,597.52115,三线及以下,东部,广东省,0.4747228561827935,0.7079444092300562,5256.146586066549,0,绿色(适度),1.1071147767904592,1.023881028953345
佛山市,1.0349531640904044,18665.519932633524,19371.861130168887,6594.75,112095.0,8316.9594,794.8142222222222,36.864000000000004,3273.7805,二线,东部,广东省,0.39310573997592485,0.28629529348744565,65200.30570218597,0,绿色(适度),1.5826066258639204,0.3632872940708842
永州市,1.034101870581459,6843.838098687968,7047.541044576075,3601.25,27483.0,1491.9917,530.5304143862393,36.864000000000004,1505.15185,三线及以下,中部,湖南省,1.0095246386496695,1.5996038275657893,4277.16995874007,1,黄色(轻度过度),0.9810854190176812,1.9146734377230312
赤峰市,1.0280486273266838,8696.803648298272,8932.242893368228,5919.5,44102.5,1897.27705,409.14061269146606,36.864000000000004,1368.9447,三线及以下,西部,内蒙古自治区,0.7208222630153662,1.2027270351022536,7224.538361539583,1,黄色(轻度过度),1.176115432431511,1.8627889317645117
南阳市,1.0262137011599286,15297.267188244827,15620.457338234817,4516.25,29831.5,2990.89045,937.9603238866398,36.864000000000004,3153.343,三线及以下,中部,河南省,1.0527689239220237,1.6730923975428857,9133.22542428494,2,橙色(中度过度),1.0985271687153997,1.9899356421347076
信阳市,1.019304899785913,11548.352695393736,11771.29248687069,5059.5,31733.0,2037.801,621.9451152579583,37.408,2217.7021,三线及以下,中部,河南省,1.088281976503103,1.782889529330463,6477.323751926764,2,橙色(中度过度),0.872203846902237,2.0005859898185405
锦州市,1.0179404416622848,5164.3385873233565,5257.194565408606,5076.0,38449.5,1180.0715500000001,280.9487091222031,36.864000000000004,580.96095,三线及以下,东北,辽宁省,0.4784863926708092,1.3607132144451777,3963.086041741259,1,黄色(轻度过度),0.9137664449130412,1.8316648946716667
重庆市,1.0144796608976954,78921.8822996502,80194.28292878879,6835.5,55111.5,16728.93,3177.450235690236,36.864000000000004,16306.866849999999,新一线,西部,重庆市,0.974941853284438,0.9032444862814939,87455.71911746662,0,绿色(适度),1.0225518321726637,1.0329276675821226
南通市,1.0090244769286287,24363.456625637373,24514.731911161005,8477.75,88469.0,6458.29775,784.1297685185186,36.864000000000004,4593.98875,三线及以下,东部,江苏省,0.7113496791327061,0.5632195544792453,43292.297992427666,0,绿色(适度),0.977609494440225,0.5944172862652645
益阳市,0.9994337878478794,5684.623419772095,5656.3793105017085,3864.25,32274.0,1423.79605,396.8543803418803,36.864000000000004,1269.7406,三线及以下,中部,湖南省,0.892346277123345,1.3285955729803285,4275.895367863835,1,黄色(轻度过度),0.8966949979402552,1.6119044748557676
龙岩市,0.9927329343759528,8504.491976795905,8380.79227598211,8479.0,69608.5,1817.06025,268.0043149606299,36.864000000000004,2044.05315,三线及以下,东部,福建省,1.1235978628031853,0.8894513834257871,9539.830757157659,0,绿色(适度),0.7660130829950254,1.0317425058295047
徐州市,0.9875739268074961,22617.628153846184,22239.331158720466,6665.5,64178.0,5564.2002,904.8086663456909,36.864000000000004,4531.72445,二线,东部,江苏省,0.8139163327662338,0.7558962940608833,29911.823577164316,0,绿色(适度),0.9428826076710913,0.9462551594492322
清远市,0.985443870413375,5488.809277618632,5412.318741355278,3901.25,34764.0,1332.7837,376.00497772828504,36.864000000000004,620.79105,三线及以下,东部,广东省,0.466572772580807,1.2556435748522141,4388.66356065025,1,黄色(轻度过度),1.4825223444290512,1.1801363007917482
晋中市,0.9806487660860781,6397.901241987675,6240.5283342619705,5071.0,32040.0,1068.6098000000002,333.7926567164179,36.864000000000004,1344.1446,三线及以下,中部,山西省,1.257777216386271,1.9113746481717595,3341.292576953506,2,橙色(中度过度),0.840445888550701,1.9939062412300443
淮南市,0.9741169289073445,4860.308514354213,4715.842008584788,4268.5,27194.0,932.4608499999999,299.659628681178,36.864000000000004,937.33835,三线及以下,中部,安徽省,1.0057340642576604,2.0064932525715653,2420.124271254219,2,橙色(中度过度),0.8688221493125372,2.0398262043251316
承德市,0.9739640825102647,8103.233205613945,7885.3716540026235,6352.25,39623.0,1398.65095,336.4727690288714,36.864000000000004,1563.7327,三线及以下,东部,河北省,1.1178837778426434,1.6474434449054196,4912.496872065554,2,橙色(中度过度),0.9933902772406743,2.3244471671608804
运城市,0.9699425315335377,6971.247494086261,6730.132961367868,3775.0,22705.0,1198.18145,483.5953261927946,36.864000000000004,1427.19585,三线及以下,中部,山西省,1.1906678494754042,2.3955760553160994,2905.066021681762,2,橙色(中度过度),0.8378226901224819,2.391730608178496
蚌埠市,0.9652578447224898,6491.427108214122,6198.674488005176,5208.75,40061.0,1319.4389,322.8919793014231,36.864000000000004,1347.90075,三线及以下,中部,安徽省,1.0119868705074477,1.3692919333023026,4732.255873816379,1,黄色(轻度过度),0.7684703293833254,1.6385998316769939
巴中市,0.9640183301901722,4675.300108616235,4507.075003846154,4315.5,16415.0,544.6605,279.18956043956047,37.408,1185.2485,三线及以下,西部,四川省,2.1761234750821843,4.719083883438124,990.7219757259347,3,红色(严重过度),0.6202949386730614,5.523203860541446
泰安市,0.9614886398529052,14357.045142281655,13758.035766329107,6851.75,57758.5,3237.59,544.5018213660246,36.864000000000004,2758.92875,三线及以下,东部,山东省,0.8516016705185522,0.9454107738415134,15163.451023457257,0,绿色(适度),1.013390563087962,1.7523600502124463
宿迁市,0.9595137136999548,9541.837299880444,9118.486444905495,4974.75,46082.0,2238.6549999999997,497.0090617075233,36.864000000000004,1949.27495,三线及以下,东部,江苏省,0.8704563523593062,1.0332648258125356,9238.312868143741,1,黄色(轻度过度),1.037572138931925,1.1092571681581929
衡阳市,0.9564038789341999,9284.069506337146,8828.410906194687,3568.5,37279.0,2727.2953500000003,670.8288748419723,36.864000000000004,2204.0548,三线及以下,中部,湖南省,0.8085443298919857,0.9883439769408744,9379.646277631437,1,黄色(轻度过度),0.8543215772958775,1.275817193601865
乐山市,0.9528966618351424,5207.5969819258025,4939.044106172051,4169.0,41541.5,1353.9087,321.3452510760402,36.864000000000004,1007.063,三线及以下,西部,四川省,0.7432988765641149,1.0439411115662427,4985.090338468442,1,黄色(轻度过度),0.7691542901471581,1.1087834913101942
扬州市,0.9524107959496358,15254.925925164607,14457.287364570824,8467.25,94399.0,4233.110000000001,463.083300330033,36.864000000000004,3072.7522,三线及以下,东部,江苏省,0.7251720058718772,0.5417757048955321,28170.061489773812,0,绿色(适度),0.8734495139707809,0.608575270154048
嘉兴市,0.9523183502237309,15470.95671570929,14822.936322072173,7778.0,80409.0,3689.9586,515.6259239130435,36.864000000000004,2651.98675,二线,东部,浙江省,0.7185206555664883,0.6673431508578818,23212.274127689452,0,绿色(适度),1.0210724214756552,0.7012112864681644
长治市,0.9433030821040764,7084.308422132702,6645.42665397349,5695.0,36046.0,1232.9095,316.5247422680412,36.864000000000004,1477.96825,三线及以下,中部,山西省,1.198976778857378,1.7728295106995744,3989.6796029168195,2,橙色(中度过度),0.8126925693141465,1.6154248294450608
忻州市,0.9373743488471825,5198.305651453216,4828.825225187451,4851.75,22239.0,698.68565,270.10764705882355,36.864000000000004,1143.6466,三线及以下,中部,山西省,1.6370170324170075,3.3197605668686654,1562.7233784576567,3,红色(严重过度),0.6282223554351433,3.0046078731687147
盐城市,0.9367057752069015,17715.492686877653,16503.178339515325,6534.0,60788.5,4394.29,685.0517723076923,36.864000000000004,3627.8617,三线及以下,东部,江苏省,0.8245962484021025,0.8305881369847496,21309.530926935404,0,绿色(适度),0.8745082096713753,0.9246454541891644
宜春市,0.9297748393843128,8277.444031822066,7696.1591952,4106.5,32269.0,1781.952,501.0,37.408,1821.427,三线及以下,中部,江西省,1.0221526730237402,1.514397597156808,5465.832782198333,1,黄色(轻度过度),0.9647091960516397,1.4195452272652325
襄阳市,0.9256370595154186,12373.280654593482,11425.148229676262,5842.75,62991.0,3538.315,529.8343925233645,36.864000000000004,3055.2122,三线及以下,中部,湖北省,0.8634832534928,0.714656265539677,17274.771687579065,0,绿色(适度),0.7778143608321901,0.902811115055348
连云港市,0.9205443251389993,11423.611062419466,10493.808247674602,6198.0,50701.5,2268.56,458.9480787253983,36.864000000000004,2231.2557,三线及以下,东部,江苏省,0.9825522210452847,1.1492369599061942,9941.769391106818,1,黄色(轻度过度),0.8683672868509725,1.216278113243942
新乡市,0.9143060608425906,11349.758961817224,10390.094407512794,4666.0,36072.5,2070.9996,603.1782582582583,36.864000000000004,1967.0363,三线及以下,中部,河南省,0.9509514198744322,1.5275100445299918,7445.593148253509,1,黄色(轻度过度),0.8970695043205558,1.6943652065122425
柳州市,0.9112050062421566,10722.432471510476,9732.782613709835,6536.5,60862.0,2387.7782500000003,403.70407079646014,36.864000000000004,2194.57965,三线及以下,西部,广西壮族自治区,0.9181163040553159,0.9118092985657895,11743.400238644419,0,绿色(适度),0.7591806553772498,1.2895727384657767
岳阳市,0.9071722448318172,10896.876736165465,9885.344130402827,5187.0,54832.0,3100.872,509.4611307420495,37.408,2184.4198,三线及以下,中部,湖南省,0.7044533924650873,0.8074403284175514,13495.581472282327,0,绿色(适度),0.7925063218746901,0.9360530918446202
阜新市,0.903360723801178,2680.29205155615,2421.270567692308,3777.5,22956.0,407.8179,171.34615384615384,37.408,88.9792,三线及以下,东北,辽宁省,0.2181836550087674,2.7650891220900733,969.332970190188,2,橙色(中度过度),0.8763919969064806,2.327447412277032
钦州市,0.8949377214742682,4419.263232211168,3938.4160819546005,3321.25,31860.0,1023.2354,321.5485065710872,36.864000000000004,880.4943499999999,三线及以下,西部,广西壮族自治区,0.8603050565757275,1.3925895736921907,3192.9056305959,1,黄色(轻度过度),0.7319022815898564,1.4880874227378462
晋城市,0.8799985635320404,5620.731113375834,4925.309849107027,6163.0,45132.5,1044.7908,216.75081081081083,36.864000000000004,1150.25665,三线及以下,中部,山西省,1.100964885118228,1.4535821798637736,3863.7277850524706,1,黄色(轻度过度),0.7065953197931677,1.3878497567982178
许昌市,0.8745840607513463,9563.388542885843,8322.775011537657,5198.5,52342.0,2274.43475,434.05201171875,36.864000000000004,2097.4341999999997,三线及以下,中部,河南省,0.9207555729072556,0.9544624589543399,10006.554348886188,0,绿色(适度),0.6436546635524595,1.1852252256316635
娄底市,0.8743367141398246,5017.823354396207,4366.034386897896,3098.25,34751.0,1345.9009500000002,382.02447397563674,36.864000000000004,1154.15425,三线及以下,中部,湖南省,0.8575550891350305,1.1266078394080186,4445.9935729114295,1,黄色(轻度过度),0.9414921473610438,1.5679442177925782
黄冈市,0.8706406356865111,9076.732242146709,7855.5202037475865,3609.75,26317.5,1657.705,590.2475598086124,36.864000000000004,2000.025,三线及以下,中部,湖北省,1.2075250632445704,1.9967526774228777,4540.334027533599,2,橙色(中度过度),0.813045466009996,2.3027214634426376
池州市,0.8671016529839655,3206.103780634313,2766.375129895728,5589.5,39466.5,566.88,134.25306501547988,36.864000000000004,626.56205,三线及以下,中部,安徽省,1.1051743783141896,1.7165877453706124,1866.3846434050802,2,橙色(中度过度),0.8155300084584762,1.6687999206397428
拉萨市,0.8656510668452141,2385.0838730181013,2070.663418909474,6858.75,62013.5,400.84000000000003,81.68078947368421,36.864000000000004,541.0931,三线及以下,西部,西藏自治区,1.3485974664718667,1.1716484825562246,2034.3328956640103,1,黄色(轻度过度),0.8410212072230268,1.5171453143817113
德州市,0.8613578982801773,12606.436993628744,10814.326248877054,5293.5,49459.0,2841.965,554.0849121338913,36.864000000000004,2387.84445,三线及以下,东部,山东省,0.8393802344345759,1.0515047168720943,11974.817564221377,1,黄色(轻度过度),0.9281054084427919,1.4481480621205172
德阳市,0.8544125836689642,5632.464085293017,4792.50395938719,3675.5,47768.0,1678.7591,353.6843660130719,36.864000000000004,1027.09695,三线及以下,西部,四川省,0.6111145055472245,0.817020825390607,6896.4658417942455,0,绿色(适度),0.8726595295708581,0.8514775264670403
丹东市,0.8531642743138326,5344.011811558672,4559.386237227706,5505.0,36036.5,868.0679,224.67683982683985,36.864000000000004,431.82915,三线及以下,东北,辽宁省,0.4826949333103634,2.010823920354562,2787.971495081489,2,橙色(中度过度),0.9250768168083722,2.551715314131254
长春市,0.8526656430792253,25020.3270821373,21258.314616329517,6776.0,76379.0,5758.22725,850.9930323785804,36.864000000000004,4493.2576,二线,东北,吉林省,0.7804042400226464,0.693463256842879,36084.20835617659,0,绿色(适度),0.8117155503443145,1.1016923756825485
眉山市,0.8524673698518168,4952.1788835156985,4192.153978958712,3753.0,35803.0,1073.54745,303.0034553440703,36.864000000000004,973.3871999999999,三线及以下,西部,四川省,0.902086494084827,1.3677160738063399,3615.6853982533694,1,黄色(轻度过度),0.788975720089754,1.6894919770025345
九江市,0.8431570642325272,10368.59414145719,8687.777908511174,5173.5,41421.5,1999.4065,455.4263610315186,36.864000000000004,2274.2507,三线及以下,中部,江西省,1.1363883441088112,1.4141156602098062,7326.3606836241,1,黄色(轻度过度),0.6460440366862628,1.3543678240560493
中卫市,0.8382954367508517,2095.9847298950563,1757.054434570492,4426.0,29549.0,339.1289,106.12295081967213,37.408,362.2399,三线及以下,西部,宁夏回族自治区,1.068148128926789,2.309698664489594,907.4710749587045,2,橙色(中度过度),0.5967415857312863,2.3234705621543177
孝感市,0.8244835491640573,7950.438353711728,6516.771881620099,4145.0,31080.0,1516.9450000000002,426.3834347399411,36.864000000000004,1830.8907,三线及以下,中部,湖北省,1.2070520302140033,1.8078110193379984,4388.874751896551,2,橙色(中度过度),0.6278514048325786,1.8527674994653742
榆林市,0.8203943080261882,9772.10118892095,8016.976192846693,5958.0,81764.0,2773.054,359.70428015564204,37.408,1257.9817,三线及以下,西部,陕西省,0.4536448623070448,0.5807967833004107,16825.336279223913,0,绿色(适度),0.7773365033127754,0.42691209270594893
淮北市,0.818421941528178,4601.905640537648,3756.277772294064,5223.25,35742.0,779.71205,194.97602739726028,36.864000000000004,942.091,三线及以下,中部,安徽省,1.208463448978172,1.917773529511802,2395.645227221449,2,橙色(中度过度),0.6570220424047963,2.0050981490978574
安阳市,0.8108749284312866,9560.878838548204,7708.080558684445,3866.25,38215.5,1957.1651000000002,540.8020634920636,36.864000000000004,1952.9180000000001,三线及以下,中部,河南省,0.9968911739176485,1.3116520373420961,7281.2215262926275,1,黄色(轻度过度),0.8241118766161107,1.9691809731914276
日照市,0.8042931622680577,7908.509788729241,6325.132413792233,5992.25,60233.5,1736.645,286.40315533980583,36.864000000000004,1502.7919,三线及以下,东部,山东省,0.8645110483049787,0.9678194844728631,8166.496625613514,0,绿色(适度),0.854398329595238,1.3049208262151855
淮安市,0.8027123037726364,12043.552434246292,9627.394342024038,5637.25,59453.0,2896.545,463.13650224215246,36.864000000000004,2369.214,三线及以下,东部,江苏省,0.8171829438548305,0.8884277727626286,13567.878116572188,0,绿色(适度),0.7889215592451869,0.9550931849853264
西安市,0.8003527745106525,32382.83598906082,25875.220429687364,6455.75,69147.5,6029.1900000000005,1087.0630674846625,36.864000000000004,5091.96775,新一线,西部,陕西省,0.8457302912809406,0.8575185368113171,37786.73938691398,0,绿色(适度),1.150193992451092,0.9754359064563444
贵阳市,0.7854278950954243,15287.349983524728,11974.744300116472,5965.75,65387.5,3024.43005,543.9647308132876,36.864000000000004,3092.5886,二线,西部,贵州省,1.0203190284192798,0.8966060363334971,17035.289964661613,0,绿色(适度),0.7679013099729197,1.2109688201195563
西宁市,0.7798992045858097,5955.384444246593,4694.071806655166,5363.0,51476.5,1189.8935000000001,236.56395734597157,36.864000000000004,1322.0528,三线及以下,西部,青海省,1.1115100891399905,1.1743386991733966,5067.397330557984,1,黄色(轻度过度),0.8289895708639593,1.7751718434840824
舟山市,0.7584653161893838,6168.061866420985,4678.260993790674,10725.5,107463.0,1241.1989,116.60103626943004,37.408,1311.137,三线及以下,东部,浙江省,1.0563472139719103,0.7471493974562304,8255.459868429223,0,绿色(适度),0.7291537113466421,0.9548014934704167
黄山市,0.7451747028707891,3675.3847562233577,2732.5129576354366,5616.5,40349.5,553.8587,131.9690268456376,36.864000000000004,575.0947,三线及以下,中部,安徽省,1.0384333280072164,1.9603784122024184,1876.67765394764,2,橙色(中度过度),0.785063507468591,1.7984888731639628
鹤壁市,0.7426957375561063,3627.47848656094,2671.4051551649127,4662.0,46359.0,744.5210999999999,155.50345029239767,36.864000000000004,750.7411999999999,三线及以下,中部,河南省,1.0068363559022515,1.2922671364094613,2802.768113241252,1,黄色(轻度过度),0.7015801350191276,1.6275205743945758
六盘水市,0.7294795686327529,5857.344451591595,4223.982879201122,4008.75,43471.5,1257.3899999999999,286.1713884992987,36.864000000000004,1235.12745,三线及以下,西部,贵州省,0.9798916971243352,1.2315199819809788,4752.108204360955,1,黄色(轻度过度),0.5379743081432805,2.0985231600834213
大连市,0.7258232502044666,36657.34563461966,26603.168658169245,9795.5,104076.0,7270.91805,736.67680798005,36.864000000000004,2997.81745,二线,东北,辽宁省,0.40030189335971644,0.690590893822179,53576.04726551131,0,绿色(适度),0.909769119619085,0.9099252754764198
烟台市,0.7247303565649237,28247.881561074508,20450.14656797542,7770.75,95183.5,6685.86935,713.4245775729646,36.864000000000004,4982.18125,二线,东部,山东省,0.7444483619391284,0.6218286762245899,45405.90601919328,0,绿色(适度),0.6253964941650277,0.7837183656933056
辽阳市,0.7176393689287117,3920.024003733094,2813.164136032464,4597.75,45575.0,841.3788,166.01043478260868,36.864000000000004,326.0675,三线及以下,东北,辽宁省,0.3720416179519468,1.4479673746066801,3095.880491318514,1,黄色(轻度过度),0.6276026042135651,1.5810668664172323
泰州市,0.7105825489923672,14103.776327269738,10154.809377532394,5943.75,83904.5,3894.84,461.93581488933603,36.864000000000004,2924.8082,三线及以下,东部,江苏省,0.7499093124527183,0.6004045877303142,23499.64812092737,0,绿色(适度),0.8065272412518857,0.682272255036488
长沙市,0.7094857524910934,33596.4062623336,23893.9943517804,6996.25,119782.5,8933.520799999998,924.3111882510011,36.864000000000004,6528.3066,新一线,中部,湖南省,0.7315329552133515,0.42133890615394076,79743.17979566337,0,绿色(适度),0.7241961856791023,0.6156293512477568
枣庄市,0.7043812019918719,8744.283604124292,6127.4296544039535,4459.75,53838.0,2086.81815,372.72614117647055,36.864000000000004,1707.21645,三线及以下,东部,山东省,0.817638482996596,0.9614550211182459,9081.039594154214,0,绿色(适度),0.8379840942036728,1.8110332687412618
三明市,0.7036394516828743,9462.001748293675,6598.805761071668,7253.75,70619.5,1786.9337500000001,246.89041666666668,36.864000000000004,2026.8712,三线及以下,东部,福建省,1.1335537039893375,1.0298169220330013,9175.961933203662,1,黄色(轻度过度),0.5414033666626994,1.1260450195026135
梧州市,0.701855359249843,5330.775238642925,3721.271893445424,3667.5,37588.0,1127.1172000000001,275.1969491525424,36.864000000000004,1107.01285,三线及以下,西部,广西壮族自治区,0.9816336259936449,1.436847989400281,3706.823649104528,1,黄色(轻度过度),0.658202890142711,2.212457101631833
株洲市,0.7015514692425002,9619.516067739387,6703.762055501377,4615.75,60371.0,2411.7808999999997,393.86583229036296,36.864000000000004,2143.9536,三线及以下,中部,湖南省,0.887186378375453,0.8334297139893497,11513.792252300855,0,绿色(适度),0.5587083456165683,1.1188774929732737
黄石市,0.7009228130473415,6223.075466631237,4350.019309535239,4845.25,51543.0,1266.8249999999998,243.36738095238096,36.864000000000004,1351.3809,三线及以下,中部,湖北省,1.0677572646618865,1.170003482725902,5310.047653621675,1,黄色(轻度过度),0.5556372028659137,1.4046978840285946
唐山市,0.6932308040347905,25506.494079135773,17620.995019911563,6157.75,79818.5,6228.9637999999995,776.0777173191773,36.864000000000004,4759.490949999999,三线及以下,东部,河北省,0.7637026759670332,0.6816382970920369,37367.58763118326,0,绿色(适度),0.6968750664990965,0.8843266912529693
呼和浩特市,0.6893232353025938,10574.611156755933,7314.572257523811,6032.0,102363.5,3132.0550000000003,328.2839285714286,36.864000000000004,1733.9027500000002,二线,西部,内蒙古自治区,0.5532083158185266,0.48076652280160737,21973.9240762205,0,绿色(适度),0.9564617063335454,0.8694703511370306
漯河市,0.688447257815546,4653.818685275361,3200.9098224251684,3639.0,39562.5,1037.3876500000001,238.34921348314606,36.864000000000004,984.5239,三线及以下,中部,河南省,0.9476432820213997,1.3343668086386553,3483.209009061153,1,黄色(轻度过度),0.6201329577349829,1.3917724448404167
南平市,0.6864494876133063,8699.254114146679,5971.598529273934,5873.0,55009.0,1457.7378,271.81042654028437,37.408,1694.3968,三线及以下,东部,福建省,1.1623467539910126,1.3239306439556873,6570.777822737554,1,黄色(轻度过度),0.6223175891790229,1.6032896684651754
郴州市,0.6863405240252731,9893.376107580258,6755.941931633102,3905.5,44686.5,2108.09695,469.0012818096136,36.864000000000004,2248.17215,三线及以下,中部,湖南省,1.0669491262383821,1.1814336522990643,8366.214458508992,1,黄色(轻度过度),0.6389333907117282,1.6864797077326443
莱芜市,0.6805901227302831,3537.016053153825,2401.67981024,5062.25,50455.0,684.2950000000001,128.66,36.864000000000004,627.3734999999999,三线及以下,东部,山东省,0.9171578428183189,1.3255940219965898,2665.667220798454,1,黄色(轻度过度),0.6835018170499831,1.0750933665742402
庆阳市,0.6749920288347044,6559.068712623546,4427.3190976000005,5429.0,26734.0,597.8324,218.00000000000003,37.408,1313.376,三线及以下,西部,甘肃省,2.1968966553167744,4.091328338758799,1603.1636108221505,3,红色(严重过度),0.6347295335799295,4.390155806548859
铁岭市,0.6665303858671062,5443.148111610104,3626.5113895955246,3938.0,25031.5,664.4712999999999,249.80846153846153,36.864000000000004,259.8644,三线及以下,东北,辽宁省,0.3721857680030292,3.327801278561507,1688.59632041726,3,红色(严重过度),0.6820586724153069,3.440385351595247
白城市,0.6656044013444524,3636.295905049764,2411.0471966631017,4050.0,35731.5,699.9106999999999,161.4942513368984,36.864000000000004,694.492,三线及以下,东北,吉林省,0.9922420033392267,1.7840781083840125,2037.4078776693043,2,橙色(中度过度),0.5892803338519216,3.655756114152511
洛阳市,0.6651635793566466,18870.664979083213,12498.38221308163,4903.75,54051.0,3644.5674,691.1207080828324,36.864000000000004,3809.8247,三线及以下,中部,河南省,1.0441597705581789,1.1064742837089574,17052.088596083075,1,黄色(轻度过度),0.6966446075501896,1.34568589480634
宜昌市,0.6611514014023858,13945.693119844924,9170.326643274148,6130.0,86169.0,3547.08,405.7507317073171,36.864000000000004,3056.2640499999998,三线及以下,中部,湖北省,0.8616920571615272,0.6479043662976949,21499.135540788553,0,绿色(适度),0.5214327160956491,0.8332739847962071
常州市,0.6513588813904371,21153.88187754187,13838.396440250453,7351.25,117471.0,5523.504999999999,509.45510996119015,36.864000000000004,3502.02185,二线,东部,江苏省,0.6344794748010721,0.48345529409930854,43834.18303887658,0,绿色(适度),0.8562959441075121,0.5218791907923065
淄博市,0.6507206399322678,15200.764789664438,9863.70902888848,5720.25,91911.0,4271.125,467.5271889400922,36.864000000000004,2915.68855,三线及以下,东部,山东省,0.6819713385201955,0.5515419115600155,27526.160441419444,0,绿色(适度),0.6731479237730219,1.006390735620114
无锡市,0.6495883134565645,30130.651505200083,19644.515015174853,7505.0,136098.0,8864.14,708.5534381139489,36.864000000000004,4841.12465,二线,东部,江苏省,0.5471890554213995,0.38096300951722745,79182.68861541728,0,绿色(适度),0.7926896232827574,0.41441541556901607
镇江市,0.6443278271194763,13522.60561233838,8660.415273826171,7242.75,115477.0,3668.16,324.38302973977693,36.864000000000004,2707.25025,三线及以下,东部,江苏省,0.737498676361563,0.49732948303287344,27182.891730610376,0,绿色(适度),0.5457881367259133,0.6985976440881793
滨州市,0.6387178791074505,10728.557404315678,6840.789345011321,4802.5,62467.0,2412.71555,386.1138490566038,36.864000000000004,2073.40465,三线及以下,东部,山东省,0.8590316616805963,0.9037892663310862,11853.044616217692,0,绿色(适度),0.7082592753260949,1.3591872513019791
潍坊市,0.6318033445520159,25472.63780663091,16048.264043524963,4745.75,57549.5,5170.55,916.8839445048966,36.864000000000004,4814.61915,三线及以下,东部,山东省,0.9311613405851977,0.9960735102380611,25535.395934644912,1,黄色(轻度过度),0.613439847995419,1.3408826029884964
大同市,0.6230852601550061,6356.327807143809,3943.895303439748,3450.0,30517.5,1039.5832500000001,310.107570977918,36.864000000000004,1179.0871499999998,三线及以下,中部,山西省,1.1348220794409105,2.1368419102946192,2979.3694445742644,2,橙色(中度过度),0.6511013335291154,2.177261763220983
牡丹江市,0.6226147221397373,5959.201728717011,3694.456446276923,4167.5,48487.0,1339.40905,240.46153846153848,36.864000000000004,1163.9152,三线及以下,东北,黑龙江省,0.8685191379311312,1.1828929129201242,5029.922845740824,1,黄色(轻度过度),0.5502943314274058,3.0260894252709902
大庆市,0.621988608231802,8461.524337027226,5263.413839852941,5066.0,102401.5,2796.7309,281.8225,36.864000000000004,559.674,三线及以下,东北,黑龙江省,0.20114722892993356,0.4494371759556979,19098.91097624484,0,绿色(适度),0.6441757830322921,0.5830670637711488
北海市,0.6191711809997897,4789.819287607992,2946.559680158678,4534.5,58414.0,949.36685,176.31570247933888,36.864000000000004,965.73215,三线及以下,西部,广西壮族自治区,1.0180612959807402,1.0751137360177314,4463.914525486392,1,黄色(轻度过度),0.541046634808496,1.268424294117872
四平市,0.6182293444115898,4932.814211135171,3049.61049585427,3663.0,36732.0,1193.8035,222.55787476280835,37.408,884.19,三线及以下,东北,吉林省,0.7406495290054017,1.501384900980469,3285.509403960191,1,黄色(轻度过度),0.6476303963759221,3.8831599289485417
芜湖市,0.6148295937368529,13570.941761853319,8335.090587895116,6229.25,70653.5,2578.38095,362.55571979434444,36.864000000000004,2858.0457,三线及以下,中部,安徽省,1.1081976420133899,0.992231872191923,13669.931212536809,1,黄色(轻度过度),0.5795585846825899,1.0995302577013366
随州市,0.6095913614041268,4464.871267020319,2721.746954157085,3548.0,38801.0,852.18,205.06882591093117,37.408,974.2661,三线及以下,中部,湖北省,1.143263277711282,1.5655520792992361,2851.946815476659,1,黄色(轻度过度),0.5624263993001343,1.8264999522644259
咸阳市,0.5974703077044202,13579.516641847622,7962.012586444337,4714.5,45721.0,2273.4399999999996,458.7137349397591,36.864000000000004,3305.29075,三线及以下,西部,陕西省,1.4511284442581813,1.541030750546657,8796.340710376899,1,黄色(轻度过度),0.5183426329036246,2.383100918182371
沈阳市,0.5970352959343788,38896.73232517976,23220.676040326834,7213.0,77313.5,6409.37745,873.254352399737,36.864000000000004,3478.8327499999996,二线,东北,辽宁省,0.51327379118103,1.0348607325638863,39382.11382777244,1,黄色(轻度过度),0.7503573214875344,1.2575057731146249
银川市,0.5937105694984927,7810.308960475832,4641.636448759415,4958.75,71941.0,1555.78305,253.3750731707317,36.864000000000004,1618.10345,三线及以下,西部,宁夏回族自治区,1.0393992223675033,0.8743552586281436,8922.589447708782,0,绿色(适度),0.5181672407840311,1.2553092184719266
呼伦贝尔市,0.5849727473928256,6716.978834625092,3929.249563070099,4571.5,64140.0,1620.85,229.76633663366337,37.408,982.327,三线及以下,西部,内蒙古自治区,0.6060566986457723,0.8931373604749651,7520.655984039278,0,绿色(适度),0.4893244297112846,1.616420461794869
通辽市,0.5775536972591685,8872.470375036624,5129.171777708734,4795.5,61273.5,1913.3259,289.8927056962025,36.864000000000004,1382.08455,三线及以下,西部,内蒙古自治区,0.7216827492851337,1.009828991309889,8778.658066766806,1,黄色(轻度过度),0.6334262695895833,2.3682572533394004
抚顺市,0.5757103781129723,5693.629341754281,3277.881501176471,4470.0,41741.0,865.0721,196.02941176470588,37.408,157.1218,三线及以下,东北,辽宁省,0.1816285602090276,1.8653871171306586,3052.2508113555705,2,橙色(中度过度),0.578078024496131,2.01050520926734
景德镇市,0.5675875418265356,3874.684394979761,2191.408189768421,3736.75,49102.5,806.10205,159.02999999999997,36.864000000000004,737.2601500000001,三线及以下,中部,江西省,0.9137988152944103,1.2263338162218544,3158.8308728022384,1,黄色(轻度过度),0.6891823547560243,1.6302101067984522
巴彦淖尔市,0.5591109425239398,5309.041777280947,2968.011919616185,5170.5,53740.0,901.405,155.64682080924854,36.864000000000004,699.5929,三线及以下,西部,内蒙古自治区,0.775696708138067,1.4508302417258094,3657.6082116522334,1,黄色(轻度过度),0.4717440154877334,1.9971073151364753
荆门市,0.5550937688289699,6355.169314326421,3500.0756320019404,3600.0,50235.0,1454.73,263.7241941074523,36.864000000000004,1468.0201,三线及以下,中部,湖北省,1.0092436326827663,1.1007372381254958,5765.4764797753905,1,黄色(轻度过度),0.4386127454169045,1.33447656811386
焦作市,0.5462901032349923,10077.904441094985,5461.20450050749,4206.5,56886.5,2010.57905,352.321288590604,36.864000000000004,2038.9798500000002,三线及以下,中部,河南省,1.0125900305867606,1.0912258041018723,9227.640120330901,1,黄色(轻度过度),0.46171428869511716,1.7510860666331547
本溪市,0.5388257333636876,4641.49139177967,2500.9550030769237,4828.5,44745.0,766.7098,138.46153846153848,37.408,234.9774,三线及以下,东北,辽宁省,0.3064750183185346,1.8157960845374832,2556.1743586213006,2,橙色(中度过度),0.5193403252468658,1.6906345921935473
广元市,0.5381025784882174,3821.857843123179,2056.55156,2317.5,25072.0,660.01,237.22222222222223,37.408,583.3526,三线及以下,西部,四川省,0.8838541840275148,2.3378837198285907,1634.7510403140968,2,橙色(中度过度),1.048089420433023,2.0279635681113626
湘潭市,0.5230317979546812,8167.914963414193,4262.544748286375,4171.0,63188.0,1784.94205,276.96352014010506,36.864000000000004,1871.80935,三线及以下,中部,湖南省,1.049166599579967,0.9494538760790956,8591.45656279985,0,绿色(适度),0.39749821958620174,1.238290724582384
攀枝花市,0.5145208660748208,3697.3335373092,1891.3077993251852,4134.25,78649.5,969.9339,124.17064814814816,36.864000000000004,637.4108,三线及以下,西部,四川省,0.6573366181468248,0.7073811528661549,5233.582926940539,0,绿色(适度),0.462413810422854,0.9784214173878681
鞍山市,0.5083350851096865,10937.232023717781,5560.287963497177,4421.0,52621.0,1899.4839499999998,341.3976225854384,36.864000000000004,1020.8755,三线及以下,东北,辽宁省,0.49748969382412944,1.5307722010187987,8243.816946670077,1,黄色(轻度过度),0.47973033798226694,1.8718719036867457
松原市,0.4759280617708713,7571.96983642568,3595.2826628665453,4262.5,59127.0,1644.49505,228.73080438756858,36.864000000000004,1351.0928,三线及以下,东北,吉林省,0.8214289529264732,1.1098985750020127,6817.103456890645,1,黄色(轻度过度),0.43121488871475455,3.9197896212770247
咸宁市,0.46989515120772185,6045.7550547606415,2820.2114506981943,2876.0,42630.5,1069.0,265.9800985221675,36.864000000000004,1393.9535500000002,三线及以下,中部,湖北省,1.3041982377481451,1.4653882027225067,4117.261953756621,1,黄色(轻度过度),0.3933794451763646,1.7911763279504487
吉林市,0.4502932001882459,15583.395140041946,7024.2213562307625,5048.0,56947.0,2423.8475500000004,377.22712530712533,36.864000000000004,2673.8963000000003,三线及以下,东北,吉林省,1.1026658506616185,1.4840702348610861,10489.265922405932,1,黄色(轻度过度),0.4854662000511358,3.9297718058413293
朔州市,0.4493135489996992,4734.458654843333,2127.2564208,3576.5,52010.0,918.064,159.0,37.408,637.6804,三线及以下,中部,山西省,0.694592533853849,1.3111547689172742,3610.90755041295,1,黄色(轻度过度),0.3448035052933445,1.32451549097843
威海市,0.4400591787678775,14097.984282829013,6189.497211653802,5791.75,110571.0,3106.885,289.72368421052636,36.864000000000004,2711.5384000000004,三线及以下,东部,山东省,0.8719223990283556,0.6307591501053,22327.145275526706,0,绿色(适度),0.49248035195017686,1.0638923727183252
萍乡市,0.4298444558632905,5787.9469422617385,2476.023663872481,3717.0,50231.5,955.33115,180.7006015037594,36.864000000000004,1094.8027000000002,三线及以下,中部,江西省,1.145104197649828,1.5274784266821024,3789.622239352435,1,黄色(轻度过度),0.4122842015518318,2.3923838731651137
宝鸡市,0.42904416108250676,11228.501578507941,4753.661050432,3791.0,49413.5,1859.884,340.20704,36.864000000000004,2853.0292,三线及以下,西部,陕西省,1.530795972709464,1.5197207370034223,7363.9372822480855,1,黄色(轻度过度),0.311012630096036,2.031236928435571
马鞍山市,0.41948737676758596,9393.986913231347,3912.2819013741796,4908.75,63317.5,1429.53305,216.2363238512035,36.864000000000004,1962.2262,三线及以下,中部,安徽省,1.3721862743424116,1.398822722857279,6709.319018735849,1,黄色(轻度过度),0.3755403601975954,1.4583697549052193
防城港市,0.4125435068511895,3454.1314900244274,1424.9795180198018,3777.5,73188.0,676.0383,100.84158415841584,37.408,600.1408,三线及以下,西部,广西壮族自治区,0.8877319524648233,0.9595194648192024,3599.8555700746238,0,绿色(适度),0.44465719620195676,1.3137122962913466
辽源市,0.4085397987281827,3732.4189454161933,1520.2573077056277,3956.0,61667.5,745.94445,104.24242424242425,36.864000000000004,628.3999,三线及以下,东北,吉林省,0.8419424991016502,1.1957369409596215,3119.192876155521,1,黄色(轻度过度),0.37351915377053885,3.1272864166986194
鄂州市,0.3705054909923128,3743.480254667923,1393.67363103,3535.25,71952.0,763.915,106.69339285714287,36.864000000000004,829.73605,三线及以下,中部,湖北省,1.086937294070487,0.9719893678112361,3847.4385719728507,0,绿色(适度),0.3433878096612441,1.1743796996535718
乌海市,0.3613604211811741,2340.875128590505,845.8996224,4038.0,102725.0,572.2261,56.0,37.408,165.1212,三线及以下,西部,内蒙古自治区,0.2885593649083814,0.6621547805209971,3535.238583868044,0,绿色(适度),0.39149561282236495,0.8634045559004024
酒泉市,0.3596847961461827,5891.704969289437,2119.156700832323,4724.0,51721.0,577.9341,119.91919191919192,37.408,1215.6817,三线及以下,西部,甘肃省,2.10349536391779,2.4098885468224966,2444.8039213505576,2,橙色(中度过度),0.26658367281644463,3.250569553674299
三门峡市,0.3317100251215297,8559.554359531036,2839.2899916291394,3680.0,58894.0,1325.8631,206.2516556291391,37.408,1773.1244,三线及以下,中部,河南省,1.3373359587426483,1.4757281377906755,5800.224404710216,1,黄色(轻度过度),0.33208831337880956,1.9586074215773333
通化市,0.3090621469339862,5708.201823173692,1767.1831494964704,3549.5,44075.0,974.40215,134.92470588235295,36.864000000000004,1014.8772999999999,三线及以下,东北,吉林省,1.043764617294691,2.0809131469745785,2754.7096793080573,2,橙色(中度过度),0.342220292888953,4.205431906107973
包头市,0.3079018663061194,18687.543084118777,5745.074343106282,5764.25,134137.0,3794.7799999999997,270.3119376391983,36.864000000000004,2769.36485,三线及以下,西部,内蒙古自治区,0.7291081817053184,0.6298056087384432,29649.46233560019,0,绿色(适度),0.33697400565008023,1.2153798856594569
东营市,0.30069856952509566,16129.530003491904,4843.240561936969,6191.5,163981.0,3465.12,212.15348484848482,36.864000000000004,2778.61105,三线及以下,东部,山东省,0.8022632896462114,0.5146955169654629,31323.27110787594,0,绿色(适度),0.27849833765552445,0.8922854042834679
克拉玛依市,0.2971644500819298,2715.976102342098,807.0898357257144,5000.25,134160.5,625.2144000000001,43.787619047619046,36.864000000000004,250.86405,三线及以下,西部,新疆维吾尔自治区,0.40067291627091606,0.6223094479202564,4366.885824782334,0,绿色(适度),0.2656691637511088,0.47550570929205527
石嘴山市,0.2823683866671249,3022.2979017703688,853.4013825503358,3021.5,64880.0,513.5744,75.503355704698,37.408,510.0571,三线及以下,西部,宁夏回族自治区,0.9931513330882537,1.3071464961957837,2312.1340343765805,1,黄色(轻度过度),0.22327959785644522,1.6596591956977789
盘锦市,0.27613815210171333,6852.89956049858,1892.7561700935908,3910.25,78730.5,1131.8364000000001,131.2731274131274,36.864000000000004,792.2409,三线及以下,东北,辽宁省,0.6897585250908657,1.213700289153715,5844.7696049471615,1,黄色(轻度过度),0.2561011034517559,1.3782211888142284
营口市,0.2083770988627503,7448.575829780411,1552.1126220688454,1754.0,47358.0,1156.2477,236.5533769063181,37.408,410.1911,三线及以下,东北,辽宁省,0.3547605759561728,1.639990563628906,4541.840663581928,2,橙色(中度过度),0.5182812745982828,1.623032299892483
鄂尔多斯市,0.18109717692208754,18692.939752705686,3379.8384144962915,4413.5,211325.5,4322.03205,207.67513677811547,36.864000000000004,2893.62255,三线及以下,西部,内蒙古自治区,0.6690312904308447,0.401779612023291,46494.48508568198,0,绿色(适度),0.23645970186038287,0.662738286217977
滁州市,0.1756738133616434,7986.232421958002,1402.9719039577558,941.0,35301.0,1422.8257,398.56105610561053,37.408,1699.2134,三线及以下,中部,安徽省,1.1942526762062282,1.6686443616745523,4786.060232716991,2,橙色(中度过度),0.7350175580492574,1.2828582064987455
铜陵市,0.14492962160267206,4614.418403292076,607.4254827105881,2789.0,58673.5,934.45,94.32000000000001,36.864000000000004,1129.90195,三线及以下,中部,安徽省,1.2081322991747623,1.591886149866336,3052.3308347455113,1,黄色(轻度过度),0.47855936978405156,1.7277015718387863
