iso3,country_name,year,bis_hpi_nominal,bis_hpi_real,bis_price_to_income,bis_price_to_rent,pwt_capital_services,pwt_capital_stock,pwt_depreciation_rate,pwt_employment_mil,pwt_hc,pwt_investment_share,pwt_labor_share,pwt_pop_mil,pwt_real_gdp,pwt_real_return_rate,pwt_tfp_level,pwt_tfp_national,un_aging_rate,un_birth_rate,un_death_rate,un_dependency_ratio,un_life_expectancy,un_old_dependency_ratio,un_pop_0_14_pct,un_pop_15_64_pct,un_pop_65plus_pct,un_pop_growth_rate,un_tfr,un_total_pop,un_urban_pct,un_working_age_pct,wb_agriculture_pct_gdp,wb_gdp_constant_usd,wb_gdp_current_usd,wb_gfcf_current_usd,wb_gfcf_pct_gdp,wb_gov_consumption_pct_gdp,wb_industry_pct_gdp,wb_pop_65plus_pct,wb_services_pct_gdp,wb_total_pop,wb_urban_pct,wb_urban_pop,wb_working_age_pct
CHN,China,1950,,,,,,,,,,,,,,,,,,,,,,,,,,,,,,,,,,,,,,,,,,,
CHN,China,1951,,,,,,,,,,,,,,,,,,,,,,,,,,,,,,,,,,,,,,,,,,,
CHN,China,1952,,,,,,310991,0.0417729,239.774,1.11707,0.160902,0.592169,579.577,557468,0.189851,,,,,,,,,,,,,,,,,,,,,,,,,,,,,
CHN,China,1953,,,,,,334353,0.0441324,245.702,1.13035,0.163229,0.592169,589.317,630467,0.214846,,,,,,,,,,,,,,,,,,,,,,,,,,,,,
CHN,China,1954,,,,,,360668,0.0466214,251.468,1.14378,0.168202,0.592169,599.943,586751,0.202331,,,,,,,,,,,,,,,,,,,,,,,,,,,,,
CHN,China,1955,,,,,,383670,0.0485701,257.114,1.15738,0.164101,0.592169,612.053,641581,0.197887,,,,,,,,,,,,,,,,,,,,,,,,,,,,,
CHN,China,1956,,,,,0.00420953,411125,0.050164,264.73,1.17162,0.167732,0.592169,624.568,695460,0.207278,0.63495,1.09968,,,,,,,,,,,,,,,,,,,,,,,,,,,
CHN,China,1957,,,,,0.00453968,440888,0.0517002,273.17,1.18604,0.173988,0.592169,638.77,718725,0.19934,0.620984,1.0829,,,,,,,,,,,,,,,,,,,,,,,,,,,
CHN,China,1958,,,,,0.00514648,494695,0.0538445,293.514,1.20064,0.193644,0.592169,652.377,739635,0.21394,0.584879,1.01793,,,,,,,,,,,,,,,,,,,,,,,,,,,
CHN,China,1959,,,,,0.006052,574450,0.056884,305.385,1.21541,0.223556,0.592169,660.091,724461,0.184541,0.502266,0.898059,,,,,,,,,,,,,,,,,,,,,,,,,,,
CHN,China,1960,,,,,0.00677621,639094,0.0591646,295.659,1.23037,0.201319,0.592169,656.369,689787,0.156549,0.455704,0.831036,3.96597,20.86,25.43,79.5326,33.419,7.1202,40.3338,55.7002,3.96597,,4.451,6.6707e+08,19.7456,55.7002,23.125,1.61023e+11,5.98462e+10,1.94952e+10,32.5754,12.6315,44.2951,3.96597,32.5799,6.6707e+08,19.7456,1.31717e+08,55.7002
CHN,China,1961,,,,,0.00681875,647245,0.0592108,285.94,1.25271,0.169241,0.592169,650.326,558305,0.122075,0.390878,0.680107,3.88207,18.02,14.24,78.05,40.158,6.91203,39.9539,56.164,3.88207,-1.01553,3.863,6.6033e+08,19.2943,56.164,35.7195,1.17112e+11,5.01623e+10,9.50639e+09,18.9513,14.4789,31.8649,3.88207,32.4156,6.6033e+08,19.2943,1.27406e+08,56.164
CHN,China,1962,,,,,0.00669636,640185,0.0578912,280.995,1.27546,0.147972,0.592169,659.034,591366,0.122203,0.417295,0.721153,3.82382,37.01,10.02,77.8864,50.959,6.80205,39.9605,56.2156,3.82382,0.820456,6.085,6.6577e+08,17.325,56.2156,38.9027,1.10577e+11,4.73107e+10,7.3076e+09,15.446,12.8789,31.2441,3.82382,29.8446,6.6577e+08,17.325,1.15344e+08,56.2156
CHN,China,1963,,,,,0.00675089,648232,0.0567069,282.138,1.29862,0.159852,0.592169,680.165,677433,0.126385,0.458553,0.815634,3.75536,43.37,10.04,79.6946,51.67,6.74818,40.5947,55.65,3.75536,2.45765,7.513,6.82335e+08,16.8363,55.65,39.7714,1.21967e+11,5.08122e+10,9.00368e+09,17.7195,13.7181,33.0002,3.75536,27.2284,6.82335e+08,16.8363,1.1488e+08,55.65
CHN,China,1964,,,,,0.00697331,670632,0.0559501,287.754,1.32221,0.160123,0.592169,702.172,771683,0.151951,0.502946,0.894824,3.68682,39.14,11.5,81.453,52.343,6.68985,41.2025,55.1107,3.68682,2.32068,6.672,6.98355e+08,18.3,55.1107,37.9575,1.4414e+11,5.98219e+10,1.21002e+10,20.227,12.8539,35.2618,3.68682,26.7807,6.98355e+08,18.3,1.27799e+08,55.1107
CHN,China,1965,,,,,0.00738325,709838,0.0555852,292.88,1.34622,0.172139,0.592169,721.825,857507,0.170865,0.52284,0.945395,3.64517,37.88,9.5,82.1605,53.001,6.64006,41.4582,54.8966,3.64517,2.38137,6.605,7.15185e+08,17.9837,54.8966,37.4799,1.68572e+11,7.0566e+10,1.45397e+10,20.6044,11.9445,35.0276,3.64517,27.4925,7.15185e+08,17.9837,1.28617e+08,54.8966
CHN,China,1966,,,,,0.00795268,764008,0.0553679,301.52,1.36638,0.181328,0.592169,742.361,885351,0.170292,0.49821,0.920182,3.6322,35.05,8.83,82.2988,53.662,6.62146,41.5128,54.855,3.6322,2.78733,6.307,7.354e+08,17.8597,54.855,37.1142,1.86525e+11,7.68541e+10,1.67435e+10,21.7861,12.241,37.8118,3.6322,25.074,7.354e+08,17.8597,1.3134e+08,54.855
CHN,China,1967,,,,,0.0082413,792163,0.0550574,315.205,1.38685,0.163463,0.592169,761.947,889345,0.158003,0.492735,0.885687,3.64154,33.96,8.43,81.5471,54.401,6.61111,41.2763,55.0821,3.64154,2.5707,5.806,7.5455e+08,17.7404,55.0821,39.7352,1.75762e+11,7.30114e+10,1.32481e+10,18.1452,11.0604,33.8266,3.64154,26.4326,7.5455e+08,17.7404,1.3386e+08,55.0821
CHN,China,1968,,,,,0.00850929,819100,0.05458,329.189,1.40763,0.165524,0.592169,782.963,865986,0.142328,0.450564,0.823291,3.66098,35.59,8.21,80.832,55.191,6.62022,41.0391,55.3,3.66098,2.6109,6.508,7.7451e+08,17.6204,55.3,41.5646,1.68556e+11,7.09803e+10,1.23039e+10,17.3342,11.2911,31.0518,3.66098,27.3835,7.7451e+08,17.6204,1.36472e+08,55.3
CHN,China,1969,,,,,0.0088747,854370,0.0541557,345.002,1.42871,0.169023,0.592169,805.648,953460,0.158546,0.46984,0.858847,3.68274,34.11,8.03,80.6285,55.988,6.65207,40.955,55.3623,3.68274,2.74,6.175,7.96025e+08,17.4995,55.3623,37.4523,1.9711e+11,7.98478e+10,1.67243e+10,20.9453,11.894,35.3564,3.68274,27.1913,7.96025e+08,17.4995,1.393e+08,55.3623
CHN,China,1970,,,,,0.00965106,928409,0.0539168,360.956,1.45012,0.189144,0.592169,827.601,1.08534e+06,0.166858,0.501793,0.92443,3.70781,33.43,7.6,80.1832,56.824,6.68085,40.7931,55.4991,3.70781,2.76168,6.085,8.18315e+08,17.38,55.4991,34.7421,2.35152e+11,9.27529e+10,2.23545e+10,24.1011,11.1019,40.2076,3.70781,25.0504,8.18315e+08,17.38,1.42223e+08,55.4991
CHN,China,1971,,,,,0.0105039,1.00991e+06,0.0536698,375.93,1.47785,0.192886,0.592169,848.76,1.18246e+06,0.155231,0.501865,0.939369,3.73902,30.65,7.32,79.8351,57.731,6.72408,40.6545,55.6065,3.73902,2.74692,5.523,8.41105e+08,17.2606,55.6065,33.5785,2.51754e+11,9.9959e+10,2.47967e+10,24.8069,11.9839,41.8522,3.73902,24.5692,8.41105e+08,17.2606,1.45179e+08,55.6065
CHN,China,1972,,,,,0.011346,1.08968e+06,0.0534094,386.572,1.50612,0.159413,0.592169,869.486,1.17358e+06,0.137449,0.446717,0.878802,3.77367,29.77,7.61,79.1204,58.579,6.75942,40.398,55.8284,3.77367,2.45736,5.112,8.6203e+08,17.1318,55.8284,32.3646,2.61345e+11,1.13872e+11,2.79984e+10,24.5876,12.1533,42.699,3.77367,24.9364,8.6203e+08,17.1318,1.47681e+08,55.8284
CHN,China,1973,,,,,0.0122416,1.17415e+06,0.0532388,395.443,1.53492,0.198283,0.592169,889.485,1.26132e+06,0.130024,0.448181,0.893429,3.81799,27.93,7.04,78.4685,59.496,6.8139,40.1497,56.0323,3.81799,2.2834,4.726,8.8194e+08,17.2008,56.0323,32.8733,2.81626e+11,1.38764e+11,3.36447e+10,24.246,11.6207,42.7552,3.81799,24.3715,8.8194e+08,17.2008,1.51701e+08,56.0323
CHN,China,1974,,,,,0.0132863,1.27204e+06,0.0530979,407.258,1.56428,0.169977,0.592169,908.464,1.29935e+06,0.112878,0.456563,0.865034,3.88122,24.82,7.34,78.7119,60.241,6.9362,40.1628,55.956,3.88122,2.06596,4.17,9.0035e+08,17.164,55.956,33.3733,2.88131e+11,1.44418e+11,3.82932e+10,26.5155,12.1919,42.3628,3.88122,24.2638,9.0035e+08,17.164,1.54536e+08,55.956
CHN,China,1975,,,,,0.0145584,1.39113e+06,0.0529375,419.792,1.5942,0.175348,0.592169,926.241,1.39171e+06,0.100891,0.442812,0.867026,3.95162,23.01,7.32,79.201,60.952,7.08133,40.2451,55.8033,3.95162,1.76639,3.571,9.16395e+08,17.3447,55.8033,31.9022,3.13256e+11,1.63688e+11,4.74728e+10,29.0021,11.8451,45.2879,3.95162,22.8131,9.16395e+08,17.3447,1.58946e+08,55.8033
CHN,China,1976,,,,,0.0156706,1.4998e+06,0.052541,431.858,1.62361,0.140737,0.592169,942.685,1.34988e+06,0.0805427,0.387449,0.794036,4.01662,19.91,7.25,79.5415,61.225,7.21151,40.2859,55.6974,4.01662,1.54734,3.235,9.30685e+08,17.4365,55.6974,32.3056,3.08338e+11,1.54197e+11,4.46997e+10,28.9887,12.8173,44.9626,4.01662,22.7352,9.30685e+08,17.4365,1.62279e+08,55.6974
CHN,China,1977,,,,,0.0168395,1.61065e+06,0.0520513,442.638,1.65356,0.17421,0.592169,957.891,1.42877e+06,0.0749497,0.384268,0.795833,4.08643,18.93,6.87,78.2814,62.458,7.28534,39.8225,56.0911,4.08643,1.36278,2.844,9.43455e+08,17.5511,56.0911,28.9427,3.31679e+11,1.75227e+11,4.92009e+10,28.0785,12.6866,46.6241,4.08643,24.4363,9.43455e+08,17.5511,1.65587e+08,56.0911
CHN,China,1978,,,,,0.0184583,1.74892e+06,0.0520318,454.203,1.68407,0.220151,0.592169,972.205,1.59476e+06,0.0739685,0.410919,0.833793,4.17897,18.25,6.25,74.6563,63.102,7.29883,38.5657,57.2553,4.17897,1.33818,2.716,9.56165e+08,17.9152,57.2553,27.6396,3.69245e+11,1.49789e+11,4.38753e+10,29.2915,13.0428,47.6312,4.17897,24.7286,9.56165e+08,17.9152,1.71299e+08,57.2553
CHN,China,1979,,,,,0.0201108,1.88781e+06,0.052354,467.56,1.71366,0.216535,0.592169,986.132,1.71978e+06,0.0692679,0.403596,0.844883,4.28919,17.82,6.21,70.9756,63.704,7.33347,37.2229,58.4879,4.28919,1.33393,2.745,9.69005e+08,18.9611,58.4879,30.6528,3.97276e+11,1.78574e+11,5.05451e+10,28.3049,13.9219,46.877,4.28919,22.4703,9.69005e+08,18.9611,1.83734e+08,58.4879
CHN,China,1980,,,,,0.0219056,2.05013e+06,0.0523518,484.669,1.73744,0.189725,0.592169,1000.09,1.80473e+06,0.0715836,0.389851,0.831547,4.3953,18.21,6.34,68.0452,64.243,7.38609,36.0969,59.5078,4.3953,1.25422,2.739,9.81235e+08,19.3911,59.5078,29.5816,4.28399e+11,1.91488e+11,5.45934e+10,28.5102,13.9021,47.9728,4.3953,22.4471,9.81235e+08,19.3911,1.90272e+08,59.5078
CHN,China,1981,,,,,0.0235257,2.20138e+06,0.0518759,504.652,1.75907,0.191086,0.592169,1014.02,1.8616e+06,0.0671873,0.367853,0.807611,4.49085,20.91,6.36,65.4586,64.778,7.43049,35.0711,60.4381,4.49085,1.28095,2.792,9.93885e+08,20.1565,60.4381,31.2594,4.50302e+11,1.96218e+11,5.33887e+10,27.2088,13.3375,45.8879,4.49085,22.8528,9.93885e+08,20.1565,2.00332e+08,60.4381
CHN,China,1982,,,,,0.0254127,2.3732e+06,0.0513948,529.559,1.78097,0.183027,0.592169,1027.95,2.0317e+06,0.0675596,0.374483,0.824118,4.57769,22.28,6.6,63.4952,65.249,7.48431,34.2584,61.1639,4.57769,1.47267,2.972,1.00863e+09,20.5655,61.1639,32.7233,4.91096e+11,2.05481e+11,5.79161e+10,28.1857,13.3721,44.5357,4.57769,22.7394,1.00863e+09,20.5655,2.0743e+08,61.1639
CHN,China,1983,,,,,0.0275906,2.56452e+06,0.0512479,543.172,1.80315,0.180566,0.592169,1042.43,2.17826e+06,0.0724562,0.376934,0.835667,4.66049,20.19,6.9,61.272,65.728,7.51606,33.3325,62.007,4.66049,1.44495,2.559,1.02331e+09,21.6236,62.007,32.5056,5.43778e+11,2.3113e+11,6.50012e+10,28.1232,14.1218,44.1438,4.66049,23.3502,1.02331e+09,21.6236,2.21276e+08,62.007
CHN,China,1984,,,,,0.0303259,2.78838e+06,0.0516183,557.972,1.8256,0.201315,0.592169,1058.17,2.41497e+06,0.0761375,0.396819,0.871078,4.74878,19.9,6.82,58.692,66.148,7.53593,32.2361,63.0151,4.74878,1.31207,2.607,1.03682e+09,23.0143,63.0151,31.4796,6.26609e+11,2.60443e+11,7.6219e+10,29.2652,15.235,42.8492,4.74878,25.6719,1.03682e+09,23.0143,2.38618e+08,63.0151
CHN,China,1985,,,,,0.0337152,3.06235e+06,0.0525771,573.328,1.84833,0.264024,0.592169,1075.59,2.60235e+06,0.0841553,0.422337,0.878263,4.84681,21.04,6.78,56.4681,66.532,7.58372,31.2424,63.9108,4.84681,1.3617,2.633,1.05104e+09,23.7069,63.9108,27.8824,7.10797e+11,3.10065e+11,9.4181e+10,30.3747,14.3727,42.6329,4.84681,29.4847,1.05104e+09,23.7069,2.49169e+08,63.9108
CHN,China,1986,,,,,0.0372148,3.35577e+06,0.0534736,587.223,1.86939,0.240781,0.592169,1095.01,2.7806e+06,0.0848102,0.40923,0.882462,4.94425,22.43,6.86,54.6969,66.887,7.64859,30.4132,64.6426,4.94425,1.4874,2.721,1.06679e+09,24.5249,64.6426,26.5897,7.74308e+11,3.0131e+11,9.31134e+10,30.9028,14.0094,43.4347,4.94425,29.9754,1.06679e+09,24.5249,2.61629e+08,64.6426
CHN,China,1987,,,,,0.0409499,3.6671e+06,0.0540429,599.65,1.8907,0.242965,0.592169,1116.1,3.00849e+06,0.0887119,0.410106,0.900601,5.0311,23.33,6.72,53.4915,67.263,7.72232,29.8187,65.1502,5.0311,1.60361,2.76,1.08404e+09,25.3193,65.1502,26.2745,8.64346e+11,2.73455e+11,8.34163e+10,30.5046,13.2616,43.242,5.0311,30.4835,1.08404e+09,25.3193,2.7447e+08,65.1502
CHN,China,1988,,,,,0.0452323,4.02525e+06,0.0545945,617.746,1.91224,0.27248,0.592169,1137.72,3.14203e+06,0.0947436,0.409019,0.881168,5.12239,22.37,6.64,52.551,67.607,7.81426,29.3258,65.5518,5.12239,1.61007,2.539,1.10163e+09,25.8147,65.5518,25.1945,9.61348e+11,3.12889e+11,9.69946e+10,30.9997,12.648,43.4501,5.12239,31.3559,1.10163e+09,25.8147,2.84382e+08,65.5518
CHN,China,1989,,,,,0.0479486,4.2808e+06,0.0545615,641.051,1.93404,0.294749,0.592169,1158.36,3.15367e+06,0.0955009,0.392397,0.838932,5.2325,21.58,6.54,51.9302,67.93,7.94975,28.9478,65.8197,5.2325,1.53317,2.52,1.11865e+09,26.2102,65.8197,24.5683,1.00179e+12,3.48381e+11,8.90497e+10,25.561,13.3411,42.4213,5.2325,33.0105,1.11865e+09,26.2102,2.93201e+08,65.8197
CHN,China,1990,,,,,0.0503891,4.50729e+06,0.0540136,660.477,1.95608,0.261476,0.592169,1176.88,3.16527e+06,0.0965607,0.366761,0.804932,5.34516,21.06,6.67,51.8442,68.155,8.11631,28.7979,65.857,5.34516,1.4673,2.514,1.13518e+09,26.1957,65.857,26.5327,1.04127e+12,3.6156e+11,8.65653e+10,23.9422,13.8242,40.9532,5.34516,32.5142,1.13518e+09,26.1957,2.9737e+08,65.857
CHN,China,1991,,,,,0.0536981,4.79266e+06,0.0537629,675.503,1.9912,0.260646,0.592169,1192.9,3.30048e+06,0.101218,0.369509,0.798176,5.4527,19.68,6.7,51.75,68.61,8.27448,28.6494,65.8979,5.4527,1.36443,1.934,1.15078e+09,26.9402,65.8979,23.963,1.13875e+12,3.8451e+11,1.00101e+11,26.0334,14.1653,41.3647,5.4527,34.6724,1.15078e+09,26.9402,3.10023e+08,65.8979
CHN,China,1992,,,,,0.0590428,5.22194e+06,0.0541794,682.741,2.02695,0.26758,0.592169,1206.71,3.55638e+06,0.104965,0.374169,0.813217,5.57662,18.27,6.64,51.4658,69.059,8.44667,28.4019,66.0215,5.57662,1.22554,1.776,1.16497e+09,27.4599,66.0215,21.2499,1.30159e+12,4.28502e+11,1.3119e+11,30.6159,14.5925,42.9557,5.57662,35.7944,1.16497e+09,27.4599,3.19899e+08,66.0215
CHN,China,1993,,,,,0.0669468,5.84443e+06,0.0553766,688.579,2.06334,0.244456,0.566813,1218.82,3.92096e+06,0.111361,0.393659,0.836789,5.72653,18.09,6.64,51.2375,69.492,8.66066,28.1523,66.1212,5.72653,1.14962,1.691,1.17844e+09,27.9901,66.1212,19.2285,1.48289e+12,4.46557e+11,1.66614e+11,37.3108,14.5079,45.9877,5.72653,34.7839,1.17844e+09,27.9901,3.29846e+08,66.1212
CHN,China,1994,,,,,0.0754891,6.53749e+06,0.0566417,693.914,2.10038,0.262789,0.561034,1230.02,4.25633e+06,0.129602,0.392924,0.847858,5.88533,17.7,6.49,50.8754,69.835,8.87952,27.8348,66.2799,5.88533,1.13026,1.628,1.19184e+09,28.5098,66.2799,19.3847,1.67674e+12,5.6693e+11,1.96693e+11,34.6945,14.2435,45.9507,5.88533,34.6646,1.19184e+09,28.5098,3.3979e+08,66.2799
CHN,China,1995,,,,,0.0841662,7.28713e+06,0.0569494,699.202,2.13809,0.302967,0.567351,1240.92,4.65719e+06,0.137846,0.402964,0.869077,6.05307,17.12,6.57,50.3467,70.363,9.10059,27.434,66.5129,6.05307,1.08651,1.588,1.20486e+09,29.0404,66.5129,19.4981,1.86174e+12,7.38191e+11,2.40857e+11,32.6281,13.4546,46.5158,6.05307,33.9861,1.20486e+09,29.0404,3.49894e+08,66.5129
CHN,China,1996,,,,,0.0935646,8.11057e+06,0.0564799,705.633,2.17208,0.304358,0.588391,1251.64,4.99073e+06,0.13172,0.390987,0.873996,6.22505,16.98,6.56,49.6471,70.823,9.3156,26.9511,66.8239,6.22505,1.04814,1.554,1.21755e+09,30.4799,66.8239,19.2192,2.04747e+12,8.68524e+11,2.77142e+11,31.9096,13.3454,46.8453,6.22505,33.9355,1.21755e+09,30.4799,3.71108e+08,66.8239
CHN,China,1997,,,,,0.103591,8.97976e+06,0.055985,713.376,2.20662,0.29036,0.58853,1262,5.275e+06,0.130688,0.379099,0.866998,6.40107,16.57,6.51,48.6758,71.227,9.51684,26.3385,67.2604,6.40107,1.02345,1.527,1.23008e+09,31.91,67.2604,17.7815,2.23763e+12,9.67754e+11,3.02425e+11,31.2502,13.906,46.7997,6.40107,35.4189,1.23008e+09,31.91,3.92516e+08,67.2604
CHN,China,1998,,,,,0.115837,1.00037e+07,0.0555113,721.142,2.2417,0.276769,0.592413,1271.98,5.306e+06,0.124286,0.345454,0.814296,6.60295,15.64,6.5,47.7933,71.601,9.75871,25.735,67.6621,6.60295,0.95955,1.522,1.24194e+09,33.3502,67.6621,17.0255,2.41486e+12,1.03713e+12,3.42979e+11,33.0699,15.097,45.4411,6.60295,37.5335,1.24194e+09,33.3502,4.14187e+08,67.6621
CHN,China,1999,,,,,0.128749,1.10632e+07,0.0548741,728.701,2.27733,0.269053,0.606277,1281.51,5.57319e+06,0.112236,0.335654,0.802408,6.81451,14.64,6.46,47.032,71.952,10.0195,25.1731,68.0124,6.81451,0.865851,1.53,1.25274e+09,34.7797,68.0124,15.9216,2.6017e+12,1.10384e+12,3.60681e+11,32.675,16.5121,44.9555,6.81451,39.1228,1.25274e+09,34.7797,4.35698e+08,68.0124
CHN,China,2000,,,,,0.142542,1.21852e+07,0.0541414,735.723,2.31354,0.269803,0.591962,1290.55,5.96225e+06,0.11367,0.345896,0.809721,7.01748,14.03,6.45,46.1167,72.288,10.2537,24.5441,68.4384,7.01748,0.787957,1.628,1.26264e+09,36.432,68.4384,14.5273,2.8251e+12,1.22375e+12,3.99521e+11,32.6472,16.9835,45.0738,7.01748,40.3989,1.26264e+09,36.432,4.60007e+08,68.4384
CHN,China,2001,,,,,0.158123,1.34733e+07,0.0534421,742.676,2.32968,0.298042,0.588033,1299.13,6.37092e+06,0.11351,0.357354,0.818219,7.21352,13.38,6.43,44.9693,72.675,10.4574,23.8064,68.9801,7.21352,0.726381,1.563,1.27185e+09,37.6597,68.9801,13.8221,3.05994e+12,1.35504e+12,4.53394e+11,33.4599,16.5656,44.2765,7.21352,41.9013,1.27185e+09,37.6597,4.78975e+08,68.9801
CHN,China,2002,,,,,0.176131,1.49602e+07,0.0528632,748.695,2.34594,0.300244,0.603283,1307.35,6.96982e+06,0.10146,0.362951,0.84579,7.40163,12.86,6.41,43.5337,73.034,10.6238,22.9283,69.6701,7.40163,0.67,1.566,1.2804e+09,39.0898,69.6701,13.1295,3.34278e+12,1.48982e+12,5.21257e+11,34.9879,16.2233,43.8758,7.40163,42.9947,1.2804e+09,39.0898,5.00506e+08,69.6701
CHN,China,2003,,,,,0.199697,1.68049e+07,0.0528995,753.55,2.36232,0.331531,0.598128,1315.3,7.49691e+06,0.0975671,0.367806,0.853513,7.57963,12.41,6.4,42.091,73.385,10.77,22.0429,70.3774,7.57963,0.622861,1.57,1.2884e+09,40.5302,70.3774,12.1758,3.68101e+12,1.6839e+12,6.41309e+11,38.0847,15.4631,44.9828,7.57963,42.8415,1.2884e+09,40.5302,5.22192e+08,70.3774
CHN,China,2004,,,,,0.227185,1.89065e+07,0.0535966,758.614,2.3788,0.354524,0.572884,1323.08,8.22581e+06,0.102094,0.384503,0.873572,7.73725,12.29,6.42,40.6938,73.727,10.8858,21.1864,71.0763,7.73725,0.593933,1.605,1.29608e+09,41.76,71.0763,12.7288,4.05394e+12,1.9842e+12,7.80792e+11,39.3505,14.7769,45.2328,7.73725,42.0383,1.29608e+09,41.76,5.41241e+08,71.0763
CHN,China,2005,,,,,0.257956,2.12655e+07,0.0544477,763.212,2.3954,0.341904,0.568219,1330.78,9.01976e+06,0.102442,0.39892,0.894588,7.88963,12.4,6.51,39.2449,74.085,10.9859,20.2945,71.8159,7.88963,0.588125,1.624,1.30372e+09,42.99,71.8159,11.4828,4.51846e+12,2.31755e+12,9.1011e+11,39.2703,14.98,46.3816,7.88963,42.1356,1.30372e+09,42.99,5.60469e+08,71.8159
CHN,China,2006,,,,,0.290957,2.39252e+07,0.0549245,767.209,2.40446,0.354197,0.557359,1338.41,9.98232e+06,0.10889,0.409701,0.936786,8.05386,12.09,6.81,38.2094,74.404,11.1312,19.5922,72.354,8.05386,0.558374,1.644,1.31102e+09,44.343,72.354,10.4759,5.09115e+12,2.7915e+12,1.07533e+12,38.5216,15.033,46.8865,8.05386,42.6377,1.31102e+09,44.343,5.81346e+08,72.354
CHN,China,2007,,,,,0.325572,2.68984e+07,0.0546209,771.038,2.41355,0.38732,0.553082,1345.99,1.09768e+07,0.112936,0.423656,0.982747,8.21259,12.1,6.93,37.7081,74.789,11.3094,19.1701,72.6174,8.21259,0.522272,1.666,1.31788e+09,45.8892,72.6174,10.0934,5.81155e+12,3.60406e+12,1.35768e+12,37.671,14.8436,46.1852,8.21259,43.7213,1.31788e+09,45.8892,6.04767e+08,72.6174
CHN,China,2008,,,,,0.365414,3.02158e+07,0.0542731,774.456,2.42267,0.420865,0.552076,1353.57,1.16162e+07,0.106731,0.420111,0.988537,8.35535,12.14,7.06,37.4043,74.833,11.4806,18.8667,72.7779,8.35535,0.512387,1.701,1.32466e+09,46.9895,72.7779,10.01,6.37354e+12,4.66735e+12,1.81107e+12,38.8031,14.7289,46.2364,8.35535,43.7536,1.32466e+09,46.9895,6.22449e+08,72.7779
CHN,China,2009,,,,,0.419028,3.45138e+07,0.0546635,777.627,2.43183,0.453718,0.552655,1361.17,1.25779e+07,0.101348,0.413341,1.00051,8.49818,11.95,7.08,37.2567,75.317,11.6643,18.6457,72.8562,8.49818,0.497381,1.714,1.33126e+09,48.3417,72.8562,9.473,6.97283e+12,5.18958e+12,2.25278e+12,43.4098,14.9932,45.1789,8.49818,45.3482,1.33126e+09,48.3417,6.43554e+08,72.8562
CHN,China,2010,85.1259,,,,0.479354,3.93112e+07,0.0553934,781.036,2.44102,0.466178,0.548255,1368.81,1.39473e+07,0.101207,0.422073,1.03072,8.66147,11.9,7.11,37.2411,75.668,11.8871,18.474,72.8645,8.66147,0.48296,1.687,1.3377e+09,49.234,72.8645,9.1665,7.71169e+12,6.19256e+12,2.69502e+12,43.5202,14.8378,45.7066,8.66147,45.1269,1.3377e+09,49.234,6.58606e+08,72.8645
CHN,China,2011,,,,,0.542249,4.44213e+07,0.0558376,784.713,2.47547,0.468842,0.549983,1376.5,1.49184e+07,0.100215,0.424157,1.03062,8.85917,13.27,7.14,37.3649,75.889,12.1694,18.342,72.7988,8.85917,0.546458,1.668,1.34504e+09,51.83,72.7988,9.03385,8.44132e+12,7.67176e+12,3.3384e+12,43.5154,15.5115,45.8002,8.85917,45.1659,1.34504e+09,51.83,6.97132e+08,72.7988
CHN,China,2012,,,,,0.610161,4.99211e+07,0.056045,788.293,2.5104,0.452707,0.56034,1384.21,1.5416e+07,0.0924209,0.432645,0.998783,9.0892,14.57,7.13,37.7156,76.2,12.5172,18.2974,72.6134,9.0892,0.678345,1.798,1.35419e+09,53.1003,72.6134,8.96506,9.10448e+12,8.67366e+12,3.80546e+12,43.8737,15.9048,44.6821,9.0892,46.3529,1.35419e+09,53.1003,7.19079e+08,72.6134
CHN,China,2013,,,,,0.682163,5.58711e+07,0.056061,791.643,2.54583,0.456621,0.571144,1391.88,1.65624e+07,0.0866026,0.424788,1.01338,9.35627,13.03,7.13,38.2393,76.452,12.934,18.3054,72.3383,9.35627,0.666073,1.714,1.36324e+09,54.49,72.3383,8.78442,9.8127e+12,9.74312e+12,4.29433e+12,44.0755,15.9463,43.3939,9.35627,47.8217,1.36324e+09,54.49,7.42829e+08,72.3383
CHN,China,2014,,,,,0.756439,6.21202e+07,0.0557859,794.646,2.57462,0.452933,0.578006,1399.45,1.77117e+07,0.0834523,0.42485,1.02807,9.6662,13.83,7.12,38.8789,76.714,13.4243,18.3286,72.0052,9.6662,0.630326,1.769,1.37186e+09,55.7503,72.0052,8.48243,1.05449e+13,1.06745e+13,4.63065e+12,43.3803,15.8783,42.2827,9.6662,49.2349,1.37186e+09,55.7503,7.64815e+08,72.0052
CHN,China,2015,,,,,0.834253,6.87917e+07,0.055293,797.335,2.59903,0.431055,0.583169,1406.85,1.83794e+07,0.0863965,0.427585,1.01854,10.0534,11.99,7.07,39.6094,76.975,14.0355,18.3181,71.6284,10.0534,0.581456,1.67,1.37986e+09,57.3298,71.6284,8.22401,1.12808e+13,1.12808e+13,4.6947e+12,41.6167,16.2578,40.0476,10.0534,51.7284,1.37986e+09,57.3298,7.91071e+08,71.6284
CHN,China,2016,,,,,0.915517,7.58963e+07,0.0546073,798.53,2.62367,0.429898,0.586253,1414.05,1.91324e+07,0.086299,0.427597,1.01451,10.4908,13.57,7.04,40.4407,77.214,14.7333,18.3047,71.2045,10.4908,0.573051,1.772,1.38779e+09,58.8399,71.2045,7.90065,1.20452e+13,1.1456e+13,4.7062e+12,41.0806,16.4005,38.8112,10.4908,53.2882,1.38779e+09,58.8399,8.16575e+08,71.2045
CHN,China,2017,,,,,1,8.33492e+07,0.0538306,799.186,2.64854,0.424956,0.586253,1421.02,1.96872e+07,0.0834834,0.436117,1,10.981,12.64,7.06,41.5109,77.235,15.5393,18.3531,70.6659,10.981,0.605245,1.795,1.39622e+09,60.2403,70.6659,7.32839,1.28752e+13,1.25376e+13,5.19287e+12,41.4185,16.5018,39.1299,10.981,53.5417,1.39622e+09,60.2403,8.41084e+08,70.6659
CHN,China,2018,,,,,1.08986,9.13225e+07,0.053067,799.307,2.67364,0.448935,0.586253,1427.65,1.98413e+07,0.0803883,0.413476,0.967129,11.5162,10.86,7.08,42.5409,77.709,16.4153,18.3285,70.1553,11.5162,0.467672,1.539,1.40276e+09,61.5002,70.1553,6.91714,1.37452e+13,1.41478e+13,5.99588e+12,42.3804,16.8365,38.9777,11.5162,54.1052,1.40276e+09,61.5002,8.627e+08,70.1553
CHN,China,2019,,,,,1.18228,9.96087e+07,0.0523188,798.808,2.69899,0.454168,0.586253,1433.78,2.05726e+07,0.0773613,0.403457,0.964573,12.0614,10.41,7.09,43.3874,77.94,17.2945,18.1975,69.7412,12.0614,0.354741,1.496,1.40774e+09,62.7099,69.7412,7.00622,1.45793e+13,1.45602e+13,6.15172e+12,42.2503,17.151,37.7642,12.0614,55.2296,1.40774e+09,62.7099,8.82796e+08,69.7412
CHN,China,2020,,,,,,,,,,,,,,,,,12.6452,8.52,7.07,44.0924,78.019,18.2208,17.9548,69.3999,12.6452,0.238041,1.236,1.4111e+09,63.5234,69.3999,7.54018,1.49205e+13,1.49964e+13,6.27591e+12,41.8494,17.6038,36.9116,12.6452,55.5483,1.4111e+09,63.5234,8.96379e+08,69.3999
CHN,China,2021,,,,,,,,,,,,,,,,,13.2057,7.52,7.18,44.4828,78.117,19.08,17.5819,69.2124,13.2057,0.0892522,1.117,1.41236e+09,64.7211,69.2124,7.08935,1.61992e+13,1.82017e+13,7.52679e+12,41.3521,16.3512,38.0925,13.2057,54.8182,1.41236e+09,64.7211,9.14095e+08,69.2124
CHN,China,2022,,,,,,,,,,,,,,,,,13.7819,6.77,7.37,44.7256,78.202,19.946,17.1218,69.0963,13.7819,-0.0130995,1.034,1.41218e+09,65.2176,69.0963,7.14789,1.67069e+13,1.83168e+13,7.55254e+12,41.2329,16.6627,37.8945,13.7819,54.9576,1.41218e+09,65.2176,9.20987e+08,69.0963
CHN,China,2023,,,,,,,,,,,,,,,,,14.3161,6.39,7.87,44.7297,77.953,20.7196,16.5896,69.0943,14.3161,-0.103795,0.999,1.41071e+09,65.5301,69.0943,6.88952,1.76115e+13,1.82704e+13,7.39117e+12,40.4544,17.1891,36.7725,14.3161,56.338,1.41071e+09,65.5301,9.2444e+08,69.0943
CHN,China,2024,,,,,,,,,,,,,,,,,14.6653,,,44.2441,,21.1538,16.0078,69.3269,14.6653,-0.123063,,1.40898e+09,65.8947,69.3269,,,,,,,,,,,,,
CHN,China,2025,,137.166,,,,,,,,,,,,,,,,,,,,,,,,,,,,,,,,,,,,,,,,,
GBR,United Kingdom,1950,,,,,,1.61924e+06,0.0269709,23.2079,2.4345,0.149979,0.551432,50.0742,609157,0.229749,,,,,,,,,,,,,,,,,,,,,,,,,,,,,
GBR,United Kingdom,1951,,,,,,1.72806e+06,0.0287603,23.5532,2.44469,0.206941,0.551432,50.2371,635156,0.191501,,,,,,,,,,,,,,,,,,,,,,,,,,,,,
GBR,United Kingdom,1952,,,,,,1.7958e+06,0.0301391,23.5402,2.45493,0.174101,0.551432,50.3769,640130,0.187533,,,,,,,,,,,,,,,,,,,,,,,,,,,,,
GBR,United Kingdom,1953,,,,,,1.87818e+06,0.0309203,23.653,2.4652,0.185788,0.551432,50.5398,669659,0.190289,,,,,,,,,,,,,,,,,,,,,,,,,,,,,
GBR,United Kingdom,1954,,,,,0.114216,1.96295e+06,0.0316607,23.9873,2.47552,0.187427,0.551432,50.7116,689563,0.192115,0.763658,0.785988,,,,,,,,,,,,,,,,,,,,,,,,,,,
GBR,United Kingdom,1955,,,,,0.120909,2.06507e+06,0.0324549,24.2467,2.48588,0.203771,0.551432,50.8924,709619,0.18375,0.742065,0.782294,,,,,,,,,,,,,,,,,,,,,,,,,,,
GBR,United Kingdom,1956,,,,,0.127294,2.16318e+06,0.033274,24.4622,2.4986,0.208073,0.551432,51.1301,716726,0.178475,0.732671,0.768841,,,,,,,,,,,,,,,,,,,,,,,,,,,
GBR,United Kingdom,1957,,,,,0.133931,2.26384e+06,0.0340767,24.4912,2.51139,0.217419,0.551432,51.3759,725624,0.173762,0.723492,0.762419,,,,,,,,,,,,,,,,,,,,,,,,,,,
GBR,United Kingdom,1958,,,,,0.139497,2.34977e+06,0.0347885,24.2267,2.52424,0.21106,0.551432,51.5976,727962,0.16788,0.726968,0.759287,,,,,,,,,,,,,,,,,,,,,,,,,,,
GBR,United Kingdom,1959,,,,,0.145962,2.44912e+06,0.0354075,23.7098,2.53716,0.226699,0.551432,51.9013,750904,0.171549,0.725718,0.772479,,,,,,,,,,,,,,,,,,,,,,,,,,,
GBR,United Kingdom,1960,,,,,0.154742,2.58079e+06,0.0361708,24.1319,2.55014,0.250929,0.551432,52.3169,782240,0.164856,0.721415,0.775885,11.6955,17.5,11.5,53.9505,71.1268,18.0053,23.3486,64.9559,11.6955,,2.69,5.24e+07,78.5503,64.9559,,8.02958e+11,7.3234e+10,,,17.5684,,11.6955,,5.24e+07,78.5503,4.11604e+07,64.9559
GBR,United Kingdom,1961,,,,,0.163465,2.71298e+06,0.0368677,24.4054,2.57157,0.242859,0.551432,52.7514,799092,0.163911,0.719841,0.772489,11.7591,17.9,12,54.0482,70.878,18.1147,23.3262,64.9147,11.7591,0.76046,2.78,5.28e+07,78.3664,64.9147,,8.24649e+11,7.7742e+10,,,17.5939,,11.7591,,5.28e+07,78.3664,4.13775e+07,64.9147
GBR,United Kingdom,1962,,,,,0.170574,2.82634e+06,0.0371201,24.58,2.58992,0.224224,0.551432,53.2359,813156,0.163718,0.711513,0.773005,11.8041,18.3,11.9,53.9202,70.9268,18.1688,23.2272,64.9687,11.8041,0.848661,2.86,5.325e+07,78.1875,64.9687,,8.33709e+11,8.12476e+10,,,17.912,,11.8041,,5.325e+07,78.1875,4.16348e+07,64.9687
GBR,United Kingdom,1963,,,,,0.178267,2.94515e+06,0.0370987,24.6089,2.6084,0.226413,0.551432,53.5686,844607,0.159049,0.717072,0.785387,11.8998,18.5,12.2,54.0581,70.8268,18.3326,23.1896,64.9106,11.8998,0.748366,2.88,5.365e+07,77.993,64.9106,,8.74223e+11,8.6562e+10,,,17.2148,,11.8998,,5.365e+07,77.993,4.18432e+07,64.9106
GBR,United Kingdom,1964,,,,,0.190472,3.13029e+06,0.0372571,24.8973,2.62701,0.270936,0.551432,53.9342,892023,0.160172,0.721726,0.796863,12.0565,18.8,11.3,54.59,71.6244,18.6382,23.2563,64.6872,12.0565,0.650258,2.93,5.4e+07,77.7928,64.6872,,9.23135e+11,9.44076e+10,,,16.8118,,12.0565,,5.4e+07,77.7928,4.20081e+07,64.6872
GBR,United Kingdom,1965,,,,,0.201866,3.30625e+06,0.0374935,25.1508,2.64576,0.265323,0.551432,54.2928,912768,0.15789,0.712744,0.791944,12.2185,18.3,11.6,55.2889,71.6244,18.974,23.3854,64.3961,12.2185,0.642469,2.86,5.4348e+07,77.595,64.3961,,9.428e+11,1.01825e+11,,,17.6088,,12.2185,,5.4348e+07,77.595,4.21714e+07,64.3961
GBR,United Kingdom,1966,,,,,0.21261,3.47161e+06,0.0375324,25.3015,2.66464,0.257438,0.551432,54.5855,930549,0.153166,0.710348,0.795504,12.374,17.9,11.8,56.0291,71.5732,19.307,23.5354,64.0906,12.374,0.551303,2.78,5.46485e+07,77.4073,64.0906,,9.57578e+11,1.08573e+11,,,17.9595,,12.374,,5.46485e+07,77.4073,4.23019e+07,64.0906
GBR,United Kingdom,1967,,,,,0.224325,3.65394e+06,0.0374908,24.9392,2.68365,0.266266,0.551432,54.9012,951294,0.150755,0.720331,0.79986,12.5438,17.5,11.2,56.8454,72.1244,19.6744,23.6991,63.757,12.5438,0.538544,2.68,5.49436e+07,77.2379,63.757,,9.84158e+11,1.13117e+11,,,18.7741,,12.5438,,5.49436e+07,77.2379,4.24373e+07,63.757
GBR,United Kingdom,1968,,,,,0.237362,3.85668e+06,0.0375138,24.7886,2.7028,0.274037,0.551432,55.1559,1.01946e+06,0.14854,0.72668,0.836994,12.7249,17.2,11.9,57.6923,71.7244,20.0661,23.8605,63.4147,12.7249,0.486768,2.6,5.52117e+07,77.0946,63.4147,,1.03802e+12,1.0776e+11,,,18.2075,,12.7249,,5.52117e+07,77.0946,4.25652e+07,63.4147
GBR,United Kingdom,1969,,,,50.1785,0.24929,4.04619e+06,0.0375414,24.8045,2.72208,0.27057,0.551432,55.4026,1.01056e+06,0.144443,0.726383,0.810416,12.9077,16.6,11.9,58.4651,71.722,20.4541,23.987,63.1054,12.9077,0.415803,2.51,5.54418e+07,76.9853,63.1054,,1.05815e+12,1.16465e+11,,,17.6794,,12.9077,,5.54418e+07,76.9853,4.2682e+07,63.1054
GBR,United Kingdom,1970,,,,49.3786,0.260977,4.22748e+06,0.0375919,24.7007,2.74151,0.269827,0.551432,55.5735,1.03131e+06,0.140479,0.746391,0.818822,13.1064,16.2,11.8,59.1296,71.9732,20.8562,24.0518,62.8418,13.1064,0.398722,2.44,5.56632e+07,76.9182,62.8418,,1.08681e+12,1.30672e+11,3.1332e+10,23.9776,17.7217,,13.1064,,5.56632e+07,76.9182,4.28151e+07,62.8418
GBR,United Kingdom,1971,,,,50.5705,0.272624,4.40758e+06,0.0376645,24.4375,2.76375,0.255597,0.551432,55.7485,1.06745e+06,0.135922,0.763213,0.842459,13.3107,16.1,11.5,59.6519,72.2732,21.2508,24.053,62.6363,13.3107,0.417667,2.41,5.58962e+07,76.9023,62.6363,,1.10859e+12,1.48114e+11,3.56217e+10,24.0502,18.0635,,13.3107,,5.58962e+07,76.9023,4.29855e+07,62.6363
GBR,United Kingdom,1972,,,,61.0365,0.283617,4.57745e+06,0.037743,24.4975,2.78618,0.236427,0.551432,55.8924,1.11359e+06,0.131579,0.77738,0.852978,13.5028,14.9,12,60.0046,72.1244,21.6051,23.999,62.4982,13.5028,0.339058,2.2,5.60861e+07,76.9664,62.4982,,1.14879e+12,1.69965e+11,4.01285e+10,23.6099,18.4203,,13.5028,,5.60861e+07,76.9664,4.31674e+07,62.4982
GBR,United Kingdom,1973,,,,75.2926,0.295956,4.76625e+06,0.0378673,24.8745,2.80879,0.256817,0.551432,56.0063,1.18623e+06,0.122873,0.816636,0.877706,13.6953,13.9,11.9,60.1523,72.3244,21.9334,23.8641,62.4406,13.6953,0.193198,2.04,5.61945e+07,77.1098,62.4406,,1.23281e+12,1.92538e+11,4.85628e+10,25.2224,18.2368,,13.6953,,5.61945e+07,77.1098,4.33315e+07,62.4406
GBR,United Kingdom,1974,,,,72.7137,0.306357,4.93689e+06,0.0378033,24.9705,2.83158,0.245864,0.551432,56.0921,1.15676e+06,0.103214,0.830008,0.840948,13.906,13.1,11.9,60.0781,72.5244,22.2604,23.6245,62.4695,13.906,0.0630592,1.92,5.623e+07,77.311,62.4695,,1.2121e+12,2.06131e+11,5.51779e+10,26.7683,20.1248,,13.906,,5.623e+07,77.311,4.3472e+07,62.4695
GBR,United Kingdom,1975,,,,65.0739,0.315193,5.09093e+06,0.0374946,24.9055,2.85456,0.217169,0.551432,56.1523,1.13972e+06,0.0995268,0.830967,0.823299,14.1139,12.4,11.8,59.7494,72.7244,22.5469,23.2881,62.598,14.1139,-0.00742336,1.81,5.62258e+07,77.5494,62.598,,1.2039e+12,2.41757e+11,6.29376e+10,26.0335,22.3999,,14.1139,,5.62258e+07,77.5494,4.36027e+07,62.598
GBR,United Kingdom,1976,,,,61.9052,0.324569,5.24691e+06,0.0371712,24.7782,2.87772,0.232059,0.551432,56.1883,1.17289e+06,0.0993051,0.851116,0.836625,14.2999,12,12.1,59.1494,72.7756,22.7582,22.8661,62.834,14.2999,-0.0246038,1.74,5.6212e+07,77.8041,62.834,,1.23767e+12,2.32615e+11,5.97536e+10,25.6878,22.1422,,14.2999,,5.6212e+07,77.8041,4.37352e+07,62.834
GBR,United Kingdom,1977,,,,58.7882,0.333777,5.38812e+06,0.0370255,24.8199,2.90108,0.227838,0.551432,56.2036,1.20171e+06,0.100285,0.862098,0.839419,14.4872,11.7,11.7,58.405,73.2244,22.9485,22.3835,63.1293,14.4872,-0.0328738,1.69,5.61935e+07,78.0544,63.1293,,1.26692e+12,2.63066e+11,6.41353e+10,24.3799,20.752,,14.4872,,5.61935e+07,78.0544,4.38615e+07,63.1293
GBR,United Kingdom,1978,,,,63.815,0.344246,5.53385e+06,0.037074,24.957,2.92462,0.219562,0.551432,56.2059,1.25224e+06,0.101996,0.890786,0.855946,14.6825,12.2,11.9,57.6622,73.1756,23.1487,21.8908,63.4267,14.6825,0.00535991,1.75,5.61965e+07,78.2797,63.4267,,1.31003e+12,3.35883e+11,8.05429e+10,23.9795,20.2413,,14.6825,,5.61965e+07,78.2797,4.39904e+07,63.4267
GBR,United Kingdom,1979,,,,68.5311,0.354922,5.68226e+06,0.0371558,25.185,2.94835,0.218592,0.551432,56.2051,1.29918e+06,0.100325,0.918612,0.868366,14.8562,13.1,12,56.9221,73.2756,23.3126,21.418,63.7259,14.8562,0.0897287,1.86,5.6247e+07,78.459,63.7259,,1.34602e+12,4.38994e+11,1.05873e+11,24.1173,19.836,,14.8562,,5.6247e+07,78.459,4.41308e+07,63.7259
GBR,United Kingdom,1980,,,,64.4313,0.361869,5.80116e+06,0.0368422,25.0396,2.97228,0.188269,0.551432,56.2092,1.27279e+06,0.0954549,0.945329,0.850097,14.9942,13.4,11.7,56.1772,73.6756,23.4175,20.976,64.0298,14.9942,0.119517,1.9,5.63142e+07,78.5717,64.0298,,1.31669e+12,5.64948e+11,1.31445e+11,23.2668,21.2739,,14.9942,,5.63142e+07,78.5717,4.4247e+07,64.0298
GBR,United Kingdom,1981,,,,57.7768,0.365819,5.87817e+06,0.036141,24.3599,2.99403,0.175829,0.551432,56.2207,1.26276e+06,0.0944806,0.952935,0.858379,15.0721,13,11.7,55.3658,74.0268,23.4169,20.5637,64.3642,15.0721,0.0348217,1.82,5.63338e+07,78.5989,64.3642,,1.29926e+12,5.40766e+11,1.14017e+11,21.0843,21.7148,,15.0721,,5.63338e+07,78.5989,4.42778e+07,64.3642
GBR,United Kingdom,1982,,,,52.3319,0.371858,5.97904e+06,0.0355052,23.909,3.01595,0.195665,0.551432,56.2414,1.28796e+06,0.102459,0.981315,0.875593,15.0626,12.8,11.8,54.3987,74.178,23.2565,20.17,64.7674,15.0626,-0.0358428,1.78,5.63136e+07,78.579,64.7674,,1.32645e+12,5.15049e+11,1.08609e+11,21.087,21.5846,,15.0626,,5.63136e+07,78.579,4.42507e+07,64.7674
GBR,United Kingdom,1983,,,,57.085,0.379733,6.09906e+06,0.035012,23.7306,3.03803,0.20918,0.551432,56.2768,1.34233e+06,0.109567,0.984531,0.905799,14.9719,12.8,11.7,53.3483,74.378,22.9591,19.8171,65.211,14.9719,0.0341014,1.77,5.63328e+07,78.5365,65.211,,1.37453e+12,4.89618e+11,1.02422e+11,20.9188,21.3591,,14.9719,,5.63328e+07,78.5365,4.42419e+07,65.211
GBR,United Kingdom,1984,,,,57.1714,0.391131,6.25694e+06,0.0347194,24.2294,3.06027,0.223528,0.551432,56.3329,1.37279e+06,0.110162,0.945047,0.898326,14.9542,12.9,11.4,52.5938,74.778,22.8191,19.5124,65.5335,14.9542,0.158262,1.77,5.64221e+07,78.4776,65.5335,,1.41124e+12,4.61487e+11,1.02259e+11,22.1586,21.0614,,14.9542,,5.64221e+07,78.4776,4.42787e+07,65.5335
GBR,United Kingdom,1985,,,,55.0903,0.404268,6.42602e+06,0.0346406,24.5027,3.08267,0.225874,0.551432,56.4136,1.42973e+06,0.112467,0.937661,0.911789,15.1147,13.3,11.9,52.3774,74.6293,23.0315,19.2587,65.6265,15.1147,0.226951,1.79,5.65503e+07,78.4081,65.6265,,1.46204e+12,4.89285e+11,1.08488e+11,22.1728,20.2758,,15.1147,,5.65503e+07,78.4081,4.434e+07,65.6265
GBR,United Kingdom,1986,,,,59.1625,0.417103,6.59632e+06,0.0345315,24.627,3.10524,0.229183,0.551432,56.5225,1.47477e+06,0.113245,0.909849,0.922682,15.3125,13.3,11.7,52.3819,74.9293,23.3335,19.0629,65.6246,15.3125,0.23161,1.78,5.66814e+07,78.3339,65.6246,,1.5207e+12,6.01453e+11,1.32279e+11,21.9932,20.2483,,15.3125,,5.66814e+07,78.3339,4.44007e+07,65.6246
GBR,United Kingdom,1987,,,70.6952,64.2411,0.432688,6.80659e+06,0.0343728,25.0955,3.12797,0.241847,0.551432,56.6583,1.5543e+06,0.116808,0.9131,0.941441,15.4562,13.7,11.3,52.3698,75.2805,23.5506,18.914,65.6298,15.4562,0.212637,1.81,5.6802e+07,78.261,65.6298,,1.59008e+12,7.45163e+11,1.70288e+11,22.8525,19.542,,15.4562,,5.6802e+07,78.261,4.44539e+07,65.6298
GBR,United Kingdom,1988,,,81.7791,76.1762,0.453989,7.08794e+06,0.0343679,25.9118,3.15087,0.275621,0.550357,56.8128,1.6434e+06,0.118446,0.892771,0.951145,15.6504,13.8,11.4,52.8775,75.3805,23.9259,18.9377,65.4119,15.6504,0.222064,1.82,5.69283e+07,78.1953,65.4119,,1.67009e+12,9.10123e+11,2.2597e+11,24.8285,18.7633,,15.6504,,5.69283e+07,78.1953,4.45153e+07,65.4119
GBR,United Kingdom,1989,,,88.0533,83.6351,0.478261,7.3908e+06,0.0345542,26.5854,3.17393,0.276327,0.556725,56.9743,1.68576e+06,0.110202,0.857812,0.934875,15.8123,13.6,11.5,53.5414,75.5829,24.2784,19.0587,65.129,15.8123,0.260311,1.79,5.70767e+07,78.1427,65.129,,1.70819e+12,9.26885e+11,2.4079e+11,25.9785,18.3407,,15.8123,,5.70767e+07,78.1427,4.46013e+07,65.129
GBR,United Kingdom,1990,,,77.9917,74.2399,0.501647,7.64722e+06,0.035088,26.7035,3.19717,0.25197,0.575844,57.1344,1.69812e+06,0.0993035,0.850884,0.920074,15.8723,13.9,11.2,53.8911,75.8805,24.4261,19.1466,64.981,15.8723,0.298931,1.83,5.72476e+07,78.1092,64.981,1.27441,1.7215e+12,1.09317e+12,2.62543e+11,24.0167,18.5428,27.6255,15.8723,68.6998,5.72476e+07,78.1092,4.47156e+07,64.981
GBR,United Kingdom,1991,,,70.1963,65.5557,0.517889,7.83537e+06,0.035698,25.9898,3.22711,0.238897,0.582013,57.2908,1.67939e+06,0.105954,0.845234,0.914806,15.9256,13.8,11.3,54.3376,76.0829,24.5791,19.2814,64.793,15.9256,0.309248,1.82,5.74249e+07,78.1021,64.793,1.25016,1.69925e+12,1.1428e+12,2.41474e+11,21.1301,19.3977,26.9181,15.9256,68.8976,5.74249e+07,78.1021,4.485e+07,64.793
GBR,United Kingdom,1992,,,62.9559,58.0433,0.532458,8.02769e+06,0.0360234,25.3715,3.25734,0.252833,0.57982,57.446,1.68613e+06,0.121427,0.819518,0.9176,15.9641,13.6,11,54.7772,76.4341,24.7088,19.4269,64.609,15.9641,0.270431,1.79,5.75804e+07,78.1549,64.609,1.23987,1.72126e+12,1.17966e+12,2.32744e+11,19.7298,19.8756,26.5251,15.9641,69.8492,5.75804e+07,78.1549,4.50019e+07,64.609
GBR,United Kingdom,1993,,,58.4387,53.167,0.546444,8.21969e+06,0.0361716,25.1438,3.28785,0.26057,0.563875,57.6023,1.72811e+06,0.138063,0.834378,0.931148,15.9764,13.2,11.4,55.0512,76.3854,24.7716,19.5288,64.4948,15.9764,0.239745,1.76,5.77186e+07,78.2748,64.4948,1.25089,1.78134e+12,1.06139e+12,2.00042e+11,18.8472,19.185,25.9404,15.9764,70.7442,5.77186e+07,78.2748,4.51791e+07,64.4948
GBR,United Kingdom,1994,,,58.0872,51.7808,0.5642,8.45218e+06,0.036265,25.3506,3.31865,0.273138,0.549946,57.7634,1.79457e+06,0.152113,0.832037,0.94096,15.982,13,10.8,55.1221,76.8854,24.7916,19.5527,64.4653,15.982,0.254586,1.74,5.78657e+07,78.4474,64.4653,1.29314,1.86957e+12,1.14049e+12,2.19907e+11,19.2818,18.833,26.4692,15.982,70.7421,5.78657e+07,78.4474,4.53942e+07,64.4653
GBR,United Kingdom,1995,,,55.3005,49.5696,0.582493,8.69344e+06,0.0363738,25.6698,3.34974,0.256563,0.544222,57.9325,1.84001e+06,0.166605,0.863715,0.939039,15.9941,12.6,11.1,55.0068,76.8366,24.792,19.4926,64.5133,15.9941,0.264547,1.71,5.8019e+07,78.6591,64.5133,1.23006,1.93563e+12,1.34909e+12,2.4721e+11,18.3241,16.9803,24.4537,15.9941,65.0369,5.8019e+07,78.6591,4.56372e+07,64.5133
GBR,United Kingdom,1996,,,54.0241,49.1131,0.604429,8.95938e+06,0.0365589,25.9246,3.38112,0.247642,0.533988,58.1136,1.88585e+06,0.168023,0.833255,0.936591,15.9937,12.6,10.9,54.8196,77.0878,24.7613,19.415,64.5913,15.9937,0.254626,1.73,5.8167e+07,78.8961,64.5913,1.0707,1.98625e+12,1.42529e+12,2.68855e+11,18.8632,16.5355,24.5828,15.9937,65.227,5.8167e+07,78.8961,4.58915e+07,64.5913
GBR,United Kingdom,1997,,,56.3006,51.7244,0.622077,9.16301e+06,0.0365788,26.408,3.41279,0.226373,0.550859,58.3073,1.97968e+06,0.141701,0.844277,0.956074,15.978,12.5,10.8,54.6143,77.211,24.7043,19.3449,64.6771,15.978,0.257553,1.72,5.8317e+07,79.1449,64.6771,0.946023,2.08318e+12,1.56932e+12,2.7536e+11,17.5465,15.9568,23.7167,15.978,65.7904,5.8317e+07,79.1449,4.61549e+07,64.6771
GBR,United Kingdom,1998,,,61.5953,55.9721,0.644714,9.40418e+06,0.0365124,26.6909,3.44475,0.228669,0.557235,58.51,2.05308e+06,0.137028,0.864018,0.966408,15.9457,12.3,10.8,54.3484,77.1902,24.612,19.2658,64.7885,15.9457,0.291406,1.71,5.84871e+07,79.3916,64.7885,0.934879,2.1508e+12,1.66082e+12,2.98157e+11,17.9524,15.9709,23.0656,15.9457,66.1561,5.84871e+07,79.3916,4.64339e+07,64.7885
GBR,United Kingdom,1999,,,65.2719,60.2331,0.666232,9.64041e+06,0.0365449,27.067,3.47702,0.219532,0.57968,58.7159,2.12073e+06,0.125138,0.892254,0.973957,15.9046,11.9,10.8,53.9767,77.3902,24.4894,19.1505,64.9449,15.9046,0.333406,1.68,5.86825e+07,79.6226,64.9449,0.856766,2.21413e+12,1.69346e+12,3.03276e+11,17.9087,16.3984,22.5662,15.9046,66.3487,5.86825e+07,79.6226,4.67245e+07,64.9449
GBR,United Kingdom,2000,,,71.1378,67.0817,0.689696,9.89029e+06,0.036579,27.3803,3.50959,0.215191,0.588405,58.9233,2.19509e+06,0.119918,0.931796,0.986972,15.8898,11.5,10.3,53.4315,77.7415,24.3799,18.9346,65.1757,15.8898,0.357301,1.64,5.88925e+07,79.8241,65.1757,0.805153,2.31431e+12,1.6716e+12,3.0468e+11,18.2269,16.5805,22.681,15.8898,66.264,5.88925e+07,79.8241,4.70104e+07,65.1757
GBR,United Kingdom,2001,,,74.0221,70.1948,0.711957,1.01407e+07,0.0366768,27.5957,3.52848,0.203861,0.600841,59.1243,2.25502e+06,0.111564,0.981726,0.992066,15.9091,11.3,10.2,52.8823,77.9927,24.3223,18.6811,65.4098,15.9091,0.384976,1.63,5.91197e+07,79.9838,65.4098,0.758425,2.36964e+12,1.65617e+12,2.99879e+11,18.1068,17.1974,21.7733,15.9091,67.4714,5.91197e+07,79.9838,4.72862e+07,65.4098
GBR,United Kingdom,2002,,,83.8017,79.4113,0.732548,1.03878e+07,0.0367689,27.8036,3.54747,0.208203,0.593017,59.3263,2.30416e+06,0.112704,0.985402,1.00057,15.9315,11.3,10.2,52.4964,78.1439,24.2949,18.4932,65.5753,15.9315,0.423337,1.63,5.93705e+07,80.1146,65.5753,0.899764,2.41014e+12,1.79054e+12,3.2455e+11,18.1259,18.09,21.237,15.9315,67.8785,5.93705e+07,80.1146,4.75644e+07,65.5753
GBR,United Kingdom,2003,,,94.1892,90.5504,0.751657,1.06358e+07,0.0368423,28.0601,3.56657,0.209673,0.587607,59.5614,2.3807e+06,0.115195,0.976389,1.0175,15.944,11.7,10.2,52.3573,78.4463,24.2919,18.4208,65.6352,15.944,0.465641,1.7,5.96476e+07,80.2332,65.6352,0.831207,2.48771e+12,2.06123e+12,3.68248e+11,17.8655,18.776,20.8761,15.944,68.3567,5.96476e+07,80.2332,4.78571e+07,65.6352
GBR,United Kingdom,2004,,,101.208,99.0762,0.769363,1.08815e+07,0.0368566,28.3535,3.58576,0.214032,0.597272,59.8728,2.43513e+06,0.11033,0.968484,1.02231,15.9608,11.9,9.7,52.2158,78.7463,24.2948,18.343,65.6962,15.9608,0.568943,1.75,5.99879e+07,80.3423,65.6962,0.741442,2.54558e+12,2.42977e+12,4.3247e+11,17.7988,19.3342,20.2198,15.9608,69.0003,5.99879e+07,80.3423,4.81957e+07,65.6962
GBR,United Kingdom,2005,,,104.668,102.405,0.789128,1.1144e+07,0.036878,28.6726,3.60506,0.223577,0.594801,60.288,2.5071e+06,0.10953,0.973952,1.03046,15.9578,12,9.6,51.8276,79.0488,24.2284,18.178,65.8642,15.9578,0.686611,1.76,6.04012e+07,80.4456,65.8642,0.547159,2.61661e+12,2.55136e+12,4.62564e+11,18.1301,19.5346,20.2645,15.9578,69.2939,6.04012e+07,80.4456,4.85901e+07,65.8642
GBR,United Kingdom,2006,,,108.487,107.104,0.810924,1.14152e+07,0.0369999,29.0011,3.62447,0.222836,0.600103,60.8214,2.57464e+06,0.104031,0.964135,1.03838,15.9312,12.3,9.4,51.4008,79.2488,24.12,18.019,66.0498,15.9312,0.735049,1.82,6.08468e+07,80.5464,66.0498,0.57507,2.67391e+12,2.71956e+12,4.99168e+11,18.3548,19.7129,20.1946,15.9312,69.3451,6.08468e+07,80.5464,4.90099e+07,66.0498
GBR,United Kingdom,2007,,,113.996,114.129,0.833721,1.16981e+07,0.0371731,29.3157,3.64397,0.229279,0.603558,61.4552,2.63541e+06,0.100903,0.948834,1.04036,15.9486,12.6,9.4,51.1562,79.4488,24.1072,17.8947,66.1567,15.9486,0.778666,1.86,6.13225e+07,80.6483,66.1567,0.553318,2.75228e+12,3.1047e+12,5.84298e+11,18.8198,19.5927,19.7229,15.9486,69.7685,6.13225e+07,80.6483,4.94555e+07,66.1567
GBR,United Kingdom,2008,,,106.422,105.567,0.852433,1.1934e+07,0.0373253,29.6633,3.66359,0.222591,0.595151,62.1451,2.62807e+06,0.0976548,0.917631,1.01972,16.0367,12.9,9.4,51.1947,79.6,24.2467,17.8234,66.1399,16.0367,0.787033,1.91,6.1807e+07,80.7548,66.1399,0.669822,2.75092e+12,2.94525e+12,5.42298e+11,18.4126,20.2704,20.0745,16.0367,69.7952,6.1807e+07,80.7548,4.99121e+07,66.1399
GBR,United Kingdom,2009,,,95.2612,94.2943,0.863704,1.20798e+07,0.037369,29.2889,3.68331,0.202764,0.600113,62.8286,2.51995e+06,0.0878806,0.846443,0.984758,16.1802,12.7,9,51.4407,80.0512,24.5034,17.7873,66.0325,16.1802,0.756391,1.89,6.22763e+07,80.8692,66.0325,0.680901,2.62473e+12,2.42936e+12,4.1272e+11,16.9889,21.8398,18.7334,16.1802,71.6962,6.22763e+07,80.8692,5.03623e+07,66.0325
GBR,United Kingdom,2010,,,99.6862,98.3971,0.877792,1.22442e+07,0.0374475,29.4251,3.70313,0.228578,0.599281,63.4598,2.57221e+06,0.0935265,0.830927,0.990949,16.3384,12.9,8.9,51.738,80.4024,24.7915,17.7586,65.9031,16.3384,0.783889,1.92,6.27664e+07,80.9952,65.9031,0.565712,2.68406e+12,2.49674e+12,4.14279e+11,16.5928,21.4326,18.5567,16.3384,71.0022,6.27664e+07,80.9952,5.08377e+07,65.9031
GBR,United Kingdom,2011,,,97.8302,94.5988,0.889253,1.23932e+07,0.0375339,29.6051,3.7109,0.203087,0.596891,64.0219,2.60503e+06,0.0956573,0.84667,0.994721,16.5875,12.8,8.7,52.2814,80.9512,25.2596,17.7447,65.6679,16.5875,0.781507,1.91,6.32588e+07,81.136,65.6679,0.704215,2.70691e+12,2.67559e+12,4.32941e+11,16.1811,20.8042,18.301,16.5875,70.3179,6.32588e+07,81.136,5.13256e+07,65.6679
GBR,United Kingdom,2012,,,95.0023,91.9258,0.901835,1.25499e+07,0.0375751,29.9531,3.71868,0.224143,0.59129,64.5253,2.64229e+06,0.0970105,0.818504,0.989592,16.9733,12.8,8.9,53.2298,80.9049,26.0082,17.7652,65.2615,16.9733,0.712283,1.92,6.3711e+07,81.2906,65.2615,0.624787,2.74828e+12,2.71972e+12,4.42556e+11,16.2722,20.6414,18.2827,16.9733,70.515,6.3711e+07,81.2906,5.1791e+07,65.2615
GBR,United Kingdom,2013,,,94.2703,91.9739,0.915981,1.27246e+07,0.0376942,30.314,3.72647,0.231335,0.595529,64.984,2.70005e+06,0.0935524,0.804619,0.992596,17.3279,12.1,9,54.1548,81.0049,26.7118,17.8022,64.8699,17.3279,0.669537,1.83,6.4139e+07,81.4574,64.8699,0.640891,2.79551e+12,2.79691e+12,4.64135e+11,16.5946,20.0423,18.5927,17.3279,70.061,6.4139e+07,81.4574,5.22459e+07,64.8699
GBR,United Kingdom,2014,,,99.1058,97.0564,0.933825,1.29362e+07,0.0379162,31.0111,3.73428,0.246551,0.58496,65.423,2.77735e+06,0.0996275,0.788842,0.995957,17.5841,12,8.8,54.8439,81.3049,27.2279,17.8347,64.5812,17.5841,0.747136,1.81,6.462e+07,81.6356,64.5812,0.737947,2.88385e+12,3.08536e+12,5.30005e+11,17.1781,19.7332,18.3478,17.5841,70.1537,6.462e+07,81.6356,5.27529e+07,64.5812
GBR,United Kingdom,2015,,,100,100,0.954061,1.31768e+07,0.0382295,31.5069,3.74211,0.257623,0.585075,65.8601,2.84298e+06,0.099165,0.787527,1.00094,17.77,11.9,9.2,55.4016,80.9561,27.6148,17.8806,64.3494,17.77,0.721624,1.8,6.5088e+07,81.8244,64.3494,0.633553,2.94558e+12,2.94558e+12,5.2873e+11,17.95,19.4313,18.1397,17.77,70.4682,6.5088e+07,81.8244,5.32579e+07,64.3494
GBR,United Kingdom,2016,,,105.817,105.174,0.976913,1.34383e+07,0.0386215,31.9385,3.74996,0.249354,0.586205,66.2979,2.89195e+06,0.0984358,0.798853,0.999638,17.9162,11.8,9.1,55.9246,81.1561,27.9358,17.9502,64.1336,17.9162,0.79422,1.79,6.5607e+07,82.023,64.1336,0.590496,3.01057e+12,2.70681e+12,5.02626e+11,18.569,19.0926,17.6678,17.9162,70.9168,6.5607e+07,82.023,5.38128e+07,64.1336
GBR,United Kingdom,2017,,,108.433,108.896,1,1.37063e+07,0.0390554,32.2431,3.75782,0.2515,0.587017,66.7275,2.94228e+06,0.0956489,0.81283,1,18.0734,11.4,9.2,56.48,81.2561,28.2813,18.0206,63.9059,18.0734,0.545706,1.74,6.5966e+07,82.2307,63.9059,0.606135,3.10159e+12,2.69912e+12,5.1196e+11,18.9677,18.5282,17.8215,18.0734,70.8097,6.5966e+07,82.2307,5.42443e+07,63.9059
GBR,United Kingdom,2018,,,108.192,111.893,1.02145,1.3963e+07,0.0394244,32.6317,3.7657,0.248508,0.589645,67.1417,2.97913e+06,0.0934756,0.799332,0.997466,18.2558,11,9.2,57.0044,81.2561,28.6623,18.0518,63.6925,18.2558,0.488451,1.68,6.6289e+07,82.4466,63.6925,0.563098,3.14971e+12,2.89703e+12,5.41458e+11,18.6901,18.3769,18.0024,18.2558,70.7504,6.6289e+07,82.4466,5.4653e+07,63.6925
GBR,United Kingdom,2019,,,105.846,112.206,1.04226,1.42192e+07,0.0397013,32.9825,3.7736,0.246945,0.589645,67.5302,3.0167e+06,0.0921821,0.78714,0.992523,18.458,10.645,9.019,57.431,81.3691,29.0586,18.0222,63.5199,18.458,0.514596,1.632,6.6631e+07,82.6699,63.5199,0.57693,3.18928e+12,2.87571e+12,5.41534e+11,18.8313,18.9347,17.8736,18.458,70.9761,6.6631e+07,82.6699,5.50838e+07,63.5199
GBR,United Kingdom,2020,,,109.422,113.794,,,,,,,,,,,,,18.6058,10.204,10.268,57.6594,80.3318,29.3338,17.9663,63.4279,18.6058,0.169447,1.571,6.6744e+07,82.9,63.4279,0.683761,2.86882e+12,2.724e+12,4.96358e+11,18.2216,22.385,17.4957,18.6058,72.1096,6.6744e+07,82.9,5.53308e+07,63.4279
GBR,United Kingdom,2021,,,113.688,121.035,,,,,,,,,,,,,18.7186,10.241,9.784,57.613,80.6473,29.503,17.8348,63.4466,18.7186,0.358938,1.583,6.6984e+07,82.9886,63.4466,0.69821,3.11391e+12,3.19456e+12,5.92163e+11,18.5366,21.9024,16.9553,18.7186,72.1687,6.6984e+07,82.9886,5.55891e+07,63.4466
GBR,United Kingdom,2022,,,118.492,127.776,,,,,,,,,,,,,18.9303,10.1,9.512,57.6282,81.0112,29.8395,17.6293,63.4404,18.9303,0.921337,1.56,6.7604e+07,83.0754,63.4404,0.681106,3.27427e+12,3.18124e+12,6.04521e+11,19.0027,20.3875,16.8199,18.9303,72.4836,6.7604e+07,83.0754,5.61623e+07,63.4404
GBR,United Kingdom,2023,,,111.57,121.251,,,,,,,,,,,,,19.2381,10.023,9.518,57.8464,81.2381,30.3667,17.4091,63.3527,19.2381,1.30498,1.56,6.8492e+07,83.1602,63.3527,0.648181,3.28316e+12,3.4208e+12,6.46446e+11,18.8975,20.2414,17.6714,19.2381,72.4232,6.8492e+07,83.1602,5.69581e+07,63.3527
GBR,United Kingdom,2024,142.847,109.06,105.756,114.037,,,,,,,,,,,,,19.4998,,,57.94,,30.7979,17.185,63.3152,19.4998,1.06596,,6.9226e+07,83.243,63.3152,,,,,,,,,,,,,
GBR,United Kingdom,2025,,108.634,,,,,,,,,,,,,,,,,,,,,,,,,,,,,,,,,,,,,,,,,
JPN,Japan,1950,,,,,,790521,0.0278246,39.4077,2.29,0.148171,0.620528,84.2743,272826,0.064696,,,,,,,,,,,,,,,,,,,,,,,,,,,,,
JPN,Japan,1951,,,,,,833484,0.0279276,40.3847,2.32252,0.211646,0.620528,85.6407,297235,0.0819866,,,,,,,,,,,,,,,,,,,,,,,,,,,,,
JPN,Japan,1952,,,,,,865192,0.0281924,41.3421,2.3555,0.170439,0.620528,86.9432,333983,0.0786158,,,,,,,,,,,,,,,,,,,,,,,,,,,,,
JPN,Japan,1953,,,,,,893952,0.0283107,42.262,2.38895,0.15734,0.620528,88.146,356372,0.0844693,,,,,,,,,,,,,,,,,,,,,,,,,,,,,
JPN,Japan,1954,,,,,0.0236704,929572,0.0284398,42.802,2.42287,0.167331,0.620528,89.2509,374102,0.0978493,0.422141,0.49199,,,,,,,,,,,,,,,,,,,,,,,,,,,
JPN,Japan,1955,,,,,0.024922,974815,0.0286599,44.1736,2.45728,0.177431,0.620528,90.318,400389,0.104742,0.42148,0.49802,,,,,,,,,,,,,,,,,,,,,,,,,,,
JPN,Japan,1956,,,,,0.0265379,1.03079e+06,0.0290354,45.0485,2.48412,0.195749,0.620528,91.2745,430394,0.0992188,0.423098,0.5052,,,,,,,,,,,,,,,,,,,,,,,,,,,
JPN,Japan,1957,,,,,0.0287558,1.10374e+06,0.0296709,46.2365,2.51126,0.223478,0.620528,92.0757,464033,0.0951091,0.422203,0.512872,,,,,,,,,,,,,,,,,,,,,,,,,,,
JPN,Japan,1958,,,,,0.0307883,1.1739e+06,0.0302898,46.4201,2.53869,0.212449,0.620528,92.9061,492859,0.109305,0.440017,0.522084,,,,,,,,,,,,,,,,,,,,,,,,,,,
JPN,Japan,1959,,,,,0.0334102,1.26152e+06,0.030869,46.8197,2.56432,0.233208,0.620528,93.819,539262,0.111157,0.452687,0.543789,,,,,,,,,,,,,,,,,,,,,,,,,,,
JPN,Japan,1960,6.37323,30.1311,140.209,,0.0373484,1.38797e+06,0.0317623,47.9106,2.58314,0.269494,0.620528,94.6185,609690,0.116205,0.470263,0.575604,5.74264,17.2,7.6,55.2222,67.6956,8.91386,29.8336,64.4238,5.74264,,2,9.3216e+07,63.2581,64.4238,,5.95546e+11,4.74192e+10,,,,,5.74264,,9.3216e+07,63.2581,5.89667e+07,64.4238
JPN,Japan,1961,8.77932,39.0331,163.423,,0.0426124,1.55004e+06,0.0330126,48.5802,2.60401,0.294124,0.620528,95.4749,681957,0.112626,0.482572,0.603718,5.84656,16.9,7.4,53.8153,68.352,8.9929,29.1404,65.0131,5.84656,0.896034,1.96,9.4055e+07,64.2724,65.0131,,6.6727e+11,5.72668e+10,,,,,5.84656,,9.4055e+07,64.2724,6.04514e+07,65.0131
JPN,Japan,1962,10.5794,44.1178,173.908,,0.0480989,1.72035e+06,0.0341672,49.2066,2.62504,0.283033,0.620528,96.3684,740583,0.118835,0.493808,0.622138,5.95342,17,7.5,51.3972,68.6349,9.01331,27.9951,66.0514,5.95342,0.929166,1.98,9.4933e+07,65.2338,66.0514,,7.26717e+11,6.49879e+10,,,,,5.95342,,9.4933e+07,65.2338,6.19284e+07,66.0514
JPN,Japan,1963,12.0341,46.7776,172.87,,0.0540824,1.90907e+06,0.0349478,49.6278,2.64624,0.296414,0.620528,97.354,805661,0.121444,0.502439,0.641912,6.06504,17.3,7,49.0028,69.7124,9.03708,26.8221,67.1128,6.06504,1.01346,2,9.59e+07,66.1447,67.1128,,7.88297e+11,7.43793e+10,,,,,6.06504,,9.59e+07,66.1447,6.34328e+07,67.1128
JPN,Japan,1964,13.7493,51.3499,172.256,,0.0608851,2.13082e+06,0.0354588,50.2759,2.66762,0.311715,0.620528,98.374,895779,0.123649,0.528397,0.672097,6.19075,17.7,6.9,47.0983,70.2066,9.10649,25.8275,67.9818,6.19075,1.04045,2.05,9.6903e+07,67.0206,67.9818,,8.80344e+11,8.74906e+10,,,,,6.19075,,9.6903e+07,67.0206,6.49449e+07,67.9818
JPN,Japan,1965,15.2745,53.4168,171.104,,0.0672196,2.35324e+06,0.0355302,51.0859,2.68916,0.303162,0.620528,99.4362,946597,0.127951,0.531526,0.677521,6.32986,18.6,7.1,45.8072,70.2668,9.22939,25.0864,68.5837,6.32986,1.07671,2.14,9.7952e+07,67.8778,68.5837,,9.31577e+11,9.73381e+10,,,,,6.32986,,9.7952e+07,67.8778,6.64877e+07,68.5837
JPN,Japan,1966,16.3478,54.6461,162.039,,0.074849,2.60791e+06,0.0354215,52.1335,2.71088,0.309414,0.620528,100.349,1.04361e+06,0.12785,0.543653,0.702996,6.50329,13.7,6.8,44.622,70.9159,9.40519,24.3509,69.1458,6.50329,0.91361,1.58,9.8851e+07,68.7176,69.1458,,1.03068e+12,1.13047e+11,,,,,6.50329,,9.8851e+07,68.7176,6.7928e+07,69.1458
JPN,Japan,1967,18.5089,59.5145,162.618,,0.0844715,2.92329e+06,0.0355024,53.138,2.73278,0.332299,0.620528,101.39,1.15928e+06,0.123792,0.564018,0.730557,6.68704,19.4,6.8,43.8421,71.4661,9.61879,23.7923,69.5207,6.68704,1.03458,2.23,9.9879e+07,69.5277,69.5207,,1.14491e+12,1.32476e+11,,,,,6.68704,,9.9879e+07,69.5277,6.94435e+07,69.5207
JPN,Japan,1968,21.7684,66.6171,164.156,,0.096366,3.31089e+06,0.0357017,54.0236,2.75485,0.3542,0.620528,102.532,1.29734e+06,0.126567,0.586261,0.765094,6.82547,18.6,6.8,43.6004,71.611,9.8014,23.5368,69.6377,6.82547,1.127,2.13,1.01011e+08,70.316,69.6377,,1.2924e+12,1.56897e+11,,,,,6.82547,,1.01011e+08,70.316,7.10269e+07,69.6377
JPN,Japan,1969,26.3738,77.4738,174.058,,0.110506,3.76747e+06,0.0359622,54.434,2.7771,0.371417,0.620528,103.75,1.45241e+06,0.126889,0.621544,0.808439,6.95412,18.5,6.8,43.5137,71.858,9.98011,23.3661,69.6798,6.95412,1.18881,2.13,1.02219e+08,71.0929,69.6798,,1.45366e+12,1.84299e+11,,,,,6.95412,,1.02219e+08,71.0929,7.26704e+07,69.6798
JPN,Japan,1970,31.8303,87.2262,182.518,104.125,0.128247,4.30962e+06,0.0363946,55.0172,2.79953,0.406015,0.620528,104.929,1.60175e+06,0.124417,0.646028,0.835234,7.06259,18.8,6.9,43.5146,71.9198,10.1358,23.2581,69.6793,7.06259,1.15164,2.13,1.03403e+08,71.8622,69.6793,,1.45946e+12,2.17224e+11,8.44864e+10,38.8937,10.8774,,7.06259,,1.03403e+08,71.8622,7.43076e+07,69.6793
JPN,Japan,1971,37.0058,94.8744,188.839,111.697,0.145806,4.8483e+06,0.0367428,55.4775,2.81945,0.392054,0.620528,106.427,1.67702e+06,0.116335,0.641755,0.826892,7.19948,19.2,6.6,43.796,72.809,10.3526,23.2576,69.543,7.19948,2.19425,2.16,1.05697e+08,72.7088,69.543,,1.52804e+12,2.45364e+11,9.20408e+10,37.512,11.6367,,7.19948,,1.05697e+08,72.7088,7.6851e+07,69.543
JPN,Japan,1972,43.4281,105.094,193.851,121.279,0.164248,5.42374e+06,0.0368008,55.7903,2.83951,0.399287,0.620528,107.976,1.81812e+06,0.112251,0.653175,0.849529,7.38901,19.3,6.5,44.4969,73.1537,10.6769,23.4054,69.2056,7.38901,1.40078,2.14,1.07188e+08,73.6789,69.2056,,1.65661e+12,3.24934e+11,1.21434e+11,37.372,11.9294,,7.38901,,1.07188e+08,73.6789,7.8975e+07,69.2056
JPN,Japan,1973,57.7152,125.724,211.764,148.541,0.184064,6.05049e+06,0.0367623,57.0627,2.85971,0.420877,0.620528,109.529,1.96416e+06,0.0998243,0.655105,0.866491,7.57013,19.4,6.6,45.2823,73.2951,10.9981,23.5984,68.8315,7.57013,1.40719,2.14,1.08707e+08,74.6314,68.8315,,1.78967e+12,4.41461e+11,1.75968e+11,39.8604,12.137,,7.57013,,1.08707e+08,74.6314,8.11295e+07,68.8315
JPN,Japan,1974,65.5443,118.41,194.632,157.021,0.20015,6.56377e+06,0.0365372,56.8369,2.88006,0.414737,0.620528,111.023,1.94009e+06,0.0814229,0.661063,0.84208,7.74203,18.6,6.5,45.9736,73.6722,11.3013,23.7524,68.5056,7.74203,1.32958,2.05,1.10162e+08,75.4106,68.5056,,1.76775e+12,4.90036e+11,1.86706e+11,38.1004,13.3345,,7.74203,,1.10162e+08,75.4106,8.30738e+07,68.5056
JPN,Japan,1975,62.9458,101.876,164.316,137.673,0.214801,7.05096e+06,0.0361165,56.6814,2.90055,0.385766,0.620528,112.413,2.00007e+06,0.0812851,0.6833,0.850183,7.92142,17.1,6.3,46.5557,74.2471,11.6093,23.8451,68.2335,7.92142,1.27271,1.91,1.11573e+08,75.8511,68.2335,,1.8224e+12,5.32861e+11,1.89416e+11,35.5469,14.6811,,7.92142,,1.11573e+08,75.8511,8.46294e+07,68.2335
JPN,Japan,1976,64.4554,95.0078,150.055,127.981,0.229603,7.54659e+06,0.0356924,57.1729,2.92119,0.381628,0.620528,113.679,2.07958e+06,0.0825108,0.682004,0.846507,8.13012,16.3,6.3,47.0752,74.6866,11.9574,23.8775,67.9924,8.13012,1.07156,1.85,1.12775e+08,75.9718,67.9924,,1.89484e+12,5.98884e+11,2.04568e+11,34.1583,14.4136,,8.13012,,1.12775e+08,75.9718,8.56773e+07,67.9924
JPN,Japan,1977,67.2428,92.188,144.405,121.114,0.245096,8.034e+06,0.0353489,57.8801,2.94198,0.375166,0.620528,114.828,2.17088e+06,0.0806888,0.688027,0.85007,8.35865,15.5,6.1,47.5374,75.2559,12.3321,23.8619,67.7794,8.35865,0.968033,1.8,1.13872e+08,76.0333,67.7794,,1.97803e+12,7.37069e+11,2.43491e+11,33.035,14.3731,,8.35865,,1.13872e+08,76.0333,8.65807e+07,67.7794
JPN,Japan,1978,71.0187,93.052,141.399,118.2,0.263561,8.56668e+06,0.0351437,58.4457,2.96291,0.385771,0.620528,115.879,2.28532e+06,0.080802,0.692308,0.860491,8.59846,14.9,6.1,47.9159,75.5846,12.7185,23.7956,67.606,8.59846,0.910031,1.79,1.14913e+08,76.0765,67.606,,2.08231e+12,1.03561e+12,3.4489e+11,33.303,14.1322,,8.59846,,1.14913e+08,76.0765,8.74217e+07,67.606
JPN,Japan,1979,77.735,98.2961,146.963,122.795,0.283858,9.12058e+06,0.035127,59.0479,2.98399,0.398253,0.620528,116.867,2.41065e+06,0.0739331,0.69781,0.871804,8.83812,14.2,6,48.1485,76.1088,13.0935,23.6621,67.4998,8.83812,0.846615,1.77,1.1589e+08,76.1172,67.4998,,2.1965e+12,1.07791e+12,3.73963e+11,34.6934,14.1832,,8.83812,,1.1589e+08,76.1172,8.82122e+07,67.4998
JPN,Japan,1980,87.9355,103.429,155.344,133.09,0.303903,9.61328e+06,0.0352382,59.469,3.00522,0.388564,0.620528,117.817,2.47857e+06,0.0632904,0.727132,0.865474,9.06873,13.6,6.2,48.1526,75.989,13.4356,23.4333,67.498,9.06873,0.788153,1.75,1.16807e+08,76.1724,67.498,,2.25839e+12,1.12938e+12,3.9053e+11,34.5792,14.3505,,9.06873,,1.16807e+08,76.1724,8.89747e+07,67.498
JPN,Japan,1981,97.5658,109.772,160.822,140.971,0.323335,1.00997e+07,0.035365,59.9564,3.02206,0.374599,0.61841,118.733,2.58291e+06,0.0645714,0.717611,0.874748,9.30251,13,6.1,48.3387,76.3949,13.7992,23.2842,67.4133,9.30251,0.728461,1.74,1.17661e+08,76.2503,67.4133,,2.35461e+12,1.24522e+12,4.17301e+11,33.5122,14.3721,,9.30251,,1.17661e+08,76.2503,8.97169e+07,67.4133
JPN,Japan,1982,105.202,115.34,164.917,145.995,0.341395,1.05605e+07,0.0354522,60.4757,3.039,0.357514,0.622449,119.605,2.66846e+06,0.0621515,0.729175,0.877554,9.54044,12.8,6,48.3707,76.8737,14.1552,23.0608,67.3988,9.54044,0.693656,1.77,1.1848e+08,76.3475,67.3988,,2.43184e+12,1.15873e+12,3.75161e+11,32.3769,14.4875,,9.54044,,1.1848e+08,76.3475,9.04565e+07,67.3988
JPN,Japan,1983,110.273,118.614,166.07,147.342,0.359535,1.10076e+07,0.0355304,61.3909,3.05603,0.328631,0.62604,120.428,2.76247e+06,0.0616941,0.709862,0.877927,9.75969,12.7,6.2,47.9341,76.922,14.4379,22.6426,67.5977,9.75969,0.695583,1.8,1.19307e+08,76.4573,67.5977,,2.52012e+12,1.27086e+12,3.97414e+11,31.2712,14.5278,,9.75969,,1.19307e+08,76.4573,9.12189e+07,67.5977
JPN,Japan,1984,113.837,119.848,164.234,147.188,0.38017,1.14687e+07,0.035699,61.5946,3.07316,0.31915,0.614821,121.189,2.88684e+06,0.0653628,0.696345,0.889445,10.0342,12.5,6.2,47.5699,77.2912,14.8075,22.2013,67.7645,10.0342,0.648317,1.81,1.20083e+08,76.5744,67.7645,,2.63128e+12,1.34582e+12,4.15315e+11,30.8595,14.3079,,10.0342,,1.20083e+08,76.5744,9.19528e+07,67.7645
JPN,Japan,1985,116.613,120.915,161.169,146.103,0.40151,1.19527e+07,0.0359586,61.912,3.09038,0.321087,0.605987,121.883,3.03792e+06,0.0695374,0.695982,0.91365,10.3509,11.9,6.3,47.1097,77.5605,15.2272,21.6726,67.9765,10.3509,0.625936,1.76,1.20837e+08,76.6931,67.9765,,2.76705e+12,1.42702e+12,4.36528e+11,30.5902,13.9959,,10.3509,,1.20837e+08,76.6931,9.26736e+07,67.9765
JPN,Japan,1986,119.659,123.564,161.149,146.29,0.423757,1.2473e+07,0.0362414,62.1682,3.1077,0.319575,0.596799,122.509,3.13898e+06,0.0740019,0.707957,0.918123,10.6415,11.4,6.2,46.3623,78.0105,15.5752,21.0349,68.3236,10.6415,0.532357,1.72,1.21482e+08,76.8134,68.3236,,2.85819e+12,2.12008e+12,6.49491e+11,30.6352,13.9203,,10.6415,,1.21482e+08,76.8134,9.33145e+07,68.3236
JPN,Japan,1987,128.611,132.426,169.609,152.399,0.449252,1.30662e+07,0.0365494,62.3938,3.12512,0.329193,0.588817,123.073,3.28747e+06,0.0761992,0.715552,0.932383,10.9588,11.1,6.2,45.5113,78.4295,15.9464,20.318,68.7232,10.9588,0.482035,1.69,1.22069e+08,76.9403,68.7232,,2.99107e+12,2.58075e+12,8.21e+11,31.8125,13.8581,,10.9588,,1.22069e+08,76.9403,9.39202e+07,68.7232
JPN,Japan,1988,136.128,139.584,169.656,157.12,0.480374,1.37675e+07,0.0370234,63.111,3.14264,0.352313,0.579881,123.585,3.51053e+06,0.0793121,0.735956,0.959676,11.3077,10.8,6.5,44.6175,78.3498,16.3529,19.5444,69.1479,11.3077,0.41611,1.66,1.22578e+08,77.0721,69.1479,,3.19032e+12,3.12572e+12,1.04487e+12,33.428,13.47,,11.3077,,1.22578e+08,77.0721,9.44735e+07,69.1479
JPN,Japan,1989,146.741,147.454,171.579,164.432,0.514548,1.45136e+07,0.0376943,64.0284,3.16025,0.360706,0.577071,124.059,3.68107e+06,0.0778644,0.742651,0.971472,11.7087,10.2,6.4,43.807,78.7685,16.8379,18.7537,69.5376,11.7087,0.399761,1.57,1.23069e+08,77.2064,69.5376,,3.34747e+12,3.10946e+12,1.06338e+12,34.1982,13.3367,,11.7087,,1.23069e+08,77.2064,9.50171e+07,69.5376
JPN,Japan,1990,166.726,163.342,181.066,182.1,0.550038,1.53002e+07,0.0384013,65.104,3.17796,0.363598,0.573507,124.505,3.86117e+06,0.0764062,0.743382,0.987051,12.1592,10,6.7,43.2259,78.8371,17.4152,18.021,69.8198,12.1592,0.331783,1.54,1.23478e+08,77.3404,69.8198,,3.50952e+12,3.1859e+12,1.11367e+12,34.9562,13.3193,,12.1592,,1.23478e+08,77.3404,9.54984e+07,69.8198
JPN,Japan,1991,173.878,165.777,177.134,185.251,0.585403,1.60785e+07,0.0390586,66.3909,3.19438,0.364028,0.583021,124.93,3.99313e+06,0.0715677,0.754417,0.985164,12.6427,9.9,6.7,42.9361,79.0368,18.0709,17.396,69.9613,12.6427,0.39282,1.53,1.23964e+08,77.4745,69.9613,,3.63317e+12,3.64807e+12,1.26392e+12,34.6464,13.3603,,12.6427,,1.23964e+08,77.4745,9.60405e+07,69.9613
JPN,Japan,1992,167.196,156.729,166.377,173.298,0.61704,1.67789e+07,0.0395759,67.1181,3.21089,0.352755,0.591112,125.331,4.02699e+06,0.066232,0.732332,0.976979,13.1461,9.8,6.9,42.8883,79.0802,18.7842,16.8692,69.9847,13.1461,0.371192,1.5,1.24425e+08,77.6108,69.9847,,3.66589e+12,3.9807e+12,1.32659e+12,33.3255,13.7426,,13.1461,,1.24425e+08,77.6108,9.65672e+07,69.9847
JPN,Japan,1993,160.042,148.467,157.78,161.731,0.641273,1.73738e+07,0.0398222,67.3561,3.22748,0.345091,0.595815,125.707,4.00614e+06,0.0616547,0.735161,0.962221,13.6451,9.6,7.1,42.9463,79.3037,19.5052,16.3985,69.9563,13.6451,0.324168,1.46,1.24829e+08,77.748,69.9563,,3.64906e+12,4.53694e+12,1.43751e+12,31.6846,14.3484,,13.6451,,1.24829e+08,77.748,9.70521e+07,69.9563
JPN,Japan,1994,156.316,144.255,152.118,154.66,0.661886,1.79146e+07,0.039845,67.4304,3.24415,0.331969,0.603956,126.053,4.04592e+06,0.058323,0.733161,0.961257,14.1472,10,7.1,43.135,79.6968,20.2496,15.9887,69.8641,14.1472,0.279192,1.5,1.25178e+08,77.8843,69.8641,1.89211,3.68859e+12,4.9988e+12,1.5307e+12,30.6213,14.7483,34.5539,14.1472,62.9317,1.25178e+08,77.8843,9.74941e+07,69.8641
JPN,Japan,1995,153.823,142.439,148.741,149.378,0.687249,1.84782e+07,0.0398547,67.6576,3.26092,0.335133,0.598764,126.365,4.15687e+06,0.0595572,0.74379,0.967191,14.6601,9.6,7.4,43.4666,79.5361,21.0323,15.6373,69.7026,14.6601,0.23459,1.42,1.25472e+08,78.0191,69.7026,1.64503,3.78564e+12,5.54556e+12,1.69727e+12,30.6059,15.0797,34.3164,14.6601,63.2129,1.25472e+08,78.0191,9.78921e+07,69.7026
JPN,Japan,1996,150.985,139.56,146.172,144.885,0.7194,1.91001e+07,0.039957,67.7259,3.27777,0.349309,0.589143,126.644,4.28573e+06,0.0613024,0.746511,0.974287,15.2015,9.7,7.2,43.9521,80.2198,21.8828,15.331,69.4676,15.2015,0.226885,1.43,1.25757e+08,78.1374,69.4676,1.65353,3.90427e+12,4.92339e+12,1.55459e+12,31.5757,15.1459,34.286,15.2015,63.1778,1.25757e+08,78.1374,9.82633e+07,69.4676
JPN,Japan,1997,148.872,135.941,141.136,141.674,0.750685,1.96562e+07,0.0401484,68.1843,3.2947,0.337945,0.595524,126.893,4.33185e+06,0.0574227,0.747185,0.969362,15.7648,9.5,7.3,44.5677,80.4241,22.7908,15.0634,69.1718,15.7648,0.238271,1.39,1.26057e+08,78.2319,69.1718,1.52791,3.94258e+12,4.49245e+12,1.37396e+12,30.5837,15.3019,33.9287,15.7648,64.1725,1.26057e+08,78.2319,9.86168e+07,69.1718
JPN,Japan,1998,146.358,133.579,138.304,139.511,0.776962,2.01312e+07,0.0403387,67.3422,3.31173,0.322207,0.596609,127.117,4.28296e+06,0.0553033,0.735302,0.955534,16.3197,9.6,7.5,45.2102,80.5015,23.6979,14.8146,68.8657,16.3197,0.27173,1.38,1.264e+08,78.3266,68.8657,1.60329,3.8925e+12,4.09836e+12,1.20011e+12,29.2826,15.6654,33.377,16.3197,64.9041,1.264e+08,78.3266,9.90049e+07,68.8657
JPN,Japan,1999,141.774,130.213,135.885,135.474,0.802568,2.05696e+07,0.0404679,66.4234,3.32884,0.30658,0.591832,127.326,4.27217e+06,0.0546162,0.728718,0.950205,16.8686,9.4,7.8,45.8792,80.461,24.6077,14.5816,68.5499,16.8686,0.182586,1.34,1.26631e+08,78.4483,68.5499,1.57606,3.8795e+12,4.63598e+12,1.33989e+12,28.9021,16.2168,32.8723,16.8686,65.8128,1.26631e+08,78.4483,9.93399e+07,68.5499
JPN,Japan,2000,136.441,126.505,132.367,130.46,0.826871,2.09856e+07,0.0406096,65.9155,3.34604,0.304791,0.581989,127.524,4.39092e+06,0.0565666,0.743472,0.963764,17.4418,9.5,7.7,46.6756,81.0761,25.5829,14.3805,68.1777,17.4418,0.167276,1.36,1.26843e+08,78.6127,68.1777,1.51788,3.98676e+12,4.96836e+12,1.41534e+12,28.4871,16.5492,32.5136,17.4418,66.0206,1.26843e+08,78.6127,9.97147e+07,68.1777
JPN,Japan,2001,130.429,122.594,131.429,124.927,0.848004,2.13471e+07,0.0407968,65.6163,3.36087,0.300998,0.582155,127.714,4.40877e+06,0.055368,0.744089,0.962248,18.0343,9.3,7.7,47.6059,81.4163,26.6197,14.2177,67.748,18.0343,0.240953,1.33,1.27149e+08,79.1577,67.748,1.36751,4.00215e+12,4.37471e+12,1.21315e+12,27.731,17.229,30.9812,18.0343,67.0663,1.27149e+08,79.1577,1.00648e+08,67.748
JPN,Japan,2002,123.47,117.755,126.101,118.59,0.862729,2.1617e+07,0.0409486,64.8049,3.37576,0.281197,0.569685,127.893,4.41397e+06,0.0573146,0.743577,0.964577,18.5997,9.2,7.8,48.5344,81.6907,27.627,14.0759,67.3245,18.5997,0.232527,1.32,1.27445e+08,80.547,67.3245,1.37649,4.00383e+12,4.18285e+12,1.09843e+12,26.2604,17.7749,30.2226,18.5997,68.3329,1.27445e+08,80.547,1.02653e+08,67.3245
JPN,Japan,2003,115.831,111.594,120.165,111.564,0.876853,2.18603e+07,0.0410673,64.8037,3.39072,0.276551,0.562829,128.058,4.48142e+06,0.0585649,0.735301,0.968944,19.0946,8.9,8,49.3483,81.76,28.5174,13.9478,66.9576,19.0946,0.213981,1.29,1.27718e+08,82.4207,66.9576,1.29903,4.06529e+12,4.51956e+12,1.16213e+12,25.7134,17.8365,30.0789,19.0946,68.7154,1.27718e+08,82.4207,1.05266e+08,66.9576
JPN,Japan,2004,108.767,105.398,111.682,105.145,0.891033,2.20898e+07,0.0412375,65.1968,3.40575,0.273038,0.554207,128.204,4.58022e+06,0.0607507,0.729517,0.975299,19.6216,8.8,8.2,50.2932,82.0302,29.4899,13.8418,66.5366,19.6216,0.0336623,1.29,1.27761e+08,84.3711,66.5366,1.23096,4.15416e+12,4.89312e+12,1.23913e+12,25.3239,17.7234,29.9669,19.6216,68.9897,1.27761e+08,84.3711,1.07793e+08,66.5366
JPN,Japan,2005,103.468,101.113,105.686,100.361,0.907817,2.23396e+07,0.0415196,65.7725,3.42084,0.27248,0.554046,128.326,4.65638e+06,0.0596328,0.736393,0.980173,20.2819,8.4,8.6,51.5939,81.9551,30.7461,13.7524,65.9657,20.2819,0.0093921,1.26,1.27773e+08,85.9574,65.9657,1.11163,4.2291e+12,4.83147e+12,1.2514e+12,25.901,17.7439,29.8717,20.2819,69.474,1.27773e+08,85.9574,1.0983e+08,65.9657
JPN,Japan,2006,100.385,98.1526,101.032,97.4419,0.923914,2.25768e+07,0.0418817,66.2852,3.436,0.26827,0.553896,128.423,4.7225e+06,0.0579713,0.722242,0.977266,20.9785,8.7,8.6,53.0147,82.322,32.1001,13.6683,65.3532,20.9785,0.0633736,1.32,1.27854e+08,87.1461,65.3532,1.0825,4.28714e+12,4.60166e+12,1.19849e+12,26.0447,17.5951,29.6656,20.9785,69.4498,1.27854e+08,87.1461,1.1142e+08,65.3532
JPN,Japan,2007,99.3839,97.4951,99.2535,96.5862,0.93928,2.27727e+07,0.0422692,66.8419,3.45123,0.260385,0.550386,128.494,4.80062e+06,0.0576648,0.720679,0.981992,21.6267,8.6,8.8,54.3702,82.5071,33.3852,13.594,64.7793,21.6267,0.114909,1.34,1.28001e+08,88.2701,64.7793,1.05336,4.35076e+12,4.57975e+12,1.16349e+12,25.4051,17.6343,29.5973,21.6267,69.5604,1.28001e+08,88.2701,1.12987e+08,64.7793
JPN,Japan,2008,99.8732,97.3477,100.279,97.0922,0.950904,2.29041e+07,0.0426333,66.7975,3.46653,0.261899,0.564748,128.539,4.74812e+06,0.0497374,0.708177,0.969656,22.2534,8.7,9.1,55.729,82.5876,34.655,13.5325,64.2141,22.2534,0.0484254,1.37,1.28063e+08,89.2922,64.2141,1.0541,4.29749e+12,5.10668e+12,1.29162e+12,25.2928,18.025,28.783,22.2534,70.2615,1.28063e+08,89.2922,1.1435e+08,64.2141
JPN,Japan,2009,93.9778,93.7816,95.9487,91.7676,0.951225,2.29094e+07,0.0427365,66.0955,3.48189,0.23157,0.574092,128.555,4.49094e+06,0.0445627,0.688128,0.935031,22.7625,8.5,9.1,56.7867,82.9315,35.6885,13.4566,63.7809,22.7625,-0.0124946,1.37,1.28047e+08,90.1131,63.7809,1.08232,4.05283e+12,5.28949e+12,1.24961e+12,23.6243,19.3337,27.1112,22.7625,71.9107,1.28047e+08,90.1131,1.15387e+08,63.7809
JPN,Japan,2010,95.3402,96.5804,97.4205,93.514,0.952493,2.29031e+07,0.0426702,66.0146,3.49732,0.228734,0.5611,128.542,4.67919e+06,0.0501971,0.693341,0.965184,23.098,8.5,9.5,57.4034,82.8427,36.3571,13.3709,63.531,23.098,0.0179605,1.39,1.2807e+08,90.6229,63.531,1.10828,4.21891e+12,5.75907e+12,1.30268e+12,22.6197,19.2026,28.336,23.098,70.5442,1.2807e+08,90.6229,1.16061e+08,63.531
JPN,Japan,2011,95.4195,97.1614,98.0364,93.9268,0.954346,2.29126e+07,0.0426583,66.0097,3.50793,0.240691,0.573453,128.499,4.67379e+06,0.0461073,0.683918,0.962874,23.6527,8.3,9.9,58.5848,82.5912,37.5096,13.2895,63.0578,23.6527,-0.185226,1.39,1.27833e+08,90.8632,63.0578,1.08027,4.21991e+12,6.23315e+12,1.45551e+12,23.3512,19.8854,26.7014,23.6527,71.6911,1.27833e+08,90.8632,1.16153e+08,63.0578
JPN,Japan,2012,94.5883,96.9001,96.6356,93.5277,0.958673,2.29583e+07,0.0427206,65.8345,3.51858,0.249437,0.56987,128.424,4.74367e+06,0.0476884,0.687897,0.971579,24.5127,8.2,10,60.5362,83.0961,39.3517,13.1961,62.2912,24.5127,-0.159711,1.41,1.27629e+08,91.0265,62.2912,1.12285,4.27793e+12,6.27236e+12,1.49117e+12,23.7736,19.9573,26.5626,24.5127,71.7471,1.27629e+08,91.0265,1.16176e+08,62.2912
JPN,Japan,2013,96.1482,98.6581,98.0098,95.4937,0.964913,2.30546e+07,0.0428428,66.2677,3.52925,0.232425,0.562988,128.314,4.83856e+06,0.0493082,0.703336,0.989259,25.4121,8.2,10.1,62.6073,83.332,41.3219,13.0901,61.4979,25.4121,-0.144272,1.43,1.27445e+08,91.1517,61.4979,1.06672,4.3637e+12,5.21233e+12,1.27997e+12,24.5565,19.8544,26.6507,25.4121,71.6208,1.27445e+08,91.1517,1.16168e+08,61.4979
JPN,Japan,2014,97.647,98.2096,99.241,97.3573,0.973469,2.31815e+07,0.0430104,66.6928,3.53996,0.242747,0.564916,128.169,4.85669e+06,0.0484297,0.690875,0.985292,26.2262,8,10.1,64.4653,83.5878,43.133,12.9707,60.8031,26.2262,-0.132694,1.42,1.27276e+08,91.2549,60.8031,0.996606,4.37663e+12,4.89699e+12,1.22839e+12,25.0845,19.9262,27.3136,26.2262,70.884,1.27276e+08,91.2549,1.16146e+08,60.8031
JPN,Japan,2015,100,100,100,100,0.982745,2.33198e+07,0.0432455,66.983,3.5507,0.237356,0.555719,127.985,4.91608e+06,0.0519742,0.699093,0.990737,26.923,8,10.3,66.023,83.7939,44.6984,12.8444,60.2326,26.923,-0.106125,1.45,1.27141e+08,91.3533,60.2326,1.03412,4.44493e+12,4.44493e+12,1.10996e+12,24.9715,19.6177,28.5837,26.923,69.7955,1.27141e+08,91.3533,1.16147e+08,60.2326
JPN,Japan,2016,102.212,102.515,101.61,102.51,0.990286,2.34459e+07,0.0434495,67.621,3.56147,0.238278,0.565454,127.763,4.94174e+06,0.0508071,0.678549,0.988728,27.512,7.8,10.5,67.3228,83.9849,46.0339,12.7232,59.7647,27.512,-0.0511374,1.44,1.27076e+08,91.4541,59.7647,1.12498,4.47844e+12,5.00368e+12,1.23894e+12,24.7607,19.6572,28.6299,27.512,69.8871,1.27076e+08,91.4541,1.16216e+08,59.7647
JPN,Japan,2017,104.802,104.644,103.31,105.404,1,2.36018e+07,0.043642,68.2533,3.57228,0.244637,0.563644,127.503,5.04889e+06,0.0513058,0.676582,1,27.9778,7.6,10.8,68.3095,84.0998,47.0893,12.6078,59.4143,27.9778,-0.0818743,1.43,1.26972e+08,91.5498,59.4143,1.12844,4.55347e+12,4.93084e+12,1.23307e+12,25.0073,19.4118,28.8824,27.9778,69.5358,1.26972e+08,91.5498,1.16243e+08,59.4143
JPN,Japan,2018,106.847,105.917,104.014,107.613,1.00993,2.37564e+07,0.0438899,69.3646,3.58312,0.24585,0.563644,127.202,5.06521e+06,0.0497016,0.656405,0.992901,28.3452,7.4,11,69.023,84.211,47.9099,12.4912,59.1636,28.3452,-0.12688,1.42,1.26811e+08,91.6377,59.1636,1.04425,4.58276e+12,5.04088e+12,1.27372e+12,25.2678,19.5637,29.014,28.3452,69.4031,1.26811e+08,91.6377,1.16207e+08,59.1636
JPN,Japan,2019,108.552,106.676,104.171,109.339,1.02034,2.3918e+07,0.0441652,69.9767,3.59399,0.24601,0.563644,126.86,5.09925e+06,0.0495212,0.656373,1.00094,28.6288,7,11.2,69.4781,84.3563,48.5195,12.3666,59.0047,28.6288,-0.140465,1.36,1.26633e+08,91.7164,59.0047,1.03895,4.56433e+12,5.11799e+12,1.30752e+12,25.5476,19.9451,28.8041,28.6288,69.6277,1.26633e+08,91.7164,1.16143e+08,59.0047
JPN,Japan,2020,108.631,105.849,99.0261,109.383,,,,,,,,,,,,,28.9182,6.8,11.1,69.8916,84.56,49.1295,12.2208,58.8611,28.9182,-0.294195,1.33,1.26261e+08,91.781,58.8611,1.06638,4.37406e+12,5.05407e+12,1.28736e+12,25.4717,20.9757,29.0568,28.9182,69.4747,1.26261e+08,91.781,1.15884e+08,58.8611
JPN,Japan,2021,115.108,111.06,107.235,116.02,,,,,,,,,,,,,29.217,6.6,11.7,70.257,84.4456,49.744,12.0483,58.7347,29.217,-0.459952,1.3,1.25682e+08,91.8741,58.7347,1.01042,4.49201e+12,5.03915e+12,1.28774e+12,25.5546,21.2458,29.2192,29.217,69.0186,1.25682e+08,91.8741,1.15469e+08,58.7347
JPN,Japan,2022,124.764,116.513,112.786,125.678,,,,,,,,,,,,,29.4026,6.3,12.9,70.2463,83.9963,50.0569,11.8589,58.7384,29.4026,-0.443852,1.26,1.25125e+08,91.9777,58.7384,0.921881,4.53432e+12,4.26246e+12,1.1194e+12,26.2618,21.5664,27.7174,29.4026,70.3587,1.25125e+08,91.9777,1.15087e+08,58.7384
JPN,Japan,2023,128.534,116.071,115.155,129.39,,,,,,,,,,,,,29.5618,6,13,70.1001,84.0412,50.2847,11.6493,58.7889,29.5618,-0.487371,1.2,1.24517e+08,92.0827,58.7889,0.937453,4.6012e+12,4.21317e+12,1.09593e+12,26.0121,,28.6022,29.5618,69.7728,1.24517e+08,92.0827,1.14658e+08,58.7889
JPN,Japan,2024,132.147,116.371,113.862,132.585,,,,,,,,,,,,,29.7808,,,70.1168,,50.6621,11.4361,58.7831,29.7808,-0.435652,,1.23975e+08,92.1902,58.7831,,,,,,,,,,,,,
JPN,Japan,2025,137.188,117.663,,,,,,,,,,,,,,,,,,,,,,,,,,,,,,,,,,,,,,,,,
USA,United States,1950,,,,,,1.05633e+07,0.0323367,62.8144,2.58321,0.231182,0.628363,155.584,2.46659e+06,0.0821677,,,,,,,,,,,,,,,,,,,,,,,,,,,,,
USA,United States,1951,,,,,,1.08984e+07,0.0322504,65.0926,2.596,0.242349,0.633732,158.248,2.66537e+06,0.0827126,,,,,,,,,,,,,,,,,,,,,,,,,,,,,
USA,United States,1952,,,,,,1.12589e+07,0.0322578,65.8844,2.60885,0.235049,0.644852,160.981,2.7739e+06,0.0787463,,,,,,,,,,,,,,,,,,,,,,,,,,,,,
USA,United States,1953,,,,,,1.16678e+07,0.0323257,66.8207,2.62176,0.23781,0.644496,163.669,2.90412e+06,0.0807842,,,,,,,,,,,,,,,,,,,,,,,,,,,,,
USA,United States,1954,,,,,0.117049,1.2058e+07,0.0323391,65.5983,2.63474,0.227396,0.637052,166.573,2.88775e+06,0.079875,1,0.65145,,,,,,,,,,,,,,,,,,,,,,,,,,,
USA,United States,1955,,,,,0.121404,1.24961e+07,0.0322649,67.4969,2.64778,0.23978,0.626844,169.541,3.09341e+06,0.0873688,1,0.672531,,,,,,,,,,,,,,,,,,,,,,,,,,,
USA,United States,1956,,,,,0.125785,1.29301e+07,0.0322403,69.1297,2.66232,0.240069,0.640428,172.578,3.15936e+06,0.0772744,1,0.668704,,,,,,,,,,,,,,,,,,,,,,,,,,,
USA,United States,1957,,,,,0.130188,1.33538e+07,0.0322712,69.4685,2.67693,0.23498,0.638685,175.726,3.22589e+06,0.0761729,1,0.675979,,,,,,,,,,,,,,,,,,,,,,,,,,,
USA,United States,1958,,,,,0.133862,1.37372e+07,0.0322421,68.2174,2.69162,0.231615,0.635847,178.687,3.20217e+06,0.0758298,1,0.6772,,,,,,,,,,,,,,,,,,,,,,,,,,,
USA,United States,1959,,,,,0.138598,1.42217e+07,0.0321221,69.7832,2.7064,0.253918,0.629354,181.699,3.42319e+06,0.0826147,1,0.696345,,,,,,,,,,,,,,,,,,,,,,,,,,,
USA,United States,1960,,,,,0.143194,1.46931e+07,0.0320174,70.9569,2.72125,0.243929,0.636742,184.602,3.51094e+06,0.080483,1,0.700093,8.83142,23.7,9.5,66.9354,69.7707,14.7428,31.2652,59.9034,8.83142,,3.654,1.80671e+08,69.9799,59.9034,,3.41453e+12,5.41989e+11,,,,,8.83142,,1.80671e+08,69.9799,1.26433e+08,59.9034
USA,United States,1961,,,,,0.148069,1.51859e+07,0.0319218,71.0067,2.75556,0.235292,0.633703,187.688,3.60062e+06,0.0817769,1,0.706703,8.93225,23.3,9.3,67.6084,70.2707,14.9712,31.4049,59.6629,8.93225,1.65773,3.62,1.83691e+08,70.4456,59.6629,,3.49306e+12,5.6194e+11,,,,,8.93225,,1.83691e+08,70.4456,1.29402e+08,59.6629
USA,United States,1962,,,,,0.153739,1.57396e+07,0.0318608,72.0632,2.79029,0.237818,0.629107,190.597,3.82085e+06,0.0868414,1,0.722349,9.0104,22.4,9.5,67.5087,70.1195,15.0932,31.2912,59.6984,9.0104,1.538,3.461,1.86538e+08,70.9235,59.6984,,3.70614e+12,6.03639e+11,,,,,9.0104,,1.86538e+08,70.9235,1.32299e+08,59.6984
USA,United States,1963,,,,,0.160214,1.6341e+07,0.0318347,73.0743,2.82547,0.24322,0.626385,193.359,3.98721e+06,0.0893353,1,0.732881,9.0736,21.7,9.6,67.1818,69.9171,15.1694,31.1113,59.8151,9.0736,1.43916,3.319,1.89242e+08,71.3978,59.8151,,3.86921e+12,6.37059e+11,,,,,9.0736,,1.89242e+08,71.3978,1.35115e+08,59.8151
USA,United States,1964,,,,,0.167382,1.70026e+07,0.0318375,74.7396,2.86109,0.24612,0.624379,196.064,4.21715e+06,0.0927406,1,0.744386,9.14223,21.1,9.4,66.8777,70.1659,15.2563,30.9336,59.9241,9.14223,1.38905,3.19,1.91889e+08,71.8549,59.9241,,4.09363e+12,6.84145e+11,,,,,9.14223,,1.91889e+08,71.8549,1.37882e+08,59.9241
USA,United States,1965,,,,,0.175825,1.77306e+07,0.0319934,76.5134,2.89715,0.254074,0.61936,198.53,4.49126e+06,0.096515,1,0.756097,9.25782,19.4,9.4,66.561,70.2146,15.4199,30.7041,60.038,9.25782,1.25017,2.913,1.94303e+08,72.2817,60.038,,4.35562e+12,7.41905e+11,,,,,9.25782,,1.94303e+08,72.2817,1.40445e+08,60.038
USA,United States,1966,,,,,0.185656,1.85082e+07,0.0323685,78.8469,2.92837,0.259237,0.622895,200.837,4.78738e+06,0.0969295,1,0.767623,9.36924,18.4,9.5,65.9985,70.2122,15.5528,30.3893,60.2415,9.36924,1.15489,2.721,1.9656e+08,72.6646,60.2415,,4.63873e+12,8.13033e+11,,,,,9.36924,,1.9656e+08,72.6646,1.4283e+08,60.2415
USA,United States,1967,,,,,0.194727,1.92399e+07,0.0327837,80.6634,2.95993,0.246756,0.630079,203.035,4.91873e+06,0.091727,1,0.764242,9.44858,17.8,9.4,65.1174,70.561,15.6012,29.9884,60.563,9.44858,1.08888,2.558,1.98712e+08,72.9904,60.563,,4.7547e+12,8.5962e+11,,,,,9.44858,,1.98712e+08,72.9904,1.45041e+08,60.563
USA,United States,1968,,,,,0.203779,1.99906e+07,0.0331187,82.2697,2.99182,0.243796,0.634226,205.073,5.1602e+06,0.09061,1,0.774372,9.53132,17.6,9.8,64.0798,69.9512,15.639,29.5227,60.946,9.53132,0.998461,2.464,2.00706e+08,73.2456,60.946,,4.98293e+12,9.40225e+11,,,,,9.53132,,2.00706e+08,73.2456,1.47008e+08,60.946
USA,United States,1969,,,,,0.212777,2.07347e+07,0.0333943,84.2337,3.02406,0.244493,0.643875,207.087,5.32227e+06,0.0845563,1,0.769107,9.61605,17.9,9.5,62.9976,70.5073,15.6739,29.0333,61.3506,9.61605,0.977243,2.456,2.02677e+08,73.4168,61.3506,,5.1374e+12,1.01744e+12,,,,,9.61605,,2.02677e+08,73.4168,1.48799e+08,61.3506
USA,United States,1970,11.3575,,127.179,,0.22021,2.1379e+07,0.0335187,84.6969,3.05664,0.232946,0.648986,209.513,5.33299e+06,0.0788108,1,0.764869,9.71855,18.4,9.5,61.9947,70.8073,15.7435,28.551,61.7304,9.71855,1.165,2.48,2.05052e+08,73.4953,61.7304,,5.14853e+12,1.0733e+12,2.17457e+11,20.2606,17.9618,,9.71855,,2.05052e+08,73.4953,1.50703e+08,61.7304
USA,United States,1971,12.2741,,127.58,,0.227214,2.20332e+07,0.0334323,84.7014,3.08989,0.240581,0.637649,211.384,5.50863e+06,0.0806013,1,0.780027,9.81104,17.2,9.3,60.8511,71.1073,15.7812,28.0197,62.1693,9.81104,1.26433,2.266,2.07661e+08,73.533,62.1693,,5.31805e+12,1.16485e+12,2.42887e+11,20.8513,17.9388,,9.81104,,2.07661e+08,73.533,1.52699e+08,62.1693
USA,United States,1972,13.1554,,127.595,,0.235569,2.27801e+07,0.0332815,86.9728,3.12349,0.247797,0.639445,213.27,5.79832e+06,0.0790234,1,0.792261,9.89783,15.6,9.4,59.4066,71.1561,15.7778,27.3695,62.7327,9.89783,1.07052,2.01,2.09896e+08,73.5628,62.7327,,5.59754e+12,1.27911e+12,2.79724e+11,21.8686,17.6293,,9.89783,,2.09896e+08,73.5628,1.54405e+08,62.7327
USA,United States,1973,14.7159,,128.612,,0.245407,2.36066e+07,0.0332928,89.761,3.15746,0.257154,0.640667,215.179,6.12568e+06,0.0779887,1,0.803115,10.0054,14.8,9.3,57.833,71.3561,15.7918,26.6365,63.3581,10.0054,0.954477,1.879,2.11909e+08,73.5855,63.3581,,5.91356e+12,1.42538e+12,3.16688e+11,22.2179,16.7763,,10.0054,,2.11909e+08,73.5855,1.55934e+08,63.3581
USA,United States,1974,16.0617,,129.696,,0.2544,2.43108e+07,0.033455,91.4326,3.19179,0.254861,0.640969,217.115,6.09257e+06,0.0696444,1,0.781339,10.1276,14.8,9.1,56.2993,71.9561,15.8294,25.8925,63.9798,10.1276,0.91366,1.835,2.13854e+08,73.6036,63.9798,,5.8816e+12,1.54524e+12,3.36702e+11,21.7896,17.1627,,10.1276,,2.13854e+08,73.6036,1.57404e+08,63.9798
USA,United States,1975,17.064,,125.442,,0.260702,2.48458e+07,0.0335476,90.2731,3.2265,0.230313,0.625561,219.081,6.08005e+06,0.068825,1,0.782214,10.2713,14.6,8.8,54.8818,72.6049,15.9084,25.1633,64.5654,10.2713,0.985986,1.774,2.15973e+08,73.6194,64.5654,,5.8695e+12,1.6849e+12,3.47912e+11,20.6488,17.6108,,10.2713,,2.15973e+08,73.6194,1.58998e+08,64.5654
USA,United States,1976,18.118,,123.31,,0.26823,2.54795e+07,0.0335504,93.0883,3.25,0.247617,0.62159,221.086,6.40765e+06,0.0721561,1,0.797578,10.4237,14.6,8.8,53.5441,72.8561,16.005,24.4484,65.1279,10.4237,0.95022,1.738,2.18035e+08,73.6354,65.1279,,6.18575e+12,1.87341e+12,3.95754e+11,21.1248,16.788,,10.4237,,2.18035e+08,73.6354,1.60551e+08,65.1279
USA,United States,1977,20.0867,,125.723,,0.277739,2.62533e+07,0.0335867,96.2619,3.27366,0.259473,0.621596,223.136,6.70395e+06,0.0711579,1,0.802897,10.5817,15.1,8.6,52.4039,73.2561,16.1269,23.8032,65.6151,10.5817,1.00577,1.79,2.20239e+08,73.654,65.6151,,6.47179e+12,2.08183e+12,4.67452e+11,22.4539,16.388,,10.5817,,2.20239e+08,73.654,1.62215e+08,65.6151
USA,United States,1978,22.7703,,128.933,,0.290069,2.71749e+07,0.0337017,100.194,3.29749,0.271086,0.622295,225.223,7.07504e+06,0.0700332,1,0.80762,10.7467,15,8.7,51.5007,73.3561,16.2814,23.247,66.0063,10.7467,1.05957,1.76,2.22585e+08,73.6776,66.0063,,6.83002e+12,2.3516e+12,5.58153e+11,23.735,15.7667,,10.7467,,2.22585e+08,73.6776,1.63995e+08,66.0063
USA,United States,1979,25.7924,,133.119,,0.303728,2.81442e+07,0.0339012,102.811,3.3215,0.272758,0.62262,227.339,7.29904e+06,0.0671145,1,0.801628,10.9165,15.6,8.5,50.7892,73.8049,16.4609,22.7657,66.3178,10.9165,1.10358,1.808,2.25055e+08,73.7086,66.3178,,7.04626e+12,2.62733e+12,6.41769e+11,24.4266,15.4036,,10.9165,,2.25055e+08,73.7086,1.65885e+08,66.3178
USA,United States,1980,27.8481,,130.49,,0.31573,2.89522e+07,0.0340615,103.071,3.34568,0.254362,0.624349,229.476,7.2803e+06,0.0617893,1,0.787553,11.0763,15.9,8.8,50.3206,73.6098,16.6499,22.3992,66.5245,11.0763,0.95959,1.8395,2.27225e+08,73.7506,66.5245,,7.02817e+12,2.85731e+12,6.72378e+11,23.5319,15.8768,,11.0763,,2.27225e+08,73.7506,1.6758e+08,66.5245
USA,United States,1981,29.3533,,124.882,,0.327782,2.97383e+07,0.0341602,104.216,3.35477,0.264266,0.614216,231.636,7.46505e+06,0.0642093,1,0.792513,11.2073,15.8,8.6,50.0521,74.0098,16.8168,22.1492,66.6435,11.2073,0.981415,1.812,2.29466e+08,73.814,66.6435,,7.20652e+12,3.20704e+12,7.4876e+11,23.3474,15.8102,,11.2073,,2.29466e+08,73.814,1.69378e+08,66.6435
USA,United States,1982,30.2334,,120.784,,0.337139,3.03684e+07,0.0342255,103.409,3.36388,0.243568,0.616743,233.822,7.33047e+06,0.0596065,1,0.777433,11.3305,15.9,8.5,49.9439,74.361,16.9894,21.9779,66.6916,11.3305,0.953318,1.8275,2.31664e+08,73.9035,66.6916,,7.07658e+12,3.34379e+12,7.52891e+11,22.5161,16.5839,,11.3305,,2.31664e+08,73.9035,1.71208e+08,66.6916
USA,United States,1983,31.3649,,117.339,,0.347873,3.10931e+07,0.0342148,104.779,3.37301,0.249563,0.603852,236.03,7.66649e+06,0.0689464,1,0.79294,11.4595,15.6,8.6,49.9232,74.4634,17.1804,21.8397,66.7008,11.4595,0.914379,1.799,2.33792e+08,74.0163,66.7008,,7.40096e+12,3.63404e+12,8.14433e+11,22.4112,16.3838,,11.4595,,2.33792e+08,74.0163,1.73044e+08,66.7008
USA,United States,1984,32.8287,,111.892,,0.36293,3.20685e+07,0.0342609,109.116,3.38217,0.284844,0.601952,238.257,8.22129e+06,0.0761121,1,0.8103,11.5919,15.6,8.7,49.883,74.5634,17.3743,21.6894,66.7187,11.5919,0.865817,1.8065,2.35825e+08,74.1501,66.7187,,7.93653e+12,4.03761e+12,9.47866e+11,23.4759,15.7204,,11.5919,,2.35825e+08,74.1501,1.74864e+08,66.7187
USA,United States,1985,34.7858,,112.53,,0.378511,3.3127e+07,0.0343973,111.384,3.39136,0.279477,0.602302,240.5,8.56409e+06,0.0786289,1,0.817007,11.72,15.8,8.7,49.7654,74.5634,17.5524,21.509,66.7711,11.72,0.886129,1.844,2.37924e+08,74.3024,66.7711,,8.26745e+12,4.33898e+12,1.0277e+12,23.6853,15.9171,,11.72,,2.37924e+08,74.3024,1.76783e+08,66.7711
USA,United States,1986,37.481,,115.439,,0.393107,3.4182e+07,0.0344828,113.924,3.40006,0.271592,0.607737,242.763,8.86063e+06,0.076886,1,0.825848,11.853,15.6,8.7,49.7054,74.6146,17.7446,21.3491,66.7978,11.853,0.924164,1.8375,2.40133e+08,74.4709,66.7978,,8.55372e+12,4.57963e+12,1.08066e+12,23.5971,16.1146,,11.853,,2.40133e+08,74.4709,1.78829e+08,66.7978
USA,United States,1987,40.4283,,119.564,,0.407222,3.52086e+07,0.0344807,116.886,3.40879,0.269644,0.615973,245.053,9.16717e+06,0.0752343,1,0.826188,11.9902,15.7,8.6,49.8927,74.7659,17.9724,21.2954,66.7144,11.9902,0.893829,1.872,2.42289e+08,74.6535,66.7144,,8.84922e+12,4.85522e+12,1.11966e+12,23.0611,16.0012,,11.9902,,2.42289e+08,74.6535,1.80877e+08,66.7144
USA,United States,1988,42.9984,,117.419,,0.421397,3.62242e+07,0.034489,119.455,3.41753,0.260702,0.620666,247.372,9.55009e+06,0.0758628,1,0.834052,12.1091,16,8.9,50.2833,74.7659,18.1979,21.3499,66.541,12.1091,0.907999,1.934,2.44499e+08,74.8478,66.541,,9.21885e+12,5.23644e+12,1.17688e+12,22.4749,15.6682,,12.1091,,2.44499e+08,74.8478,1.83002e+08,66.541
USA,United States,1989,45.4537,,116.787,,0.436231,3.72421e+07,0.0345681,121.828,3.4263,0.253644,0.611859,249.726,9.90083e+06,0.0808484,1,0.838219,12.2179,16.4,8.8,50.7746,75.0171,18.4215,21.458,66.3241,12.2179,0.944406,2.014,2.46819e+08,75.0514,66.3241,,9.55739e+12,5.64158e+12,1.24244e+12,22.0229,15.6238,,12.2179,,2.46819e+08,75.0514,1.85241e+08,66.3241
USA,United States,1990,46.6307,,113.702,,0.449526,3.81811e+07,0.0346779,123.046,3.4351,0.23812,0.615198,252.12,1.00876e+07,0.0803377,1,0.841929,12.3051,16.7,8.6,51.2385,75.2146,18.61,21.5742,66.1207,12.3051,1.12965,2.081,2.49623e+08,75.2686,66.1207,,9.73764e+12,5.96314e+12,1.26927e+12,21.2853,15.9008,,12.3051,,2.49623e+08,75.2686,1.87888e+08,66.1207
USA,United States,1991,47.0563,,111.595,,0.460626,3.89436e+07,0.0347914,121.567,3.4523,0.226395,0.615099,254.539,1.00766e+07,0.0796059,1,0.839172,12.3519,16.2,8.6,51.6541,75.3659,18.7322,21.7086,65.9395,12.3519,1.33626,2.0625,2.52981e+08,75.543,65.9395,,9.72709e+12,6.15813e+12,1.23883e+12,20.117,16.3176,,12.3519,,2.52981e+08,75.543,1.91109e+08,65.9395
USA,United States,1992,48.2162,,108.304,,0.472995,3.97496e+07,0.0348904,121.797,3.46959,0.230816,0.620048,256.991,1.04316e+07,0.0814005,1,0.860029,12.3867,15.8,8.5,51.9977,75.6171,18.8276,21.8228,65.7905,12.3867,1.38689,2.046,2.56514e+08,75.8943,65.7905,,1.00697e+13,6.52033e+12,1.2928e+12,19.8272,16.0787,,12.3867,,2.56514e+08,75.8943,1.9468e+08,65.7905
USA,United States,1993,49.3714,,107.782,,0.486599,4.06194e+07,0.0350053,123.121,3.48697,0.23718,0.614196,259.532,1.07187e+07,0.0836505,1,0.861171,12.4064,15.4,8.8,52.1603,75.4195,18.8777,21.8734,65.7202,12.4064,1.31868,2.0195,2.59919e+08,76.2998,65.7202,,1.03468e+13,6.85856e+12,1.3779e+12,20.0902,15.6453,,12.4064,,2.59919e+08,76.2998,1.98318e+08,65.7202
USA,United States,1994,51.0027,,107.531,,0.501657,4.15769e+07,0.0351734,125.69,3.50444,0.240278,0.607954,262.241,1.11506e+07,0.0868202,1,0.866267,12.4074,15,8.8,52.1446,75.6195,18.8772,21.8656,65.727,12.4074,1.2263,2.0015,2.63126e+08,76.7406,65.727,,1.07637e+13,7.28724e+12,1.48687e+12,20.4038,15.2061,,12.4074,,2.63126e+08,76.7406,2.01924e+08,65.727
USA,United States,1995,52.308,,106.078,,0.519351,4.25891e+07,0.0354042,127.463,3.52199,0.232514,0.607377,265.164,1.14499e+07,0.0853446,1,0.86463,12.4054,14.6,8.8,51.9691,75.622,18.8523,21.7918,65.8028,12.4054,1.19079,1.978,2.66278e+08,77.1977,65.8028,,1.10526e+13,7.63975e+12,1.594e+12,20.8646,14.9448,,12.4054,,2.66278e+08,77.1977,2.05561e+08,65.8028
USA,United States,1996,53.8197,,105.062,,0.539946,4.37155e+07,0.0356853,129.358,3.53324,0.234648,0.607116,268.335,1.18818e+07,0.0863228,1,0.87231,12.3883,14.4,8.8,51.6754,76.0268,18.79,21.6815,65.9303,12.3883,1.16341,1.976,2.69394e+08,77.6523,65.9303,,1.14696e+13,8.07312e+12,1.72121e+12,21.3203,14.5283,,12.3883,,2.69394e+08,77.6523,2.09191e+08,65.9303
USA,United States,1997,55.3373,,103.884,,0.563955,4.49349e+07,0.0360294,132.363,3.54452,0.244766,0.60961,271.714,1.24103e+07,0.0863231,1,0.880115,12.3542,14.2,8.7,51.2932,76.4293,18.6911,21.5489,66.0968,12.3542,1.20396,1.971,2.72657e+08,78.0856,66.0968,1.33691,1.19797e+13,8.57755e+12,1.85128e+12,21.5828,14.2293,23.1321,12.3542,71.809,2.72657e+08,78.0856,2.12906e+08,66.0968
USA,United States,1998,58.0018,,103.276,,0.591966,4.63038e+07,0.0364725,134.501,3.55584,0.252836,0.623013,275.175,1.29664e+07,0.0815541,1,0.888782,12.3015,14.3,8.6,50.8653,76.5805,18.5587,21.4142,66.2843,12.3015,1.16571,1.999,2.75854e+08,78.4785,66.2843,1.214,1.25168e+13,9.06282e+12,2.01695e+12,22.2553,13.9869,22.6706,12.3015,72.4198,2.75854e+08,78.4785,2.16486e+08,66.2843
USA,United States,1999,61.5201,,105.801,,0.623855,4.77879e+07,0.0370389,136.756,3.56719,0.26109,0.625989,278.548,1.35827e+07,0.0801041,1,0.900982,12.2409,14.2,8.6,50.4451,76.5829,18.4158,21.2897,66.4694,12.2409,1.14834,2.0075,2.7904e+08,78.8123,66.4694,1.15124,1.31161e+13,9.63117e+12,2.19472e+12,22.7877,14.0318,22.5586,12.2409,72.6898,2.7904e+08,78.8123,2.19918e+08,66.4694
USA,United States,2000,65.6225,,106.295,,0.655893,4.93295e+07,0.0376603,138.636,3.57858,0.270757,0.637073,281.711,1.41434e+07,0.0752256,1,0.910176,12.1858,14.4,8.5,50.0358,76.6366,18.2831,21.1634,66.6507,12.1858,1.11277,2.056,2.82162e+08,79.0741,66.6507,1.15056,1.36509e+13,1.02509e+13,2.37271e+12,23.1463,14.024,22.4516,12.1858,72.8184,2.82162e+08,79.0741,2.23117e+08,66.6507
USA,United States,2001,70.1447,,109.315,,0.681237,5.06971e+07,0.0381173,138.647,3.58834,0.260292,0.640337,284.608,1.42846e+07,0.0707707,1,0.911842,12.141,14.1,8.5,49.6385,76.8366,18.1676,21.0313,66.8277,12.141,0.989741,2.0305,2.84969e+08,79.3086,66.8277,1.12926,1.37814e+13,1.05819e+13,2.38501e+12,22.5385,14.5356,21.469,12.141,74.0175,2.84969e+08,79.3086,2.26005e+08,66.8277
USA,United States,2002,75.0575,,112.574,,0.700912,5.18892e+07,0.0383266,138.152,3.59812,0.261554,0.629617,287.279,1.45334e+07,0.0732163,1,0.924098,12.1133,14,8.5,49.2524,76.9366,18.0793,20.8861,67.0006,12.1133,0.927797,2.0205,2.87625e+08,79.5461,67.0006,0.973712,1.40157e+13,1.09291e+13,2.35412e+12,21.5399,15.059,20.6525,12.1133,74.8637,2.87625e+08,79.5461,2.28795e+08,67.0006
USA,United States,2003,80.7853,,116.611,,0.720952,5.31481e+07,0.0383987,138.691,3.60793,0.261934,0.621446,289.816,1.49492e+07,0.0755696,1,0.94185,12.1031,14.1,8.4,48.8749,77.0366,18.0185,20.7264,67.1705,12.1031,0.859482,2.0475,2.90108e+08,79.7773,67.1705,1.12105,1.44076e+13,1.14564e+13,2.47718e+12,21.6226,15.2436,20.7395,12.1031,74.6041,2.90108e+08,79.7773,2.3144e+08,67.1705
USA,United States,2004,88.3954,,121.768,,0.743641,5.45368e+07,0.0384761,140.27,3.61776,0.269539,0.617115,292.355,1.55171e+07,0.0758023,1,0.958233,12.111,14,8.2,48.4979,77.4878,17.9846,20.548,67.341,12.111,0.925484,2.0515,2.92805e+08,79.9961,67.341,1.26548,1.49619e+13,1.22172e+13,2.70339e+12,22.1277,15.1583,20.95,12.111,74.1638,2.92805e+08,79.9961,2.34233e+08,67.341
USA,United States,2005,97.6474,,130.788,,0.76936,5.60488e+07,0.0386557,142.493,3.62762,0.27508,0.605635,294.994,1.60622e+07,0.0762385,1,0.968732,12.1307,14,8.3,48.0957,77.4878,17.9651,20.3454,67.5239,12.1307,0.921713,2.057,2.95517e+08,80.1962,67.5239,1.15051,1.54831e+13,1.30392e+13,2.99049e+12,22.9346,15.0471,21.2063,12.1307,74.0257,2.95517e+08,80.1962,2.36993e+08,67.5239
USA,United States,2006,103.324,,131.329,,0.79723,5.75398e+07,0.0389879,145.094,3.64233,0.269578,0.605511,297.759,1.65208e+07,0.0731376,1,0.96931,12.184,14.3,8.1,47.8033,77.6878,18.0084,20.1585,67.6575,12.184,0.964254,2.108,2.9838e+08,80.3713,67.6575,1.00949,1.59143e+13,1.38156e+13,3.18286e+12,23.0382,15.0045,21.587,12.184,73.7014,2.9838e+08,80.3713,2.39812e+08,67.6575
USA,United States,2007,103.21,,126.424,,0.824255,5.88822e+07,0.0394726,146.396,3.65709,0.253366,0.604004,300.608,1.68308e+07,0.0722449,1,0.967432,12.3101,14.3,8,47.7736,77.9878,18.1911,20.0188,67.6711,12.3101,0.951055,2.12,3.01231e+08,80.5153,67.6711,1.07512,1.62332e+13,1.44742e+13,3.23108e+12,22.323,15.1893,21.4239,12.3101,73.9221,3.01231e+08,80.5153,2.42537e+08,67.6711
USA,United States,2008,94.753,,111.678,,0.845964,5.9952e+07,0.03999,146.229,3.67192,0.237237,0.604089,303.486,1.68078e+07,0.0700141,1,0.961097,12.4867,14,8.1,47.9187,78.039,18.4701,19.9087,67.6047,12.4867,0.945865,2.072,3.04094e+08,80.622,67.6047,1.053,1.62516e+13,1.47699e+13,3.13645e+12,21.2355,15.9341,20.7935,12.4867,74.6195,3.04094e+08,80.622,2.45167e+08,67.6047
USA,United States,2009,89.0651,,105.737,,0.856795,6.04869e+07,0.0402987,141.221,3.68681,0.198955,0.591136,306.308,1.63814e+07,0.0718572,1,0.961388,12.6711,13.5,7.9,48.098,78.3902,18.7656,19.806,67.5229,12.6711,0.876651,2.002,3.06772e+08,80.685,67.5229,0.960286,1.58329e+13,1.44781e+13,2.72334e+12,18.8101,16.8077,19.2685,12.6711,76.5143,3.06772e+08,80.685,2.47519e+08,67.5229
USA,United States,2010,86.4345,,99.5739,,0.870685,6.10353e+07,0.0406054,140.714,3.70175,0.209743,0.588,309.011,1.68014e+07,0.0763466,1,0.977157,12.8448,13,7.995,48.2461,78.5415,19.0419,19.6998,67.4554,12.8448,0.84613,1.931,3.09378e+08,80.6998,67.4554,1.02944,1.62596e+13,1.5049e+13,2.75606e+12,18.3139,16.6858,19.3103,12.8448,76.2772,3.09378e+08,80.6998,2.49668e+08,67.4554
USA,United States,2011,82.6957,,91.454,,0.886129,6.16571e+07,0.0411651,142.147,3.70701,0.212026,0.592656,311.584,1.7062e+07,0.0753899,1,0.975211,13.0663,12.7,8.073,48.5112,78.6415,19.405,19.5987,67.335,13.0663,0.792394,1.8945,3.11839e+08,80.6958,67.335,1.20056,1.6514e+13,1.55997e+13,2.92292e+12,18.737,16.0984,19.4075,13.0663,75.9015,3.11839e+08,80.6958,2.51641e+08,67.335
USA,United States,2012,84.9217,,90.3238,,0.904019,6.24244e+07,0.0418328,144.588,3.71228,0.232764,0.595092,314.044,1.74458e+07,0.0750375,1,0.977662,13.3766,12.6,8.102,48.9935,78.7415,19.9303,19.5064,67.117,13.3766,0.798383,1.8805,3.14339e+08,80.6837,67.117,1.14933,1.6892e+13,1.6254e+13,3.17157e+12,19.5126,15.4758,19.1626,13.3766,76.1638,3.14339e+08,80.6837,2.53621e+08,67.117
USA,United States,2013,90.7668,,97.422,,0.921854,6.32251e+07,0.0424758,145.978,3.71755,0.22881,0.593057,316.401,1.77671e+07,0.075171,1,0.979491,13.7012,12.4,8.215,49.5001,78.7415,20.4833,19.4092,66.8896,13.7012,0.75656,1.8575,3.16726e+08,80.6609,66.8896,1.32108,1.72497e+13,1.68432e+13,3.33468e+12,19.7984,15.0253,19.2416,13.7012,75.8161,3.16726e+08,80.6609,2.55474e+08,66.8896
USA,United States,2014,95.133,,98.1603,,0.941271,6.41185e+07,0.0430611,148.221,3.72283,0.230046,0.594271,318.673,1.82159e+07,0.0735772,1,0.984051,14.0089,12.5,8.237,49.9594,78.8415,21.0077,19.3063,66.6847,14.0089,0.796024,1.8625,3.19258e+08,80.6242,66.6847,1.17207,1.76851e+13,1.75507e+13,3.59552e+12,20.4865,14.5993,19.3315,14.0089,75.8275,3.19258e+08,80.6242,2.57399e+08,66.6847
USA,United States,2015,100,,,100,0.961123,6.50536e+07,0.0436219,150.248,3.72812,0.228047,0.595646,320.878,1.87762e+07,0.0739327,1,0.992893,14.3102,12.4,8.44,50.3803,78.6902,21.5198,19.1917,66.4981,14.3102,0.797905,1.8435,3.21815e+08,80.5708,66.4981,1.03393,1.8206e+13,1.8206e+13,3.77779e+12,20.7502,14.3029,18.5871,14.3102,76.7424,3.21815e+08,80.5708,2.59289e+08,66.4981
USA,United States,2016,105.554,,103.331,,0.980157,6.59713e+07,0.0441369,152.397,3.73341,0.218102,0.593773,323.016,1.90975e+07,0.0743945,1,0.993724,14.6147,12.2,8.493,50.7885,78.539,22.0373,19.0672,66.318,14.6147,0.785625,1.8205,3.24353e+08,80.4977,66.318,0.942645,1.85373e+13,1.86951e+13,3.88889e+12,20.8017,14.1929,18.0422,14.6147,77.4397,3.24353e+08,80.4977,2.61097e+08,66.318
USA,United States,2017,111.992,,105.243,,1,6.69403e+07,0.0446329,154.672,3.73871,0.21985,0.596151,325.085,1.9543e+07,0.0735555,1,1,14.9391,11.8,8.638,51.2358,78.539,22.5933,18.9389,66.1219,14.9391,0.692906,1.7655,3.26609e+08,80.4019,66.1219,0.946869,1.89928e+13,1.94773e+13,4.11642e+12,21.1344,13.9429,18.4354,14.9391,77.0329,3.26609e+08,80.4019,2.62599e+08,66.1219
USA,United States,2018,118.777,,106.282,,1.02297,6.80056e+07,0.0452392,156.676,3.74402,0.223556,0.594326,327.096,2.01286e+07,0.0744686,1,1.00817,15.2915,11.6,8.678,51.6943,78.639,23.1963,18.7865,65.922,15.2915,0.586433,1.7295,3.2853e+08,80.2805,65.922,0.903901,1.95563e+13,2.05331e+13,4.39901e+12,21.424,13.9275,18.6309,15.2915,76.7355,3.2853e+08,80.2805,2.63745e+08,65.922
USA,United States,2019,124.714,,107.251,,1.04605,6.90595e+07,0.0459687,158.3,3.74934,0.221594,0.597091,329.065,2.05636e+07,0.0728715,1,1.0168,15.6729,11.4,8.697,52.1638,78.7878,23.8485,18.6084,65.7187,15.6729,0.515109,1.706,3.30226e+08,80.1305,65.7187,0.838813,2.00616e+13,2.1381e+13,4.59472e+12,21.4897,14.1009,18.2804,15.6729,77.1811,3.30226e+08,80.1305,2.64612e+08,65.7187
USA,United States,2020,134.456,,107.433,,,,,,,,,,,,,,16.0719,10.9,10.27,52.5897,76.9805,24.5241,18.3929,65.5352,16.0719,0.408428,1.6415,3.31578e+08,79.9975,65.5352,0.948847,1.96276e+13,2.10605e+13,4.60987e+12,21.8887,15.0912,17.5084,16.0719,78.1375,3.31578e+08,79.9975,2.65254e+08,65.5352
USA,United States,2021,156.681,,115.903,,,,,,,,,,,,,,16.4738,11,10.4,52.9517,76.3293,25.1969,18.1461,65.3801,16.4738,0.157317,1.664,3.321e+08,80.0075,65.3801,0.959567,2.08161e+13,2.33151e+13,5.03978e+12,21.616,14.4382,17.8847,16.4738,77.5992,3.321e+08,80.0075,2.65705e+08,65.3801
USA,United States,2022,177.574,,131.694,,,,,,,,,,,,,,16.9196,11,9.8,53.3776,77.4341,25.9509,17.8818,65.1986,16.9196,0.575745,1.6565,3.34017e+08,80.0325,65.1986,,2.13391e+13,2.56048e+13,5.55881e+12,21.71,13.943,,16.9196,,3.34017e+08,80.0325,2.67322e+08,65.1986
USA,United States,2023,185.831,,127.306,,,,,,,,,,,,,,17.4318,10.7,9.2,53.9088,78.3854,26.8291,17.5946,64.9735,17.4318,0.831493,1.6165,3.36806e+08,80.0716,64.9735,,2.19553e+13,2.72922e+13,5.92963e+12,21.7265,,,17.4318,,3.36806e+08,80.0716,2.69686e+08,64.9735
USA,United States,2024,195.774,,128.283,,,,,,,,,,,,,,17.9287,,,54.448,,27.6906,17.3246,64.7467,17.9287,0.976422,,3.40111e+08,80.1248,64.7467,,,,,,,,,,,,,
USA,United States,2025,201.433,153.938,,,,,,,,,,,,,,,,,,,,,,,,,,,,,,,,,,,,,,,,,
